ISO-10303-21;
HEADER;
/* Generated by software containing ST-Developer
 * from STEP Tools, Inc. (www.steptools.com) 
 */

FILE_DESCRIPTION(
/* description */ (''),
/* implementation_level */ '2;1');

FILE_NAME(
/* name */ 'radiomaster_x5_gimbal_fit_model.step',
/* time_stamp */ '2026-07-03T02:16:40-06:00',
/* author */ (''),
/* organization */ (''),
/* preprocessor_version */ 'ST-DEVELOPER v20.1',
/* originating_system */ 'Autodesk Translation Framework v15.8.0.0',
/* authorisation */ '');

FILE_SCHEMA (('AUTOMOTIVE_DESIGN { 1 0 10303 214 3 1 1 }'));
ENDSEC;

DATA;
#10=MECHANICAL_DESIGN_GEOMETRIC_PRESENTATION_REPRESENTATION('',(#13,#14,
#15,#16,#17,#18,#19,#20,#21,#22,#23,#24,#25,#26,#27,#28,#29,#30,#31,#32,
#33,#34,#35,#36,#37,#38,#39,#40,#41,#42,#43,#44,#45,#46,#47,#48,#49,#50,
#51,#52,#53,#54,#55,#56,#57,#58,#59),#6685);
#11=SHAPE_REPRESENTATION_RELATIONSHIP('SRR','None',#6692,#12);
#12=ADVANCED_BREP_SHAPE_REPRESENTATION('',(#60,#61,#62,#63,#64,#65,#66,
#67,#68,#69,#70,#71,#72,#73,#74,#75,#76,#77,#78,#79,#80,#81,#82,#83,#84,
#85,#86,#87,#88,#89,#90,#91,#92,#93,#94,#95,#96,#97,#98,#99,#100,#101,#102,
#103,#104,#105,#106),#6684);
#13=STYLED_ITEM('',(#6701),#60);
#14=STYLED_ITEM('',(#6701),#61);
#15=STYLED_ITEM('',(#6701),#62);
#16=STYLED_ITEM('',(#6701),#63);
#17=STYLED_ITEM('',(#6701),#64);
#18=STYLED_ITEM('',(#6701),#65);
#19=STYLED_ITEM('',(#6701),#66);
#20=STYLED_ITEM('',(#6701),#67);
#21=STYLED_ITEM('',(#6701),#68);
#22=STYLED_ITEM('',(#6701),#69);
#23=STYLED_ITEM('',(#6701),#70);
#24=STYLED_ITEM('',(#6701),#71);
#25=STYLED_ITEM('',(#6701),#72);
#26=STYLED_ITEM('',(#6701),#73);
#27=STYLED_ITEM('',(#6701),#74);
#28=STYLED_ITEM('',(#6701),#75);
#29=STYLED_ITEM('',(#6701),#76);
#30=STYLED_ITEM('',(#6701),#77);
#31=STYLED_ITEM('',(#6701),#78);
#32=STYLED_ITEM('',(#6701),#79);
#33=STYLED_ITEM('',(#6701),#80);
#34=STYLED_ITEM('',(#6701),#81);
#35=STYLED_ITEM('',(#6701),#82);
#36=STYLED_ITEM('',(#6701),#83);
#37=STYLED_ITEM('',(#6701),#84);
#38=STYLED_ITEM('',(#6701),#85);
#39=STYLED_ITEM('',(#6701),#86);
#40=STYLED_ITEM('',(#6701),#87);
#41=STYLED_ITEM('',(#6701),#88);
#42=STYLED_ITEM('',(#6701),#89);
#43=STYLED_ITEM('',(#6701),#90);
#44=STYLED_ITEM('',(#6701),#91);
#45=STYLED_ITEM('',(#6701),#92);
#46=STYLED_ITEM('',(#6701),#93);
#47=STYLED_ITEM('',(#6701),#94);
#48=STYLED_ITEM('',(#6701),#95);
#49=STYLED_ITEM('',(#6701),#96);
#50=STYLED_ITEM('',(#6701),#97);
#51=STYLED_ITEM('',(#6701),#98);
#52=STYLED_ITEM('',(#6701),#99);
#53=STYLED_ITEM('',(#6701),#100);
#54=STYLED_ITEM('',(#6701),#101);
#55=STYLED_ITEM('',(#6701),#102);
#56=STYLED_ITEM('',(#6701),#103);
#57=STYLED_ITEM('',(#6701),#104);
#58=STYLED_ITEM('',(#6701),#105);
#59=STYLED_ITEM('',(#6701),#106);
#60=MANIFOLD_SOLID_BREP('front_plate_main_39x35',#4099);
#61=MANIFOLD_SOLID_BREP('right_side_front_bump',#4100);
#62=MANIFOLD_SOLID_BREP('left_side_cable_latch',#4101);
#63=MANIFOLD_SOLID_BREP('raised_screw_boss',#4102);
#64=MANIFOLD_SOLID_BREP('raised_screw_boss (1)',#4103);
#65=MANIFOLD_SOLID_BREP('raised_screw_boss (2)',#4104);
#66=MANIFOLD_SOLID_BREP('raised_screw_boss (3)',#4105);
#67=MANIFOLD_SOLID_BREP('raised_37mm_circular_shroud',#4106);
#68=MANIFOLD_SOLID_BREP('inner_shroud_lip_34p2mm',#4107);
#69=MANIFOLD_SOLID_BREP('rear_recessed_upper_housing',#4108);
#70=MANIFOLD_SOLID_BREP('rear_lower_rocker_tray',#4109);
#71=MANIFOLD_SOLID_BREP('rear_back_spine_plate',#4110);
#72=MANIFOLD_SOLID_BREP('left_rear_side_tower',#4111);
#73=MANIFOLD_SOLID_BREP('right_rear_side_tower',#4112);
#74=MANIFOLD_SOLID_BREP('side_connector_body_upper',#4113);
#75=MANIFOLD_SOLID_BREP('side_connector_socket_void_upper',#4114);
#76=MANIFOLD_SOLID_BREP('side_connector_body_lower',#4115);
#77=MANIFOLD_SOLID_BREP('side_sensor_pcb_plate',#4116);
#78=MANIFOLD_SOLID_BREP('bottom_sensor_pcb',#4117);
#79=MANIFOLD_SOLID_BREP('right_sensor_pcb',#4118);
#80=MANIFOLD_SOLID_BREP('left_side_bearing_ring_outer',#4119);
#81=MANIFOLD_SOLID_BREP('stacked_lower_side_post',#4120);
#82=MANIFOLD_SOLID_BREP('stacked_lower_side_post (1)',#4121);
#83=MANIFOLD_SOLID_BREP('right_metal_retainer',#4122);
#84=MANIFOLD_SOLID_BREP('wire_bundle_reference',#4123);
#85=MANIFOLD_SOLID_BREP('wire_bundle_reference (1)',#4124);
#86=MANIFOLD_SOLID_BREP('wire_bundle_reference (2)',#4125);
#87=MANIFOLD_SOLID_BREP('front_yoke_block',#4126);
#88=MANIFOLD_SOLID_BREP('front_lower_travel_bar',#4127);
#89=MANIFOLD_SOLID_BREP('stick_shaft',#4128);
#90=MANIFOLD_SOLID_BREP('knurled_stick_top_core',#4129);
#91=MANIFOLD_SOLID_BREP('stick_top_knurl_ridge',#4130);
#92=MANIFOLD_SOLID_BREP('stick_top_knurl_ridge (1)',#4131);
#93=MANIFOLD_SOLID_BREP('stick_top_knurl_ridge (2)',#4132);
#94=MANIFOLD_SOLID_BREP('stick_top_knurl_ridge (3)',#4133);
#95=MANIFOLD_SOLID_BREP('stick_top_knurl_ridge (4)',#4134);
#96=MANIFOLD_SOLID_BREP('stick_top_knurl_ridge (5)',#4135);
#97=MANIFOLD_SOLID_BREP('stick_top_knurl_ridge (6)',#4136);
#98=MANIFOLD_SOLID_BREP('stick_top_knurl_ridge (7)',#4137);
#99=MANIFOLD_SOLID_BREP('stick_top_knurl_ridge (8)',#4138);
#100=MANIFOLD_SOLID_BREP('stick_top_knurl_ridge (9)',#4139);
#101=MANIFOLD_SOLID_BREP('stick_top_knurl_ridge (10)',#4140);
#102=MANIFOLD_SOLID_BREP('stick_top_knurl_ridge (11)',#4141);
#103=MANIFOLD_SOLID_BREP('stick_top_knurl_ridge (12)',#4142);
#104=MANIFOLD_SOLID_BREP('stick_top_knurl_ridge (13)',#4143);
#105=MANIFOLD_SOLID_BREP('stick_top_knurl_ridge (14)',#4144);
#106=MANIFOLD_SOLID_BREP('stick_top_knurl_ridge (15)',#4145);
#107=FACE_BOUND('',#646,.T.);
#108=FACE_BOUND('',#647,.T.);
#109=FACE_BOUND('',#648,.T.);
#110=FACE_BOUND('',#649,.T.);
#111=FACE_BOUND('',#651,.T.);
#112=FACE_BOUND('',#652,.T.);
#113=FACE_BOUND('',#653,.T.);
#114=FACE_BOUND('',#654,.T.);
#115=FACE_BOUND('',#674,.T.);
#116=FACE_BOUND('',#676,.T.);
#117=FACE_BOUND('',#680,.T.);
#118=FACE_BOUND('',#682,.T.);
#119=FACE_BOUND('',#686,.T.);
#120=FACE_BOUND('',#688,.T.);
#121=FACE_BOUND('',#692,.T.);
#122=FACE_BOUND('',#694,.T.);
#123=FACE_BOUND('',#701,.T.);
#124=FACE_BOUND('',#703,.T.);
#125=FACE_BOUND('',#710,.T.);
#126=FACE_BOUND('',#712,.T.);
#127=FACE_BOUND('',#782,.T.);
#128=FACE_BOUND('',#784,.T.);
#129=PLANE('',#4171);
#130=PLANE('',#4172);
#131=PLANE('',#4173);
#132=PLANE('',#4174);
#133=PLANE('',#4175);
#134=PLANE('',#4176);
#135=PLANE('',#4177);
#136=PLANE('',#4178);
#137=PLANE('',#4179);
#138=PLANE('',#4180);
#139=PLANE('',#4181);
#140=PLANE('',#4182);
#141=PLANE('',#4183);
#142=PLANE('',#4184);
#143=PLANE('',#4185);
#144=PLANE('',#4186);
#145=PLANE('',#4187);
#146=PLANE('',#4188);
#147=PLANE('',#4195);
#148=PLANE('',#4196);
#149=PLANE('',#4203);
#150=PLANE('',#4204);
#151=PLANE('',#4211);
#152=PLANE('',#4212);
#153=PLANE('',#4219);
#154=PLANE('',#4220);
#155=PLANE('',#4221);
#156=PLANE('',#4222);
#157=PLANE('',#4223);
#158=PLANE('',#4224);
#159=PLANE('',#4228);
#160=PLANE('',#4229);
#161=PLANE('',#4230);
#162=PLANE('',#4231);
#163=PLANE('',#4232);
#164=PLANE('',#4233);
#165=PLANE('',#4237);
#166=PLANE('',#4238);
#167=PLANE('',#4239);
#168=PLANE('',#4240);
#169=PLANE('',#4241);
#170=PLANE('',#4242);
#171=PLANE('',#4243);
#172=PLANE('',#4244);
#173=PLANE('',#4245);
#174=PLANE('',#4246);
#175=PLANE('',#4247);
#176=PLANE('',#4248);
#177=PLANE('',#4249);
#178=PLANE('',#4250);
#179=PLANE('',#4251);
#180=PLANE('',#4252);
#181=PLANE('',#4253);
#182=PLANE('',#4254);
#183=PLANE('',#4255);
#184=PLANE('',#4256);
#185=PLANE('',#4257);
#186=PLANE('',#4258);
#187=PLANE('',#4259);
#188=PLANE('',#4260);
#189=PLANE('',#4261);
#190=PLANE('',#4262);
#191=PLANE('',#4263);
#192=PLANE('',#4264);
#193=PLANE('',#4265);
#194=PLANE('',#4266);
#195=PLANE('',#4267);
#196=PLANE('',#4268);
#197=PLANE('',#4269);
#198=PLANE('',#4270);
#199=PLANE('',#4271);
#200=PLANE('',#4272);
#201=PLANE('',#4273);
#202=PLANE('',#4274);
#203=PLANE('',#4275);
#204=PLANE('',#4276);
#205=PLANE('',#4277);
#206=PLANE('',#4278);
#207=PLANE('',#4279);
#208=PLANE('',#4280);
#209=PLANE('',#4281);
#210=PLANE('',#4282);
#211=PLANE('',#4283);
#212=PLANE('',#4284);
#213=PLANE('',#4285);
#214=PLANE('',#4286);
#215=PLANE('',#4287);
#216=PLANE('',#4288);
#217=PLANE('',#4289);
#218=PLANE('',#4290);
#219=PLANE('',#4291);
#220=PLANE('',#4292);
#221=PLANE('',#4293);
#222=PLANE('',#4294);
#223=PLANE('',#4295);
#224=PLANE('',#4296);
#225=PLANE('',#4297);
#226=PLANE('',#4298);
#227=PLANE('',#4299);
#228=PLANE('',#4300);
#229=PLANE('',#4301);
#230=PLANE('',#4302);
#231=PLANE('',#4303);
#232=PLANE('',#4304);
#233=PLANE('',#4311);
#234=PLANE('',#4312);
#235=PLANE('',#4316);
#236=PLANE('',#4317);
#237=PLANE('',#4321);
#238=PLANE('',#4322);
#239=PLANE('',#4323);
#240=PLANE('',#4324);
#241=PLANE('',#4325);
#242=PLANE('',#4326);
#243=PLANE('',#4327);
#244=PLANE('',#4328);
#245=PLANE('',#4329);
#246=PLANE('',#4330);
#247=PLANE('',#4331);
#248=PLANE('',#4332);
#249=PLANE('',#4333);
#250=PLANE('',#4334);
#251=PLANE('',#4335);
#252=PLANE('',#4336);
#253=PLANE('',#4337);
#254=PLANE('',#4338);
#255=PLANE('',#4339);
#256=PLANE('',#4340);
#257=PLANE('',#4341);
#258=PLANE('',#4342);
#259=PLANE('',#4343);
#260=PLANE('',#4344);
#261=PLANE('',#4345);
#262=PLANE('',#4346);
#263=PLANE('',#4347);
#264=PLANE('',#4348);
#265=PLANE('',#4349);
#266=PLANE('',#4350);
#267=PLANE('',#4351);
#268=PLANE('',#4352);
#269=PLANE('',#4353);
#270=PLANE('',#4354);
#271=PLANE('',#4355);
#272=PLANE('',#4356);
#273=PLANE('',#4357);
#274=PLANE('',#4358);
#275=PLANE('',#4362);
#276=PLANE('',#4363);
#277=PLANE('',#4367);
#278=PLANE('',#4368);
#279=PLANE('',#4369);
#280=PLANE('',#4370);
#281=PLANE('',#4371);
#282=PLANE('',#4372);
#283=PLANE('',#4373);
#284=PLANE('',#4374);
#285=PLANE('',#4375);
#286=PLANE('',#4376);
#287=PLANE('',#4377);
#288=PLANE('',#4378);
#289=PLANE('',#4379);
#290=PLANE('',#4380);
#291=PLANE('',#4381);
#292=PLANE('',#4382);
#293=PLANE('',#4383);
#294=PLANE('',#4384);
#295=PLANE('',#4385);
#296=PLANE('',#4386);
#297=PLANE('',#4387);
#298=PLANE('',#4388);
#299=PLANE('',#4389);
#300=PLANE('',#4390);
#301=PLANE('',#4391);
#302=PLANE('',#4392);
#303=PLANE('',#4393);
#304=PLANE('',#4394);
#305=PLANE('',#4395);
#306=PLANE('',#4396);
#307=PLANE('',#4397);
#308=PLANE('',#4398);
#309=PLANE('',#4399);
#310=PLANE('',#4400);
#311=PLANE('',#4401);
#312=PLANE('',#4402);
#313=PLANE('',#4403);
#314=PLANE('',#4404);
#315=PLANE('',#4405);
#316=PLANE('',#4406);
#317=PLANE('',#4407);
#318=PLANE('',#4408);
#319=PLANE('',#4409);
#320=PLANE('',#4410);
#321=PLANE('',#4411);
#322=PLANE('',#4412);
#323=PLANE('',#4413);
#324=PLANE('',#4414);
#325=PLANE('',#4415);
#326=PLANE('',#4416);
#327=PLANE('',#4417);
#328=PLANE('',#4418);
#329=PLANE('',#4419);
#330=PLANE('',#4420);
#331=PLANE('',#4421);
#332=PLANE('',#4422);
#333=PLANE('',#4423);
#334=PLANE('',#4424);
#335=PLANE('',#4425);
#336=PLANE('',#4426);
#337=PLANE('',#4427);
#338=PLANE('',#4428);
#339=PLANE('',#4429);
#340=PLANE('',#4430);
#341=PLANE('',#4431);
#342=PLANE('',#4432);
#343=PLANE('',#4433);
#344=PLANE('',#4434);
#345=PLANE('',#4435);
#346=PLANE('',#4436);
#347=PLANE('',#4437);
#348=PLANE('',#4438);
#349=PLANE('',#4439);
#350=PLANE('',#4440);
#351=PLANE('',#4441);
#352=PLANE('',#4442);
#353=PLANE('',#4443);
#354=PLANE('',#4444);
#355=PLANE('',#4445);
#356=PLANE('',#4446);
#357=PLANE('',#4447);
#358=PLANE('',#4448);
#359=PLANE('',#4449);
#360=PLANE('',#4450);
#361=PLANE('',#4451);
#362=PLANE('',#4452);
#363=PLANE('',#4453);
#364=PLANE('',#4454);
#365=PLANE('',#4455);
#366=PLANE('',#4456);
#367=PLANE('',#4457);
#368=PLANE('',#4458);
#369=PLANE('',#4459);
#370=PLANE('',#4460);
#371=PLANE('',#4461);
#372=PLANE('',#4462);
#373=PLANE('',#4463);
#374=PLANE('',#4464);
#375=FACE_OUTER_BOUND('',#641,.T.);
#376=FACE_OUTER_BOUND('',#642,.T.);
#377=FACE_OUTER_BOUND('',#643,.T.);
#378=FACE_OUTER_BOUND('',#644,.T.);
#379=FACE_OUTER_BOUND('',#645,.T.);
#380=FACE_OUTER_BOUND('',#650,.T.);
#381=FACE_OUTER_BOUND('',#655,.T.);
#382=FACE_OUTER_BOUND('',#656,.T.);
#383=FACE_OUTER_BOUND('',#657,.T.);
#384=FACE_OUTER_BOUND('',#658,.T.);
#385=FACE_OUTER_BOUND('',#659,.T.);
#386=FACE_OUTER_BOUND('',#660,.T.);
#387=FACE_OUTER_BOUND('',#661,.T.);
#388=FACE_OUTER_BOUND('',#662,.T.);
#389=FACE_OUTER_BOUND('',#663,.T.);
#390=FACE_OUTER_BOUND('',#664,.T.);
#391=FACE_OUTER_BOUND('',#665,.T.);
#392=FACE_OUTER_BOUND('',#666,.T.);
#393=FACE_OUTER_BOUND('',#667,.T.);
#394=FACE_OUTER_BOUND('',#668,.T.);
#395=FACE_OUTER_BOUND('',#669,.T.);
#396=FACE_OUTER_BOUND('',#670,.T.);
#397=FACE_OUTER_BOUND('',#671,.T.);
#398=FACE_OUTER_BOUND('',#672,.T.);
#399=FACE_OUTER_BOUND('',#673,.T.);
#400=FACE_OUTER_BOUND('',#675,.T.);
#401=FACE_OUTER_BOUND('',#677,.T.);
#402=FACE_OUTER_BOUND('',#678,.T.);
#403=FACE_OUTER_BOUND('',#679,.T.);
#404=FACE_OUTER_BOUND('',#681,.T.);
#405=FACE_OUTER_BOUND('',#683,.T.);
#406=FACE_OUTER_BOUND('',#684,.T.);
#407=FACE_OUTER_BOUND('',#685,.T.);
#408=FACE_OUTER_BOUND('',#687,.T.);
#409=FACE_OUTER_BOUND('',#689,.T.);
#410=FACE_OUTER_BOUND('',#690,.T.);
#411=FACE_OUTER_BOUND('',#691,.T.);
#412=FACE_OUTER_BOUND('',#693,.T.);
#413=FACE_OUTER_BOUND('',#695,.T.);
#414=FACE_OUTER_BOUND('',#696,.T.);
#415=FACE_OUTER_BOUND('',#697,.T.);
#416=FACE_OUTER_BOUND('',#698,.T.);
#417=FACE_OUTER_BOUND('',#699,.T.);
#418=FACE_OUTER_BOUND('',#700,.T.);
#419=FACE_OUTER_BOUND('',#702,.T.);
#420=FACE_OUTER_BOUND('',#704,.T.);
#421=FACE_OUTER_BOUND('',#705,.T.);
#422=FACE_OUTER_BOUND('',#706,.T.);
#423=FACE_OUTER_BOUND('',#707,.T.);
#424=FACE_OUTER_BOUND('',#708,.T.);
#425=FACE_OUTER_BOUND('',#709,.T.);
#426=FACE_OUTER_BOUND('',#711,.T.);
#427=FACE_OUTER_BOUND('',#713,.T.);
#428=FACE_OUTER_BOUND('',#714,.T.);
#429=FACE_OUTER_BOUND('',#715,.T.);
#430=FACE_OUTER_BOUND('',#716,.T.);
#431=FACE_OUTER_BOUND('',#717,.T.);
#432=FACE_OUTER_BOUND('',#718,.T.);
#433=FACE_OUTER_BOUND('',#719,.T.);
#434=FACE_OUTER_BOUND('',#720,.T.);
#435=FACE_OUTER_BOUND('',#721,.T.);
#436=FACE_OUTER_BOUND('',#722,.T.);
#437=FACE_OUTER_BOUND('',#723,.T.);
#438=FACE_OUTER_BOUND('',#724,.T.);
#439=FACE_OUTER_BOUND('',#725,.T.);
#440=FACE_OUTER_BOUND('',#726,.T.);
#441=FACE_OUTER_BOUND('',#727,.T.);
#442=FACE_OUTER_BOUND('',#728,.T.);
#443=FACE_OUTER_BOUND('',#729,.T.);
#444=FACE_OUTER_BOUND('',#730,.T.);
#445=FACE_OUTER_BOUND('',#731,.T.);
#446=FACE_OUTER_BOUND('',#732,.T.);
#447=FACE_OUTER_BOUND('',#733,.T.);
#448=FACE_OUTER_BOUND('',#734,.T.);
#449=FACE_OUTER_BOUND('',#735,.T.);
#450=FACE_OUTER_BOUND('',#736,.T.);
#451=FACE_OUTER_BOUND('',#737,.T.);
#452=FACE_OUTER_BOUND('',#738,.T.);
#453=FACE_OUTER_BOUND('',#739,.T.);
#454=FACE_OUTER_BOUND('',#740,.T.);
#455=FACE_OUTER_BOUND('',#741,.T.);
#456=FACE_OUTER_BOUND('',#742,.T.);
#457=FACE_OUTER_BOUND('',#743,.T.);
#458=FACE_OUTER_BOUND('',#744,.T.);
#459=FACE_OUTER_BOUND('',#745,.T.);
#460=FACE_OUTER_BOUND('',#746,.T.);
#461=FACE_OUTER_BOUND('',#747,.T.);
#462=FACE_OUTER_BOUND('',#748,.T.);
#463=FACE_OUTER_BOUND('',#749,.T.);
#464=FACE_OUTER_BOUND('',#750,.T.);
#465=FACE_OUTER_BOUND('',#751,.T.);
#466=FACE_OUTER_BOUND('',#752,.T.);
#467=FACE_OUTER_BOUND('',#753,.T.);
#468=FACE_OUTER_BOUND('',#754,.T.);
#469=FACE_OUTER_BOUND('',#755,.T.);
#470=FACE_OUTER_BOUND('',#756,.T.);
#471=FACE_OUTER_BOUND('',#757,.T.);
#472=FACE_OUTER_BOUND('',#758,.T.);
#473=FACE_OUTER_BOUND('',#759,.T.);
#474=FACE_OUTER_BOUND('',#760,.T.);
#475=FACE_OUTER_BOUND('',#761,.T.);
#476=FACE_OUTER_BOUND('',#762,.T.);
#477=FACE_OUTER_BOUND('',#763,.T.);
#478=FACE_OUTER_BOUND('',#764,.T.);
#479=FACE_OUTER_BOUND('',#765,.T.);
#480=FACE_OUTER_BOUND('',#766,.T.);
#481=FACE_OUTER_BOUND('',#767,.T.);
#482=FACE_OUTER_BOUND('',#768,.T.);
#483=FACE_OUTER_BOUND('',#769,.T.);
#484=FACE_OUTER_BOUND('',#770,.T.);
#485=FACE_OUTER_BOUND('',#771,.T.);
#486=FACE_OUTER_BOUND('',#772,.T.);
#487=FACE_OUTER_BOUND('',#773,.T.);
#488=FACE_OUTER_BOUND('',#774,.T.);
#489=FACE_OUTER_BOUND('',#775,.T.);
#490=FACE_OUTER_BOUND('',#776,.T.);
#491=FACE_OUTER_BOUND('',#777,.T.);
#492=FACE_OUTER_BOUND('',#778,.T.);
#493=FACE_OUTER_BOUND('',#779,.T.);
#494=FACE_OUTER_BOUND('',#780,.T.);
#495=FACE_OUTER_BOUND('',#781,.T.);
#496=FACE_OUTER_BOUND('',#783,.T.);
#497=FACE_OUTER_BOUND('',#785,.T.);
#498=FACE_OUTER_BOUND('',#786,.T.);
#499=FACE_OUTER_BOUND('',#787,.T.);
#500=FACE_OUTER_BOUND('',#788,.T.);
#501=FACE_OUTER_BOUND('',#789,.T.);
#502=FACE_OUTER_BOUND('',#790,.T.);
#503=FACE_OUTER_BOUND('',#791,.T.);
#504=FACE_OUTER_BOUND('',#792,.T.);
#505=FACE_OUTER_BOUND('',#793,.T.);
#506=FACE_OUTER_BOUND('',#794,.T.);
#507=FACE_OUTER_BOUND('',#795,.T.);
#508=FACE_OUTER_BOUND('',#796,.T.);
#509=FACE_OUTER_BOUND('',#797,.T.);
#510=FACE_OUTER_BOUND('',#798,.T.);
#511=FACE_OUTER_BOUND('',#799,.T.);
#512=FACE_OUTER_BOUND('',#800,.T.);
#513=FACE_OUTER_BOUND('',#801,.T.);
#514=FACE_OUTER_BOUND('',#802,.T.);
#515=FACE_OUTER_BOUND('',#803,.T.);
#516=FACE_OUTER_BOUND('',#804,.T.);
#517=FACE_OUTER_BOUND('',#805,.T.);
#518=FACE_OUTER_BOUND('',#806,.T.);
#519=FACE_OUTER_BOUND('',#807,.T.);
#520=FACE_OUTER_BOUND('',#808,.T.);
#521=FACE_OUTER_BOUND('',#809,.T.);
#522=FACE_OUTER_BOUND('',#810,.T.);
#523=FACE_OUTER_BOUND('',#811,.T.);
#524=FACE_OUTER_BOUND('',#812,.T.);
#525=FACE_OUTER_BOUND('',#813,.T.);
#526=FACE_OUTER_BOUND('',#814,.T.);
#527=FACE_OUTER_BOUND('',#815,.T.);
#528=FACE_OUTER_BOUND('',#816,.T.);
#529=FACE_OUTER_BOUND('',#817,.T.);
#530=FACE_OUTER_BOUND('',#818,.T.);
#531=FACE_OUTER_BOUND('',#819,.T.);
#532=FACE_OUTER_BOUND('',#820,.T.);
#533=FACE_OUTER_BOUND('',#821,.T.);
#534=FACE_OUTER_BOUND('',#822,.T.);
#535=FACE_OUTER_BOUND('',#823,.T.);
#536=FACE_OUTER_BOUND('',#824,.T.);
#537=FACE_OUTER_BOUND('',#825,.T.);
#538=FACE_OUTER_BOUND('',#826,.T.);
#539=FACE_OUTER_BOUND('',#827,.T.);
#540=FACE_OUTER_BOUND('',#828,.T.);
#541=FACE_OUTER_BOUND('',#829,.T.);
#542=FACE_OUTER_BOUND('',#830,.T.);
#543=FACE_OUTER_BOUND('',#831,.T.);
#544=FACE_OUTER_BOUND('',#832,.T.);
#545=FACE_OUTER_BOUND('',#833,.T.);
#546=FACE_OUTER_BOUND('',#834,.T.);
#547=FACE_OUTER_BOUND('',#835,.T.);
#548=FACE_OUTER_BOUND('',#836,.T.);
#549=FACE_OUTER_BOUND('',#837,.T.);
#550=FACE_OUTER_BOUND('',#838,.T.);
#551=FACE_OUTER_BOUND('',#839,.T.);
#552=FACE_OUTER_BOUND('',#840,.T.);
#553=FACE_OUTER_BOUND('',#841,.T.);
#554=FACE_OUTER_BOUND('',#842,.T.);
#555=FACE_OUTER_BOUND('',#843,.T.);
#556=FACE_OUTER_BOUND('',#844,.T.);
#557=FACE_OUTER_BOUND('',#845,.T.);
#558=FACE_OUTER_BOUND('',#846,.T.);
#559=FACE_OUTER_BOUND('',#847,.T.);
#560=FACE_OUTER_BOUND('',#848,.T.);
#561=FACE_OUTER_BOUND('',#849,.T.);
#562=FACE_OUTER_BOUND('',#850,.T.);
#563=FACE_OUTER_BOUND('',#851,.T.);
#564=FACE_OUTER_BOUND('',#852,.T.);
#565=FACE_OUTER_BOUND('',#853,.T.);
#566=FACE_OUTER_BOUND('',#854,.T.);
#567=FACE_OUTER_BOUND('',#855,.T.);
#568=FACE_OUTER_BOUND('',#856,.T.);
#569=FACE_OUTER_BOUND('',#857,.T.);
#570=FACE_OUTER_BOUND('',#858,.T.);
#571=FACE_OUTER_BOUND('',#859,.T.);
#572=FACE_OUTER_BOUND('',#860,.T.);
#573=FACE_OUTER_BOUND('',#861,.T.);
#574=FACE_OUTER_BOUND('',#862,.T.);
#575=FACE_OUTER_BOUND('',#863,.T.);
#576=FACE_OUTER_BOUND('',#864,.T.);
#577=FACE_OUTER_BOUND('',#865,.T.);
#578=FACE_OUTER_BOUND('',#866,.T.);
#579=FACE_OUTER_BOUND('',#867,.T.);
#580=FACE_OUTER_BOUND('',#868,.T.);
#581=FACE_OUTER_BOUND('',#869,.T.);
#582=FACE_OUTER_BOUND('',#870,.T.);
#583=FACE_OUTER_BOUND('',#871,.T.);
#584=FACE_OUTER_BOUND('',#872,.T.);
#585=FACE_OUTER_BOUND('',#873,.T.);
#586=FACE_OUTER_BOUND('',#874,.T.);
#587=FACE_OUTER_BOUND('',#875,.T.);
#588=FACE_OUTER_BOUND('',#876,.T.);
#589=FACE_OUTER_BOUND('',#877,.T.);
#590=FACE_OUTER_BOUND('',#878,.T.);
#591=FACE_OUTER_BOUND('',#879,.T.);
#592=FACE_OUTER_BOUND('',#880,.T.);
#593=FACE_OUTER_BOUND('',#881,.T.);
#594=FACE_OUTER_BOUND('',#882,.T.);
#595=FACE_OUTER_BOUND('',#883,.T.);
#596=FACE_OUTER_BOUND('',#884,.T.);
#597=FACE_OUTER_BOUND('',#885,.T.);
#598=FACE_OUTER_BOUND('',#886,.T.);
#599=FACE_OUTER_BOUND('',#887,.T.);
#600=FACE_OUTER_BOUND('',#888,.T.);
#601=FACE_OUTER_BOUND('',#889,.T.);
#602=FACE_OUTER_BOUND('',#890,.T.);
#603=FACE_OUTER_BOUND('',#891,.T.);
#604=FACE_OUTER_BOUND('',#892,.T.);
#605=FACE_OUTER_BOUND('',#893,.T.);
#606=FACE_OUTER_BOUND('',#894,.T.);
#607=FACE_OUTER_BOUND('',#895,.T.);
#608=FACE_OUTER_BOUND('',#896,.T.);
#609=FACE_OUTER_BOUND('',#897,.T.);
#610=FACE_OUTER_BOUND('',#898,.T.);
#611=FACE_OUTER_BOUND('',#899,.T.);
#612=FACE_OUTER_BOUND('',#900,.T.);
#613=FACE_OUTER_BOUND('',#901,.T.);
#614=FACE_OUTER_BOUND('',#902,.T.);
#615=FACE_OUTER_BOUND('',#903,.T.);
#616=FACE_OUTER_BOUND('',#904,.T.);
#617=FACE_OUTER_BOUND('',#905,.T.);
#618=FACE_OUTER_BOUND('',#906,.T.);
#619=FACE_OUTER_BOUND('',#907,.T.);
#620=FACE_OUTER_BOUND('',#908,.T.);
#621=FACE_OUTER_BOUND('',#909,.T.);
#622=FACE_OUTER_BOUND('',#910,.T.);
#623=FACE_OUTER_BOUND('',#911,.T.);
#624=FACE_OUTER_BOUND('',#912,.T.);
#625=FACE_OUTER_BOUND('',#913,.T.);
#626=FACE_OUTER_BOUND('',#914,.T.);
#627=FACE_OUTER_BOUND('',#915,.T.);
#628=FACE_OUTER_BOUND('',#916,.T.);
#629=FACE_OUTER_BOUND('',#917,.T.);
#630=FACE_OUTER_BOUND('',#918,.T.);
#631=FACE_OUTER_BOUND('',#919,.T.);
#632=FACE_OUTER_BOUND('',#920,.T.);
#633=FACE_OUTER_BOUND('',#921,.T.);
#634=FACE_OUTER_BOUND('',#922,.T.);
#635=FACE_OUTER_BOUND('',#923,.T.);
#636=FACE_OUTER_BOUND('',#924,.T.);
#637=FACE_OUTER_BOUND('',#925,.T.);
#638=FACE_OUTER_BOUND('',#926,.T.);
#639=FACE_OUTER_BOUND('',#927,.T.);
#640=FACE_OUTER_BOUND('',#928,.T.);
#641=EDGE_LOOP('',(#2781,#2782,#2783,#2784));
#642=EDGE_LOOP('',(#2785,#2786,#2787,#2788));
#643=EDGE_LOOP('',(#2789,#2790,#2791,#2792));
#644=EDGE_LOOP('',(#2793,#2794,#2795,#2796));
#645=EDGE_LOOP('',(#2797,#2798,#2799,#2800));
#646=EDGE_LOOP('',(#2801));
#647=EDGE_LOOP('',(#2802));
#648=EDGE_LOOP('',(#2803));
#649=EDGE_LOOP('',(#2804));
#650=EDGE_LOOP('',(#2805,#2806,#2807,#2808));
#651=EDGE_LOOP('',(#2809));
#652=EDGE_LOOP('',(#2810));
#653=EDGE_LOOP('',(#2811));
#654=EDGE_LOOP('',(#2812));
#655=EDGE_LOOP('',(#2813,#2814,#2815,#2816));
#656=EDGE_LOOP('',(#2817,#2818,#2819,#2820));
#657=EDGE_LOOP('',(#2821,#2822,#2823,#2824));
#658=EDGE_LOOP('',(#2825,#2826,#2827,#2828));
#659=EDGE_LOOP('',(#2829,#2830,#2831,#2832));
#660=EDGE_LOOP('',(#2833,#2834,#2835,#2836));
#661=EDGE_LOOP('',(#2837,#2838,#2839,#2840));
#662=EDGE_LOOP('',(#2841,#2842,#2843,#2844));
#663=EDGE_LOOP('',(#2845,#2846,#2847,#2848));
#664=EDGE_LOOP('',(#2849,#2850,#2851,#2852));
#665=EDGE_LOOP('',(#2853,#2854,#2855,#2856));
#666=EDGE_LOOP('',(#2857,#2858,#2859,#2860));
#667=EDGE_LOOP('',(#2861,#2862,#2863,#2864));
#668=EDGE_LOOP('',(#2865,#2866,#2867,#2868));
#669=EDGE_LOOP('',(#2869,#2870,#2871,#2872));
#670=EDGE_LOOP('',(#2873,#2874,#2875,#2876));
#671=EDGE_LOOP('',(#2877,#2878,#2879,#2880));
#672=EDGE_LOOP('',(#2881,#2882,#2883,#2884));
#673=EDGE_LOOP('',(#2885));
#674=EDGE_LOOP('',(#2886));
#675=EDGE_LOOP('',(#2887));
#676=EDGE_LOOP('',(#2888));
#677=EDGE_LOOP('',(#2889,#2890,#2891,#2892));
#678=EDGE_LOOP('',(#2893,#2894,#2895,#2896));
#679=EDGE_LOOP('',(#2897));
#680=EDGE_LOOP('',(#2898));
#681=EDGE_LOOP('',(#2899));
#682=EDGE_LOOP('',(#2900));
#683=EDGE_LOOP('',(#2901,#2902,#2903,#2904));
#684=EDGE_LOOP('',(#2905,#2906,#2907,#2908));
#685=EDGE_LOOP('',(#2909));
#686=EDGE_LOOP('',(#2910));
#687=EDGE_LOOP('',(#2911));
#688=EDGE_LOOP('',(#2912));
#689=EDGE_LOOP('',(#2913,#2914,#2915,#2916));
#690=EDGE_LOOP('',(#2917,#2918,#2919,#2920));
#691=EDGE_LOOP('',(#2921));
#692=EDGE_LOOP('',(#2922));
#693=EDGE_LOOP('',(#2923));
#694=EDGE_LOOP('',(#2924));
#695=EDGE_LOOP('',(#2925,#2926,#2927,#2928));
#696=EDGE_LOOP('',(#2929,#2930,#2931,#2932));
#697=EDGE_LOOP('',(#2933,#2934,#2935,#2936));
#698=EDGE_LOOP('',(#2937,#2938,#2939,#2940));
#699=EDGE_LOOP('',(#2941,#2942,#2943,#2944));
#700=EDGE_LOOP('',(#2945));
#701=EDGE_LOOP('',(#2946,#2947,#2948,#2949));
#702=EDGE_LOOP('',(#2950));
#703=EDGE_LOOP('',(#2951,#2952,#2953,#2954));
#704=EDGE_LOOP('',(#2955,#2956,#2957,#2958));
#705=EDGE_LOOP('',(#2959,#2960,#2961,#2962));
#706=EDGE_LOOP('',(#2963,#2964,#2965,#2966));
#707=EDGE_LOOP('',(#2967,#2968,#2969,#2970));
#708=EDGE_LOOP('',(#2971,#2972,#2973,#2974));
#709=EDGE_LOOP('',(#2975));
#710=EDGE_LOOP('',(#2976,#2977,#2978,#2979));
#711=EDGE_LOOP('',(#2980));
#712=EDGE_LOOP('',(#2981,#2982,#2983,#2984));
#713=EDGE_LOOP('',(#2985,#2986,#2987,#2988));
#714=EDGE_LOOP('',(#2989,#2990,#2991,#2992));
#715=EDGE_LOOP('',(#2993,#2994,#2995,#2996));
#716=EDGE_LOOP('',(#2997,#2998,#2999,#3000));
#717=EDGE_LOOP('',(#3001,#3002,#3003,#3004));
#718=EDGE_LOOP('',(#3005,#3006,#3007,#3008));
#719=EDGE_LOOP('',(#3009,#3010,#3011,#3012));
#720=EDGE_LOOP('',(#3013,#3014,#3015,#3016));
#721=EDGE_LOOP('',(#3017,#3018,#3019,#3020));
#722=EDGE_LOOP('',(#3021,#3022,#3023,#3024));
#723=EDGE_LOOP('',(#3025,#3026,#3027,#3028));
#724=EDGE_LOOP('',(#3029,#3030,#3031,#3032));
#725=EDGE_LOOP('',(#3033,#3034,#3035,#3036));
#726=EDGE_LOOP('',(#3037,#3038,#3039,#3040));
#727=EDGE_LOOP('',(#3041,#3042,#3043,#3044));
#728=EDGE_LOOP('',(#3045,#3046,#3047,#3048));
#729=EDGE_LOOP('',(#3049,#3050,#3051,#3052));
#730=EDGE_LOOP('',(#3053,#3054,#3055,#3056));
#731=EDGE_LOOP('',(#3057,#3058,#3059,#3060));
#732=EDGE_LOOP('',(#3061,#3062,#3063,#3064));
#733=EDGE_LOOP('',(#3065,#3066,#3067,#3068));
#734=EDGE_LOOP('',(#3069,#3070,#3071,#3072));
#735=EDGE_LOOP('',(#3073,#3074,#3075,#3076));
#736=EDGE_LOOP('',(#3077,#3078,#3079,#3080));
#737=EDGE_LOOP('',(#3081,#3082,#3083,#3084));
#738=EDGE_LOOP('',(#3085,#3086,#3087,#3088));
#739=EDGE_LOOP('',(#3089,#3090,#3091,#3092));
#740=EDGE_LOOP('',(#3093,#3094,#3095,#3096));
#741=EDGE_LOOP('',(#3097,#3098,#3099,#3100));
#742=EDGE_LOOP('',(#3101,#3102,#3103,#3104));
#743=EDGE_LOOP('',(#3105,#3106,#3107,#3108));
#744=EDGE_LOOP('',(#3109,#3110,#3111,#3112));
#745=EDGE_LOOP('',(#3113,#3114,#3115,#3116));
#746=EDGE_LOOP('',(#3117,#3118,#3119,#3120));
#747=EDGE_LOOP('',(#3121,#3122,#3123,#3124));
#748=EDGE_LOOP('',(#3125,#3126,#3127,#3128));
#749=EDGE_LOOP('',(#3129,#3130,#3131,#3132));
#750=EDGE_LOOP('',(#3133,#3134,#3135,#3136));
#751=EDGE_LOOP('',(#3137,#3138,#3139,#3140));
#752=EDGE_LOOP('',(#3141,#3142,#3143,#3144));
#753=EDGE_LOOP('',(#3145,#3146,#3147,#3148));
#754=EDGE_LOOP('',(#3149,#3150,#3151,#3152));
#755=EDGE_LOOP('',(#3153,#3154,#3155,#3156));
#756=EDGE_LOOP('',(#3157,#3158,#3159,#3160));
#757=EDGE_LOOP('',(#3161,#3162,#3163,#3164));
#758=EDGE_LOOP('',(#3165,#3166,#3167,#3168));
#759=EDGE_LOOP('',(#3169,#3170,#3171,#3172));
#760=EDGE_LOOP('',(#3173,#3174,#3175,#3176));
#761=EDGE_LOOP('',(#3177,#3178,#3179,#3180));
#762=EDGE_LOOP('',(#3181,#3182,#3183,#3184));
#763=EDGE_LOOP('',(#3185,#3186,#3187,#3188));
#764=EDGE_LOOP('',(#3189,#3190,#3191,#3192));
#765=EDGE_LOOP('',(#3193,#3194,#3195,#3196));
#766=EDGE_LOOP('',(#3197,#3198,#3199,#3200));
#767=EDGE_LOOP('',(#3201,#3202,#3203,#3204));
#768=EDGE_LOOP('',(#3205,#3206,#3207,#3208));
#769=EDGE_LOOP('',(#3209,#3210,#3211,#3212));
#770=EDGE_LOOP('',(#3213,#3214,#3215,#3216));
#771=EDGE_LOOP('',(#3217,#3218,#3219,#3220));
#772=EDGE_LOOP('',(#3221,#3222,#3223,#3224));
#773=EDGE_LOOP('',(#3225,#3226,#3227,#3228));
#774=EDGE_LOOP('',(#3229,#3230,#3231,#3232));
#775=EDGE_LOOP('',(#3233,#3234,#3235,#3236));
#776=EDGE_LOOP('',(#3237,#3238,#3239,#3240));
#777=EDGE_LOOP('',(#3241,#3242,#3243,#3244));
#778=EDGE_LOOP('',(#3245,#3246,#3247,#3248));
#779=EDGE_LOOP('',(#3249,#3250,#3251,#3252));
#780=EDGE_LOOP('',(#3253,#3254,#3255,#3256));
#781=EDGE_LOOP('',(#3257));
#782=EDGE_LOOP('',(#3258));
#783=EDGE_LOOP('',(#3259));
#784=EDGE_LOOP('',(#3260));
#785=EDGE_LOOP('',(#3261,#3262,#3263,#3264));
#786=EDGE_LOOP('',(#3265));
#787=EDGE_LOOP('',(#3266));
#788=EDGE_LOOP('',(#3267,#3268,#3269,#3270));
#789=EDGE_LOOP('',(#3271));
#790=EDGE_LOOP('',(#3272));
#791=EDGE_LOOP('',(#3273,#3274,#3275,#3276));
#792=EDGE_LOOP('',(#3277,#3278,#3279,#3280));
#793=EDGE_LOOP('',(#3281,#3282,#3283,#3284));
#794=EDGE_LOOP('',(#3285,#3286,#3287,#3288));
#795=EDGE_LOOP('',(#3289,#3290,#3291,#3292));
#796=EDGE_LOOP('',(#3293,#3294,#3295,#3296));
#797=EDGE_LOOP('',(#3297,#3298,#3299,#3300));
#798=EDGE_LOOP('',(#3301,#3302,#3303,#3304));
#799=EDGE_LOOP('',(#3305,#3306,#3307,#3308));
#800=EDGE_LOOP('',(#3309,#3310,#3311,#3312));
#801=EDGE_LOOP('',(#3313,#3314,#3315,#3316));
#802=EDGE_LOOP('',(#3317,#3318,#3319,#3320));
#803=EDGE_LOOP('',(#3321,#3322,#3323,#3324));
#804=EDGE_LOOP('',(#3325,#3326,#3327,#3328));
#805=EDGE_LOOP('',(#3329,#3330,#3331,#3332));
#806=EDGE_LOOP('',(#3333,#3334,#3335,#3336));
#807=EDGE_LOOP('',(#3337,#3338,#3339,#3340));
#808=EDGE_LOOP('',(#3341,#3342,#3343,#3344));
#809=EDGE_LOOP('',(#3345,#3346,#3347,#3348));
#810=EDGE_LOOP('',(#3349,#3350,#3351,#3352));
#811=EDGE_LOOP('',(#3353,#3354,#3355,#3356));
#812=EDGE_LOOP('',(#3357,#3358,#3359,#3360));
#813=EDGE_LOOP('',(#3361,#3362,#3363,#3364));
#814=EDGE_LOOP('',(#3365,#3366,#3367,#3368));
#815=EDGE_LOOP('',(#3369,#3370,#3371,#3372));
#816=EDGE_LOOP('',(#3373,#3374,#3375,#3376));
#817=EDGE_LOOP('',(#3377,#3378,#3379,#3380));
#818=EDGE_LOOP('',(#3381,#3382,#3383,#3384));
#819=EDGE_LOOP('',(#3385,#3386,#3387,#3388));
#820=EDGE_LOOP('',(#3389,#3390,#3391,#3392));
#821=EDGE_LOOP('',(#3393,#3394,#3395,#3396));
#822=EDGE_LOOP('',(#3397,#3398,#3399,#3400));
#823=EDGE_LOOP('',(#3401,#3402,#3403,#3404));
#824=EDGE_LOOP('',(#3405,#3406,#3407,#3408));
#825=EDGE_LOOP('',(#3409,#3410,#3411,#3412));
#826=EDGE_LOOP('',(#3413,#3414,#3415,#3416));
#827=EDGE_LOOP('',(#3417,#3418,#3419,#3420));
#828=EDGE_LOOP('',(#3421));
#829=EDGE_LOOP('',(#3422));
#830=EDGE_LOOP('',(#3423,#3424,#3425,#3426));
#831=EDGE_LOOP('',(#3427));
#832=EDGE_LOOP('',(#3428));
#833=EDGE_LOOP('',(#3429,#3430,#3431,#3432));
#834=EDGE_LOOP('',(#3433,#3434,#3435,#3436));
#835=EDGE_LOOP('',(#3437,#3438,#3439,#3440));
#836=EDGE_LOOP('',(#3441,#3442,#3443,#3444));
#837=EDGE_LOOP('',(#3445,#3446,#3447,#3448));
#838=EDGE_LOOP('',(#3449,#3450,#3451,#3452));
#839=EDGE_LOOP('',(#3453,#3454,#3455,#3456));
#840=EDGE_LOOP('',(#3457,#3458,#3459,#3460));
#841=EDGE_LOOP('',(#3461,#3462,#3463,#3464));
#842=EDGE_LOOP('',(#3465,#3466,#3467,#3468));
#843=EDGE_LOOP('',(#3469,#3470,#3471,#3472));
#844=EDGE_LOOP('',(#3473,#3474,#3475,#3476));
#845=EDGE_LOOP('',(#3477,#3478,#3479,#3480));
#846=EDGE_LOOP('',(#3481,#3482,#3483,#3484));
#847=EDGE_LOOP('',(#3485,#3486,#3487,#3488));
#848=EDGE_LOOP('',(#3489,#3490,#3491,#3492));
#849=EDGE_LOOP('',(#3493,#3494,#3495,#3496));
#850=EDGE_LOOP('',(#3497,#3498,#3499,#3500));
#851=EDGE_LOOP('',(#3501,#3502,#3503,#3504));
#852=EDGE_LOOP('',(#3505,#3506,#3507,#3508));
#853=EDGE_LOOP('',(#3509,#3510,#3511,#3512));
#854=EDGE_LOOP('',(#3513,#3514,#3515,#3516));
#855=EDGE_LOOP('',(#3517,#3518,#3519,#3520));
#856=EDGE_LOOP('',(#3521,#3522,#3523,#3524));
#857=EDGE_LOOP('',(#3525,#3526,#3527,#3528));
#858=EDGE_LOOP('',(#3529,#3530,#3531,#3532));
#859=EDGE_LOOP('',(#3533,#3534,#3535,#3536));
#860=EDGE_LOOP('',(#3537,#3538,#3539,#3540));
#861=EDGE_LOOP('',(#3541,#3542,#3543,#3544));
#862=EDGE_LOOP('',(#3545,#3546,#3547,#3548));
#863=EDGE_LOOP('',(#3549,#3550,#3551,#3552));
#864=EDGE_LOOP('',(#3553,#3554,#3555,#3556));
#865=EDGE_LOOP('',(#3557,#3558,#3559,#3560));
#866=EDGE_LOOP('',(#3561,#3562,#3563,#3564));
#867=EDGE_LOOP('',(#3565,#3566,#3567,#3568));
#868=EDGE_LOOP('',(#3569,#3570,#3571,#3572));
#869=EDGE_LOOP('',(#3573,#3574,#3575,#3576));
#870=EDGE_LOOP('',(#3577,#3578,#3579,#3580));
#871=EDGE_LOOP('',(#3581,#3582,#3583,#3584));
#872=EDGE_LOOP('',(#3585,#3586,#3587,#3588));
#873=EDGE_LOOP('',(#3589,#3590,#3591,#3592));
#874=EDGE_LOOP('',(#3593,#3594,#3595,#3596));
#875=EDGE_LOOP('',(#3597,#3598,#3599,#3600));
#876=EDGE_LOOP('',(#3601,#3602,#3603,#3604));
#877=EDGE_LOOP('',(#3605,#3606,#3607,#3608));
#878=EDGE_LOOP('',(#3609,#3610,#3611,#3612));
#879=EDGE_LOOP('',(#3613,#3614,#3615,#3616));
#880=EDGE_LOOP('',(#3617,#3618,#3619,#3620));
#881=EDGE_LOOP('',(#3621,#3622,#3623,#3624));
#882=EDGE_LOOP('',(#3625,#3626,#3627,#3628));
#883=EDGE_LOOP('',(#3629,#3630,#3631,#3632));
#884=EDGE_LOOP('',(#3633,#3634,#3635,#3636));
#885=EDGE_LOOP('',(#3637,#3638,#3639,#3640));
#886=EDGE_LOOP('',(#3641,#3642,#3643,#3644));
#887=EDGE_LOOP('',(#3645,#3646,#3647,#3648));
#888=EDGE_LOOP('',(#3649,#3650,#3651,#3652));
#889=EDGE_LOOP('',(#3653,#3654,#3655,#3656));
#890=EDGE_LOOP('',(#3657,#3658,#3659,#3660));
#891=EDGE_LOOP('',(#3661,#3662,#3663,#3664));
#892=EDGE_LOOP('',(#3665,#3666,#3667,#3668));
#893=EDGE_LOOP('',(#3669,#3670,#3671,#3672));
#894=EDGE_LOOP('',(#3673,#3674,#3675,#3676));
#895=EDGE_LOOP('',(#3677,#3678,#3679,#3680));
#896=EDGE_LOOP('',(#3681,#3682,#3683,#3684));
#897=EDGE_LOOP('',(#3685,#3686,#3687,#3688));
#898=EDGE_LOOP('',(#3689,#3690,#3691,#3692));
#899=EDGE_LOOP('',(#3693,#3694,#3695,#3696));
#900=EDGE_LOOP('',(#3697,#3698,#3699,#3700));
#901=EDGE_LOOP('',(#3701,#3702,#3703,#3704));
#902=EDGE_LOOP('',(#3705,#3706,#3707,#3708));
#903=EDGE_LOOP('',(#3709,#3710,#3711,#3712));
#904=EDGE_LOOP('',(#3713,#3714,#3715,#3716));
#905=EDGE_LOOP('',(#3717,#3718,#3719,#3720));
#906=EDGE_LOOP('',(#3721,#3722,#3723,#3724));
#907=EDGE_LOOP('',(#3725,#3726,#3727,#3728));
#908=EDGE_LOOP('',(#3729,#3730,#3731,#3732));
#909=EDGE_LOOP('',(#3733,#3734,#3735,#3736));
#910=EDGE_LOOP('',(#3737,#3738,#3739,#3740));
#911=EDGE_LOOP('',(#3741,#3742,#3743,#3744));
#912=EDGE_LOOP('',(#3745,#3746,#3747,#3748));
#913=EDGE_LOOP('',(#3749,#3750,#3751,#3752));
#914=EDGE_LOOP('',(#3753,#3754,#3755,#3756));
#915=EDGE_LOOP('',(#3757,#3758,#3759,#3760));
#916=EDGE_LOOP('',(#3761,#3762,#3763,#3764));
#917=EDGE_LOOP('',(#3765,#3766,#3767,#3768));
#918=EDGE_LOOP('',(#3769,#3770,#3771,#3772));
#919=EDGE_LOOP('',(#3773,#3774,#3775,#3776));
#920=EDGE_LOOP('',(#3777,#3778,#3779,#3780));
#921=EDGE_LOOP('',(#3781,#3782,#3783,#3784));
#922=EDGE_LOOP('',(#3785,#3786,#3787,#3788));
#923=EDGE_LOOP('',(#3789,#3790,#3791,#3792));
#924=EDGE_LOOP('',(#3793,#3794,#3795,#3796));
#925=EDGE_LOOP('',(#3797,#3798,#3799,#3800));
#926=EDGE_LOOP('',(#3801,#3802,#3803,#3804));
#927=EDGE_LOOP('',(#3805,#3806,#3807,#3808));
#928=EDGE_LOOP('',(#3809,#3810,#3811,#3812));
#929=LINE('',#5560,#1405);
#930=LINE('',#5566,#1406);
#931=LINE('',#5572,#1407);
#932=LINE('',#5578,#1408);
#933=LINE('',#5583,#1409);
#934=LINE('',#5585,#1410);
#935=LINE('',#5587,#1411);
#936=LINE('',#5588,#1412);
#937=LINE('',#5592,#1413);
#938=LINE('',#5594,#1414);
#939=LINE('',#5596,#1415);
#940=LINE('',#5597,#1416);
#941=LINE('',#5599,#1417);
#942=LINE('',#5600,#1418);
#943=LINE('',#5602,#1419);
#944=LINE('',#5604,#1420);
#945=LINE('',#5609,#1421);
#946=LINE('',#5611,#1422);
#947=LINE('',#5613,#1423);
#948=LINE('',#5614,#1424);
#949=LINE('',#5618,#1425);
#950=LINE('',#5620,#1426);
#951=LINE('',#5622,#1427);
#952=LINE('',#5623,#1428);
#953=LINE('',#5625,#1429);
#954=LINE('',#5626,#1430);
#955=LINE('',#5628,#1431);
#956=LINE('',#5630,#1432);
#957=LINE('',#5635,#1433);
#958=LINE('',#5637,#1434);
#959=LINE('',#5639,#1435);
#960=LINE('',#5640,#1436);
#961=LINE('',#5644,#1437);
#962=LINE('',#5646,#1438);
#963=LINE('',#5648,#1439);
#964=LINE('',#5649,#1440);
#965=LINE('',#5651,#1441);
#966=LINE('',#5652,#1442);
#967=LINE('',#5654,#1443);
#968=LINE('',#5656,#1444);
#969=LINE('',#5662,#1445);
#970=LINE('',#5668,#1446);
#971=LINE('',#5676,#1447);
#972=LINE('',#5682,#1448);
#973=LINE('',#5690,#1449);
#974=LINE('',#5696,#1450);
#975=LINE('',#5704,#1451);
#976=LINE('',#5710,#1452);
#977=LINE('',#5717,#1453);
#978=LINE('',#5719,#1454);
#979=LINE('',#5721,#1455);
#980=LINE('',#5722,#1456);
#981=LINE('',#5725,#1457);
#982=LINE('',#5727,#1458);
#983=LINE('',#5728,#1459);
#984=LINE('',#5731,#1460);
#985=LINE('',#5733,#1461);
#986=LINE('',#5734,#1462);
#987=LINE('',#5736,#1463);
#988=LINE('',#5737,#1464);
#989=LINE('',#5742,#1465);
#990=LINE('',#5749,#1466);
#991=LINE('',#5751,#1467);
#992=LINE('',#5753,#1468);
#993=LINE('',#5754,#1469);
#994=LINE('',#5757,#1470);
#995=LINE('',#5759,#1471);
#996=LINE('',#5760,#1472);
#997=LINE('',#5763,#1473);
#998=LINE('',#5765,#1474);
#999=LINE('',#5766,#1475);
#1000=LINE('',#5768,#1476);
#1001=LINE('',#5769,#1477);
#1002=LINE('',#5774,#1478);
#1003=LINE('',#5781,#1479);
#1004=LINE('',#5783,#1480);
#1005=LINE('',#5785,#1481);
#1006=LINE('',#5786,#1482);
#1007=LINE('',#5790,#1483);
#1008=LINE('',#5792,#1484);
#1009=LINE('',#5794,#1485);
#1010=LINE('',#5795,#1486);
#1011=LINE('',#5797,#1487);
#1012=LINE('',#5798,#1488);
#1013=LINE('',#5800,#1489);
#1014=LINE('',#5802,#1490);
#1015=LINE('',#5807,#1491);
#1016=LINE('',#5809,#1492);
#1017=LINE('',#5811,#1493);
#1018=LINE('',#5812,#1494);
#1019=LINE('',#5816,#1495);
#1020=LINE('',#5818,#1496);
#1021=LINE('',#5820,#1497);
#1022=LINE('',#5821,#1498);
#1023=LINE('',#5823,#1499);
#1024=LINE('',#5824,#1500);
#1025=LINE('',#5826,#1501);
#1026=LINE('',#5828,#1502);
#1027=LINE('',#5833,#1503);
#1028=LINE('',#5835,#1504);
#1029=LINE('',#5837,#1505);
#1030=LINE('',#5838,#1506);
#1031=LINE('',#5842,#1507);
#1032=LINE('',#5844,#1508);
#1033=LINE('',#5846,#1509);
#1034=LINE('',#5847,#1510);
#1035=LINE('',#5849,#1511);
#1036=LINE('',#5850,#1512);
#1037=LINE('',#5852,#1513);
#1038=LINE('',#5854,#1514);
#1039=LINE('',#5859,#1515);
#1040=LINE('',#5861,#1516);
#1041=LINE('',#5863,#1517);
#1042=LINE('',#5864,#1518);
#1043=LINE('',#5868,#1519);
#1044=LINE('',#5870,#1520);
#1045=LINE('',#5872,#1521);
#1046=LINE('',#5873,#1522);
#1047=LINE('',#5875,#1523);
#1048=LINE('',#5876,#1524);
#1049=LINE('',#5878,#1525);
#1050=LINE('',#5880,#1526);
#1051=LINE('',#5885,#1527);
#1052=LINE('',#5887,#1528);
#1053=LINE('',#5889,#1529);
#1054=LINE('',#5890,#1530);
#1055=LINE('',#5894,#1531);
#1056=LINE('',#5896,#1532);
#1057=LINE('',#5898,#1533);
#1058=LINE('',#5899,#1534);
#1059=LINE('',#5901,#1535);
#1060=LINE('',#5902,#1536);
#1061=LINE('',#5904,#1537);
#1062=LINE('',#5906,#1538);
#1063=LINE('',#5911,#1539);
#1064=LINE('',#5913,#1540);
#1065=LINE('',#5915,#1541);
#1066=LINE('',#5916,#1542);
#1067=LINE('',#5920,#1543);
#1068=LINE('',#5922,#1544);
#1069=LINE('',#5924,#1545);
#1070=LINE('',#5925,#1546);
#1071=LINE('',#5927,#1547);
#1072=LINE('',#5928,#1548);
#1073=LINE('',#5930,#1549);
#1074=LINE('',#5932,#1550);
#1075=LINE('',#5937,#1551);
#1076=LINE('',#5939,#1552);
#1077=LINE('',#5941,#1553);
#1078=LINE('',#5942,#1554);
#1079=LINE('',#5946,#1555);
#1080=LINE('',#5948,#1556);
#1081=LINE('',#5950,#1557);
#1082=LINE('',#5951,#1558);
#1083=LINE('',#5953,#1559);
#1084=LINE('',#5954,#1560);
#1085=LINE('',#5956,#1561);
#1086=LINE('',#5958,#1562);
#1087=LINE('',#5963,#1563);
#1088=LINE('',#5965,#1564);
#1089=LINE('',#5967,#1565);
#1090=LINE('',#5968,#1566);
#1091=LINE('',#5972,#1567);
#1092=LINE('',#5974,#1568);
#1093=LINE('',#5976,#1569);
#1094=LINE('',#5977,#1570);
#1095=LINE('',#5979,#1571);
#1096=LINE('',#5980,#1572);
#1097=LINE('',#5982,#1573);
#1098=LINE('',#5984,#1574);
#1099=LINE('',#5989,#1575);
#1100=LINE('',#5991,#1576);
#1101=LINE('',#5993,#1577);
#1102=LINE('',#5994,#1578);
#1103=LINE('',#5998,#1579);
#1104=LINE('',#6000,#1580);
#1105=LINE('',#6002,#1581);
#1106=LINE('',#6003,#1582);
#1107=LINE('',#6005,#1583);
#1108=LINE('',#6006,#1584);
#1109=LINE('',#6008,#1585);
#1110=LINE('',#6010,#1586);
#1111=LINE('',#6015,#1587);
#1112=LINE('',#6017,#1588);
#1113=LINE('',#6019,#1589);
#1114=LINE('',#6020,#1590);
#1115=LINE('',#6024,#1591);
#1116=LINE('',#6026,#1592);
#1117=LINE('',#6028,#1593);
#1118=LINE('',#6029,#1594);
#1119=LINE('',#6031,#1595);
#1120=LINE('',#6032,#1596);
#1121=LINE('',#6034,#1597);
#1122=LINE('',#6036,#1598);
#1123=LINE('',#6041,#1599);
#1124=LINE('',#6043,#1600);
#1125=LINE('',#6045,#1601);
#1126=LINE('',#6046,#1602);
#1127=LINE('',#6050,#1603);
#1128=LINE('',#6052,#1604);
#1129=LINE('',#6054,#1605);
#1130=LINE('',#6055,#1606);
#1131=LINE('',#6057,#1607);
#1132=LINE('',#6058,#1608);
#1133=LINE('',#6060,#1609);
#1134=LINE('',#6062,#1610);
#1135=LINE('',#6068,#1611);
#1136=LINE('',#6074,#1612);
#1137=LINE('',#6082,#1613);
#1138=LINE('',#6090,#1614);
#1139=LINE('',#6097,#1615);
#1140=LINE('',#6099,#1616);
#1141=LINE('',#6101,#1617);
#1142=LINE('',#6102,#1618);
#1143=LINE('',#6106,#1619);
#1144=LINE('',#6108,#1620);
#1145=LINE('',#6110,#1621);
#1146=LINE('',#6111,#1622);
#1147=LINE('',#6113,#1623);
#1148=LINE('',#6114,#1624);
#1149=LINE('',#6116,#1625);
#1150=LINE('',#6118,#1626);
#1151=LINE('',#6123,#1627);
#1152=LINE('',#6125,#1628);
#1153=LINE('',#6127,#1629);
#1154=LINE('',#6128,#1630);
#1155=LINE('',#6132,#1631);
#1156=LINE('',#6134,#1632);
#1157=LINE('',#6136,#1633);
#1158=LINE('',#6137,#1634);
#1159=LINE('',#6139,#1635);
#1160=LINE('',#6140,#1636);
#1161=LINE('',#6142,#1637);
#1162=LINE('',#6144,#1638);
#1163=LINE('',#6149,#1639);
#1164=LINE('',#6151,#1640);
#1165=LINE('',#6153,#1641);
#1166=LINE('',#6154,#1642);
#1167=LINE('',#6158,#1643);
#1168=LINE('',#6160,#1644);
#1169=LINE('',#6162,#1645);
#1170=LINE('',#6163,#1646);
#1171=LINE('',#6165,#1647);
#1172=LINE('',#6166,#1648);
#1173=LINE('',#6168,#1649);
#1174=LINE('',#6170,#1650);
#1175=LINE('',#6175,#1651);
#1176=LINE('',#6177,#1652);
#1177=LINE('',#6179,#1653);
#1178=LINE('',#6180,#1654);
#1179=LINE('',#6184,#1655);
#1180=LINE('',#6186,#1656);
#1181=LINE('',#6188,#1657);
#1182=LINE('',#6189,#1658);
#1183=LINE('',#6191,#1659);
#1184=LINE('',#6192,#1660);
#1185=LINE('',#6194,#1661);
#1186=LINE('',#6196,#1662);
#1187=LINE('',#6201,#1663);
#1188=LINE('',#6203,#1664);
#1189=LINE('',#6205,#1665);
#1190=LINE('',#6206,#1666);
#1191=LINE('',#6210,#1667);
#1192=LINE('',#6212,#1668);
#1193=LINE('',#6214,#1669);
#1194=LINE('',#6215,#1670);
#1195=LINE('',#6217,#1671);
#1196=LINE('',#6218,#1672);
#1197=LINE('',#6220,#1673);
#1198=LINE('',#6222,#1674);
#1199=LINE('',#6227,#1675);
#1200=LINE('',#6229,#1676);
#1201=LINE('',#6231,#1677);
#1202=LINE('',#6232,#1678);
#1203=LINE('',#6236,#1679);
#1204=LINE('',#6238,#1680);
#1205=LINE('',#6240,#1681);
#1206=LINE('',#6241,#1682);
#1207=LINE('',#6243,#1683);
#1208=LINE('',#6244,#1684);
#1209=LINE('',#6246,#1685);
#1210=LINE('',#6248,#1686);
#1211=LINE('',#6254,#1687);
#1212=LINE('',#6262,#1688);
#1213=LINE('',#6269,#1689);
#1214=LINE('',#6271,#1690);
#1215=LINE('',#6273,#1691);
#1216=LINE('',#6274,#1692);
#1217=LINE('',#6278,#1693);
#1218=LINE('',#6280,#1694);
#1219=LINE('',#6282,#1695);
#1220=LINE('',#6283,#1696);
#1221=LINE('',#6285,#1697);
#1222=LINE('',#6286,#1698);
#1223=LINE('',#6288,#1699);
#1224=LINE('',#6290,#1700);
#1225=LINE('',#6295,#1701);
#1226=LINE('',#6297,#1702);
#1227=LINE('',#6299,#1703);
#1228=LINE('',#6300,#1704);
#1229=LINE('',#6304,#1705);
#1230=LINE('',#6306,#1706);
#1231=LINE('',#6308,#1707);
#1232=LINE('',#6309,#1708);
#1233=LINE('',#6311,#1709);
#1234=LINE('',#6312,#1710);
#1235=LINE('',#6314,#1711);
#1236=LINE('',#6316,#1712);
#1237=LINE('',#6321,#1713);
#1238=LINE('',#6323,#1714);
#1239=LINE('',#6325,#1715);
#1240=LINE('',#6326,#1716);
#1241=LINE('',#6330,#1717);
#1242=LINE('',#6332,#1718);
#1243=LINE('',#6334,#1719);
#1244=LINE('',#6335,#1720);
#1245=LINE('',#6337,#1721);
#1246=LINE('',#6338,#1722);
#1247=LINE('',#6340,#1723);
#1248=LINE('',#6342,#1724);
#1249=LINE('',#6347,#1725);
#1250=LINE('',#6349,#1726);
#1251=LINE('',#6351,#1727);
#1252=LINE('',#6352,#1728);
#1253=LINE('',#6356,#1729);
#1254=LINE('',#6358,#1730);
#1255=LINE('',#6360,#1731);
#1256=LINE('',#6361,#1732);
#1257=LINE('',#6363,#1733);
#1258=LINE('',#6364,#1734);
#1259=LINE('',#6366,#1735);
#1260=LINE('',#6368,#1736);
#1261=LINE('',#6373,#1737);
#1262=LINE('',#6375,#1738);
#1263=LINE('',#6377,#1739);
#1264=LINE('',#6378,#1740);
#1265=LINE('',#6382,#1741);
#1266=LINE('',#6384,#1742);
#1267=LINE('',#6386,#1743);
#1268=LINE('',#6387,#1744);
#1269=LINE('',#6389,#1745);
#1270=LINE('',#6390,#1746);
#1271=LINE('',#6392,#1747);
#1272=LINE('',#6394,#1748);
#1273=LINE('',#6399,#1749);
#1274=LINE('',#6401,#1750);
#1275=LINE('',#6403,#1751);
#1276=LINE('',#6404,#1752);
#1277=LINE('',#6408,#1753);
#1278=LINE('',#6410,#1754);
#1279=LINE('',#6412,#1755);
#1280=LINE('',#6413,#1756);
#1281=LINE('',#6415,#1757);
#1282=LINE('',#6416,#1758);
#1283=LINE('',#6418,#1759);
#1284=LINE('',#6420,#1760);
#1285=LINE('',#6425,#1761);
#1286=LINE('',#6427,#1762);
#1287=LINE('',#6429,#1763);
#1288=LINE('',#6430,#1764);
#1289=LINE('',#6434,#1765);
#1290=LINE('',#6436,#1766);
#1291=LINE('',#6438,#1767);
#1292=LINE('',#6439,#1768);
#1293=LINE('',#6441,#1769);
#1294=LINE('',#6442,#1770);
#1295=LINE('',#6444,#1771);
#1296=LINE('',#6446,#1772);
#1297=LINE('',#6451,#1773);
#1298=LINE('',#6453,#1774);
#1299=LINE('',#6455,#1775);
#1300=LINE('',#6456,#1776);
#1301=LINE('',#6460,#1777);
#1302=LINE('',#6462,#1778);
#1303=LINE('',#6464,#1779);
#1304=LINE('',#6465,#1780);
#1305=LINE('',#6467,#1781);
#1306=LINE('',#6468,#1782);
#1307=LINE('',#6470,#1783);
#1308=LINE('',#6472,#1784);
#1309=LINE('',#6477,#1785);
#1310=LINE('',#6479,#1786);
#1311=LINE('',#6481,#1787);
#1312=LINE('',#6482,#1788);
#1313=LINE('',#6486,#1789);
#1314=LINE('',#6488,#1790);
#1315=LINE('',#6490,#1791);
#1316=LINE('',#6491,#1792);
#1317=LINE('',#6493,#1793);
#1318=LINE('',#6494,#1794);
#1319=LINE('',#6496,#1795);
#1320=LINE('',#6498,#1796);
#1321=LINE('',#6503,#1797);
#1322=LINE('',#6505,#1798);
#1323=LINE('',#6507,#1799);
#1324=LINE('',#6508,#1800);
#1325=LINE('',#6512,#1801);
#1326=LINE('',#6514,#1802);
#1327=LINE('',#6516,#1803);
#1328=LINE('',#6517,#1804);
#1329=LINE('',#6519,#1805);
#1330=LINE('',#6520,#1806);
#1331=LINE('',#6522,#1807);
#1332=LINE('',#6524,#1808);
#1333=LINE('',#6529,#1809);
#1334=LINE('',#6531,#1810);
#1335=LINE('',#6533,#1811);
#1336=LINE('',#6534,#1812);
#1337=LINE('',#6538,#1813);
#1338=LINE('',#6540,#1814);
#1339=LINE('',#6542,#1815);
#1340=LINE('',#6543,#1816);
#1341=LINE('',#6545,#1817);
#1342=LINE('',#6546,#1818);
#1343=LINE('',#6548,#1819);
#1344=LINE('',#6550,#1820);
#1345=LINE('',#6555,#1821);
#1346=LINE('',#6557,#1822);
#1347=LINE('',#6559,#1823);
#1348=LINE('',#6560,#1824);
#1349=LINE('',#6564,#1825);
#1350=LINE('',#6566,#1826);
#1351=LINE('',#6568,#1827);
#1352=LINE('',#6569,#1828);
#1353=LINE('',#6571,#1829);
#1354=LINE('',#6572,#1830);
#1355=LINE('',#6574,#1831);
#1356=LINE('',#6576,#1832);
#1357=LINE('',#6581,#1833);
#1358=LINE('',#6583,#1834);
#1359=LINE('',#6585,#1835);
#1360=LINE('',#6586,#1836);
#1361=LINE('',#6590,#1837);
#1362=LINE('',#6592,#1838);
#1363=LINE('',#6594,#1839);
#1364=LINE('',#6595,#1840);
#1365=LINE('',#6597,#1841);
#1366=LINE('',#6598,#1842);
#1367=LINE('',#6600,#1843);
#1368=LINE('',#6602,#1844);
#1369=LINE('',#6607,#1845);
#1370=LINE('',#6609,#1846);
#1371=LINE('',#6611,#1847);
#1372=LINE('',#6612,#1848);
#1373=LINE('',#6616,#1849);
#1374=LINE('',#6618,#1850);
#1375=LINE('',#6620,#1851);
#1376=LINE('',#6621,#1852);
#1377=LINE('',#6623,#1853);
#1378=LINE('',#6624,#1854);
#1379=LINE('',#6626,#1855);
#1380=LINE('',#6628,#1856);
#1381=LINE('',#6633,#1857);
#1382=LINE('',#6635,#1858);
#1383=LINE('',#6637,#1859);
#1384=LINE('',#6638,#1860);
#1385=LINE('',#6642,#1861);
#1386=LINE('',#6644,#1862);
#1387=LINE('',#6646,#1863);
#1388=LINE('',#6647,#1864);
#1389=LINE('',#6649,#1865);
#1390=LINE('',#6650,#1866);
#1391=LINE('',#6652,#1867);
#1392=LINE('',#6654,#1868);
#1393=LINE('',#6659,#1869);
#1394=LINE('',#6661,#1870);
#1395=LINE('',#6663,#1871);
#1396=LINE('',#6664,#1872);
#1397=LINE('',#6668,#1873);
#1398=LINE('',#6670,#1874);
#1399=LINE('',#6672,#1875);
#1400=LINE('',#6673,#1876);
#1401=LINE('',#6675,#1877);
#1402=LINE('',#6676,#1878);
#1403=LINE('',#6678,#1879);
#1404=LINE('',#6680,#1880);
#1405=VECTOR('',#4471,1.1);
#1406=VECTOR('',#4478,1.1);
#1407=VECTOR('',#4485,1.1);
#1408=VECTOR('',#4492,1.1);
#1409=VECTOR('',#4497,10.);
#1410=VECTOR('',#4498,10.);
#1411=VECTOR('',#4499,10.);
#1412=VECTOR('',#4500,10.);
#1413=VECTOR('',#4503,10.);
#1414=VECTOR('',#4504,10.);
#1415=VECTOR('',#4505,10.);
#1416=VECTOR('',#4506,10.);
#1417=VECTOR('',#4509,10.);
#1418=VECTOR('',#4510,10.);
#1419=VECTOR('',#4513,10.);
#1420=VECTOR('',#4516,10.);
#1421=VECTOR('',#4521,10.);
#1422=VECTOR('',#4522,10.);
#1423=VECTOR('',#4523,10.);
#1424=VECTOR('',#4524,10.);
#1425=VECTOR('',#4527,10.);
#1426=VECTOR('',#4528,10.);
#1427=VECTOR('',#4529,10.);
#1428=VECTOR('',#4530,10.);
#1429=VECTOR('',#4533,10.);
#1430=VECTOR('',#4534,10.);
#1431=VECTOR('',#4537,10.);
#1432=VECTOR('',#4540,10.);
#1433=VECTOR('',#4545,10.);
#1434=VECTOR('',#4546,10.);
#1435=VECTOR('',#4547,10.);
#1436=VECTOR('',#4548,10.);
#1437=VECTOR('',#4551,10.);
#1438=VECTOR('',#4552,10.);
#1439=VECTOR('',#4553,10.);
#1440=VECTOR('',#4554,10.);
#1441=VECTOR('',#4557,10.);
#1442=VECTOR('',#4558,10.);
#1443=VECTOR('',#4561,10.);
#1444=VECTOR('',#4564,10.);
#1445=VECTOR('',#4571,1.1);
#1446=VECTOR('',#4578,3.05);
#1447=VECTOR('',#4589,1.1);
#1448=VECTOR('',#4596,3.05);
#1449=VECTOR('',#4607,1.1);
#1450=VECTOR('',#4614,3.05);
#1451=VECTOR('',#4625,1.1);
#1452=VECTOR('',#4632,3.05);
#1453=VECTOR('',#4641,10.);
#1454=VECTOR('',#4642,10.);
#1455=VECTOR('',#4643,10.);
#1456=VECTOR('',#4644,10.);
#1457=VECTOR('',#4647,10.);
#1458=VECTOR('',#4648,10.);
#1459=VECTOR('',#4649,10.);
#1460=VECTOR('',#4652,10.);
#1461=VECTOR('',#4653,10.);
#1462=VECTOR('',#4654,10.);
#1463=VECTOR('',#4657,10.);
#1464=VECTOR('',#4658,10.);
#1465=VECTOR('',#4663,18.5);
#1466=VECTOR('',#4672,10.);
#1467=VECTOR('',#4673,10.);
#1468=VECTOR('',#4674,10.);
#1469=VECTOR('',#4675,10.);
#1470=VECTOR('',#4678,10.);
#1471=VECTOR('',#4679,10.);
#1472=VECTOR('',#4680,10.);
#1473=VECTOR('',#4683,10.);
#1474=VECTOR('',#4684,10.);
#1475=VECTOR('',#4685,10.);
#1476=VECTOR('',#4688,10.);
#1477=VECTOR('',#4689,10.);
#1478=VECTOR('',#4694,17.1);
#1479=VECTOR('',#4703,10.);
#1480=VECTOR('',#4704,10.);
#1481=VECTOR('',#4705,10.);
#1482=VECTOR('',#4706,10.);
#1483=VECTOR('',#4709,10.);
#1484=VECTOR('',#4710,10.);
#1485=VECTOR('',#4711,10.);
#1486=VECTOR('',#4712,10.);
#1487=VECTOR('',#4715,10.);
#1488=VECTOR('',#4716,10.);
#1489=VECTOR('',#4719,10.);
#1490=VECTOR('',#4722,10.);
#1491=VECTOR('',#4727,10.);
#1492=VECTOR('',#4728,10.);
#1493=VECTOR('',#4729,10.);
#1494=VECTOR('',#4730,10.);
#1495=VECTOR('',#4733,10.);
#1496=VECTOR('',#4734,10.);
#1497=VECTOR('',#4735,10.);
#1498=VECTOR('',#4736,10.);
#1499=VECTOR('',#4739,10.);
#1500=VECTOR('',#4740,10.);
#1501=VECTOR('',#4743,10.);
#1502=VECTOR('',#4746,10.);
#1503=VECTOR('',#4751,10.);
#1504=VECTOR('',#4752,10.);
#1505=VECTOR('',#4753,10.);
#1506=VECTOR('',#4754,10.);
#1507=VECTOR('',#4757,10.);
#1508=VECTOR('',#4758,10.);
#1509=VECTOR('',#4759,10.);
#1510=VECTOR('',#4760,10.);
#1511=VECTOR('',#4763,10.);
#1512=VECTOR('',#4764,10.);
#1513=VECTOR('',#4767,10.);
#1514=VECTOR('',#4770,10.);
#1515=VECTOR('',#4775,10.);
#1516=VECTOR('',#4776,10.);
#1517=VECTOR('',#4777,10.);
#1518=VECTOR('',#4778,10.);
#1519=VECTOR('',#4781,10.);
#1520=VECTOR('',#4782,10.);
#1521=VECTOR('',#4783,10.);
#1522=VECTOR('',#4784,10.);
#1523=VECTOR('',#4787,10.);
#1524=VECTOR('',#4788,10.);
#1525=VECTOR('',#4791,10.);
#1526=VECTOR('',#4794,10.);
#1527=VECTOR('',#4799,10.);
#1528=VECTOR('',#4800,10.);
#1529=VECTOR('',#4801,10.);
#1530=VECTOR('',#4802,10.);
#1531=VECTOR('',#4805,10.);
#1532=VECTOR('',#4806,10.);
#1533=VECTOR('',#4807,10.);
#1534=VECTOR('',#4808,10.);
#1535=VECTOR('',#4811,10.);
#1536=VECTOR('',#4812,10.);
#1537=VECTOR('',#4815,10.);
#1538=VECTOR('',#4818,10.);
#1539=VECTOR('',#4823,10.);
#1540=VECTOR('',#4824,10.);
#1541=VECTOR('',#4825,10.);
#1542=VECTOR('',#4826,10.);
#1543=VECTOR('',#4829,10.);
#1544=VECTOR('',#4830,10.);
#1545=VECTOR('',#4831,10.);
#1546=VECTOR('',#4832,10.);
#1547=VECTOR('',#4835,10.);
#1548=VECTOR('',#4836,10.);
#1549=VECTOR('',#4839,10.);
#1550=VECTOR('',#4842,10.);
#1551=VECTOR('',#4847,10.);
#1552=VECTOR('',#4848,10.);
#1553=VECTOR('',#4849,10.);
#1554=VECTOR('',#4850,10.);
#1555=VECTOR('',#4853,10.);
#1556=VECTOR('',#4854,10.);
#1557=VECTOR('',#4855,10.);
#1558=VECTOR('',#4856,10.);
#1559=VECTOR('',#4859,10.);
#1560=VECTOR('',#4860,10.);
#1561=VECTOR('',#4863,10.);
#1562=VECTOR('',#4866,10.);
#1563=VECTOR('',#4871,10.);
#1564=VECTOR('',#4872,10.);
#1565=VECTOR('',#4873,10.);
#1566=VECTOR('',#4874,10.);
#1567=VECTOR('',#4877,10.);
#1568=VECTOR('',#4878,10.);
#1569=VECTOR('',#4879,10.);
#1570=VECTOR('',#4880,10.);
#1571=VECTOR('',#4883,10.);
#1572=VECTOR('',#4884,10.);
#1573=VECTOR('',#4887,10.);
#1574=VECTOR('',#4890,10.);
#1575=VECTOR('',#4895,10.);
#1576=VECTOR('',#4896,10.);
#1577=VECTOR('',#4897,10.);
#1578=VECTOR('',#4898,10.);
#1579=VECTOR('',#4901,10.);
#1580=VECTOR('',#4902,10.);
#1581=VECTOR('',#4903,10.);
#1582=VECTOR('',#4904,10.);
#1583=VECTOR('',#4907,10.);
#1584=VECTOR('',#4908,10.);
#1585=VECTOR('',#4911,10.);
#1586=VECTOR('',#4914,10.);
#1587=VECTOR('',#4919,10.);
#1588=VECTOR('',#4920,10.);
#1589=VECTOR('',#4921,10.);
#1590=VECTOR('',#4922,10.);
#1591=VECTOR('',#4925,10.);
#1592=VECTOR('',#4926,10.);
#1593=VECTOR('',#4927,10.);
#1594=VECTOR('',#4928,10.);
#1595=VECTOR('',#4931,10.);
#1596=VECTOR('',#4932,10.);
#1597=VECTOR('',#4935,10.);
#1598=VECTOR('',#4938,10.);
#1599=VECTOR('',#4943,10.);
#1600=VECTOR('',#4944,10.);
#1601=VECTOR('',#4945,10.);
#1602=VECTOR('',#4946,10.);
#1603=VECTOR('',#4949,10.);
#1604=VECTOR('',#4950,10.);
#1605=VECTOR('',#4951,10.);
#1606=VECTOR('',#4952,10.);
#1607=VECTOR('',#4955,10.);
#1608=VECTOR('',#4956,10.);
#1609=VECTOR('',#4959,10.);
#1610=VECTOR('',#4962,10.);
#1611=VECTOR('',#4969,1.6);
#1612=VECTOR('',#4976,2.7);
#1613=VECTOR('',#4987,1.6);
#1614=VECTOR('',#4998,1.6);
#1615=VECTOR('',#5007,10.);
#1616=VECTOR('',#5008,10.);
#1617=VECTOR('',#5009,10.);
#1618=VECTOR('',#5010,10.);
#1619=VECTOR('',#5013,10.);
#1620=VECTOR('',#5014,10.);
#1621=VECTOR('',#5015,10.);
#1622=VECTOR('',#5016,10.);
#1623=VECTOR('',#5019,10.);
#1624=VECTOR('',#5020,10.);
#1625=VECTOR('',#5023,10.);
#1626=VECTOR('',#5026,10.);
#1627=VECTOR('',#5031,10.);
#1628=VECTOR('',#5032,10.);
#1629=VECTOR('',#5033,10.);
#1630=VECTOR('',#5034,10.);
#1631=VECTOR('',#5037,10.);
#1632=VECTOR('',#5038,10.);
#1633=VECTOR('',#5039,10.);
#1634=VECTOR('',#5040,10.);
#1635=VECTOR('',#5043,10.);
#1636=VECTOR('',#5044,10.);
#1637=VECTOR('',#5047,10.);
#1638=VECTOR('',#5050,10.);
#1639=VECTOR('',#5055,10.);
#1640=VECTOR('',#5056,10.);
#1641=VECTOR('',#5057,10.);
#1642=VECTOR('',#5058,10.);
#1643=VECTOR('',#5061,10.);
#1644=VECTOR('',#5062,10.);
#1645=VECTOR('',#5063,10.);
#1646=VECTOR('',#5064,10.);
#1647=VECTOR('',#5067,10.);
#1648=VECTOR('',#5068,10.);
#1649=VECTOR('',#5071,10.);
#1650=VECTOR('',#5074,10.);
#1651=VECTOR('',#5079,10.);
#1652=VECTOR('',#5080,10.);
#1653=VECTOR('',#5081,10.);
#1654=VECTOR('',#5082,10.);
#1655=VECTOR('',#5085,10.);
#1656=VECTOR('',#5086,10.);
#1657=VECTOR('',#5087,10.);
#1658=VECTOR('',#5088,10.);
#1659=VECTOR('',#5091,10.);
#1660=VECTOR('',#5092,10.);
#1661=VECTOR('',#5095,10.);
#1662=VECTOR('',#5098,10.);
#1663=VECTOR('',#5103,10.);
#1664=VECTOR('',#5104,10.);
#1665=VECTOR('',#5105,10.);
#1666=VECTOR('',#5106,10.);
#1667=VECTOR('',#5109,10.);
#1668=VECTOR('',#5110,10.);
#1669=VECTOR('',#5111,10.);
#1670=VECTOR('',#5112,10.);
#1671=VECTOR('',#5115,10.);
#1672=VECTOR('',#5116,10.);
#1673=VECTOR('',#5119,10.);
#1674=VECTOR('',#5122,10.);
#1675=VECTOR('',#5127,10.);
#1676=VECTOR('',#5128,10.);
#1677=VECTOR('',#5129,10.);
#1678=VECTOR('',#5130,10.);
#1679=VECTOR('',#5133,10.);
#1680=VECTOR('',#5134,10.);
#1681=VECTOR('',#5135,10.);
#1682=VECTOR('',#5136,10.);
#1683=VECTOR('',#5139,10.);
#1684=VECTOR('',#5140,10.);
#1685=VECTOR('',#5143,10.);
#1686=VECTOR('',#5146,10.);
#1687=VECTOR('',#5153,2.1);
#1688=VECTOR('',#5164,4.3);
#1689=VECTOR('',#5173,10.);
#1690=VECTOR('',#5174,10.);
#1691=VECTOR('',#5175,10.);
#1692=VECTOR('',#5176,10.);
#1693=VECTOR('',#5179,10.);
#1694=VECTOR('',#5180,10.);
#1695=VECTOR('',#5181,10.);
#1696=VECTOR('',#5182,10.);
#1697=VECTOR('',#5185,10.);
#1698=VECTOR('',#5186,10.);
#1699=VECTOR('',#5189,10.);
#1700=VECTOR('',#5192,10.);
#1701=VECTOR('',#5197,10.);
#1702=VECTOR('',#5198,10.);
#1703=VECTOR('',#5199,10.);
#1704=VECTOR('',#5200,10.);
#1705=VECTOR('',#5203,10.);
#1706=VECTOR('',#5204,10.);
#1707=VECTOR('',#5205,10.);
#1708=VECTOR('',#5206,10.);
#1709=VECTOR('',#5209,10.);
#1710=VECTOR('',#5210,10.);
#1711=VECTOR('',#5213,10.);
#1712=VECTOR('',#5216,10.);
#1713=VECTOR('',#5221,10.);
#1714=VECTOR('',#5222,10.);
#1715=VECTOR('',#5223,10.);
#1716=VECTOR('',#5224,10.);
#1717=VECTOR('',#5227,10.);
#1718=VECTOR('',#5228,10.);
#1719=VECTOR('',#5229,10.);
#1720=VECTOR('',#5230,10.);
#1721=VECTOR('',#5233,10.);
#1722=VECTOR('',#5234,10.);
#1723=VECTOR('',#5237,10.);
#1724=VECTOR('',#5240,10.);
#1725=VECTOR('',#5245,10.);
#1726=VECTOR('',#5246,10.);
#1727=VECTOR('',#5247,10.);
#1728=VECTOR('',#5248,10.);
#1729=VECTOR('',#5251,10.);
#1730=VECTOR('',#5252,10.);
#1731=VECTOR('',#5253,10.);
#1732=VECTOR('',#5254,10.);
#1733=VECTOR('',#5257,10.);
#1734=VECTOR('',#5258,10.);
#1735=VECTOR('',#5261,10.);
#1736=VECTOR('',#5264,10.);
#1737=VECTOR('',#5269,10.);
#1738=VECTOR('',#5270,10.);
#1739=VECTOR('',#5271,10.);
#1740=VECTOR('',#5272,10.);
#1741=VECTOR('',#5275,10.);
#1742=VECTOR('',#5276,10.);
#1743=VECTOR('',#5277,10.);
#1744=VECTOR('',#5278,10.);
#1745=VECTOR('',#5281,10.);
#1746=VECTOR('',#5282,10.);
#1747=VECTOR('',#5285,10.);
#1748=VECTOR('',#5288,10.);
#1749=VECTOR('',#5293,10.);
#1750=VECTOR('',#5294,10.);
#1751=VECTOR('',#5295,10.);
#1752=VECTOR('',#5296,10.);
#1753=VECTOR('',#5299,10.);
#1754=VECTOR('',#5300,10.);
#1755=VECTOR('',#5301,10.);
#1756=VECTOR('',#5302,10.);
#1757=VECTOR('',#5305,10.);
#1758=VECTOR('',#5306,10.);
#1759=VECTOR('',#5309,10.);
#1760=VECTOR('',#5312,10.);
#1761=VECTOR('',#5317,10.);
#1762=VECTOR('',#5318,10.);
#1763=VECTOR('',#5319,10.);
#1764=VECTOR('',#5320,10.);
#1765=VECTOR('',#5323,10.);
#1766=VECTOR('',#5324,10.);
#1767=VECTOR('',#5325,10.);
#1768=VECTOR('',#5326,10.);
#1769=VECTOR('',#5329,10.);
#1770=VECTOR('',#5330,10.);
#1771=VECTOR('',#5333,10.);
#1772=VECTOR('',#5336,10.);
#1773=VECTOR('',#5341,10.);
#1774=VECTOR('',#5342,10.);
#1775=VECTOR('',#5343,10.);
#1776=VECTOR('',#5344,10.);
#1777=VECTOR('',#5347,10.);
#1778=VECTOR('',#5348,10.);
#1779=VECTOR('',#5349,10.);
#1780=VECTOR('',#5350,10.);
#1781=VECTOR('',#5353,10.);
#1782=VECTOR('',#5354,10.);
#1783=VECTOR('',#5357,10.);
#1784=VECTOR('',#5360,10.);
#1785=VECTOR('',#5365,10.);
#1786=VECTOR('',#5366,10.);
#1787=VECTOR('',#5367,10.);
#1788=VECTOR('',#5368,10.);
#1789=VECTOR('',#5371,10.);
#1790=VECTOR('',#5372,10.);
#1791=VECTOR('',#5373,10.);
#1792=VECTOR('',#5374,10.);
#1793=VECTOR('',#5377,10.);
#1794=VECTOR('',#5378,10.);
#1795=VECTOR('',#5381,10.);
#1796=VECTOR('',#5384,10.);
#1797=VECTOR('',#5389,10.);
#1798=VECTOR('',#5390,10.);
#1799=VECTOR('',#5391,10.);
#1800=VECTOR('',#5392,10.);
#1801=VECTOR('',#5395,10.);
#1802=VECTOR('',#5396,10.);
#1803=VECTOR('',#5397,10.);
#1804=VECTOR('',#5398,10.);
#1805=VECTOR('',#5401,10.);
#1806=VECTOR('',#5402,10.);
#1807=VECTOR('',#5405,10.);
#1808=VECTOR('',#5408,10.);
#1809=VECTOR('',#5413,10.);
#1810=VECTOR('',#5414,10.);
#1811=VECTOR('',#5415,10.);
#1812=VECTOR('',#5416,10.);
#1813=VECTOR('',#5419,10.);
#1814=VECTOR('',#5420,10.);
#1815=VECTOR('',#5421,10.);
#1816=VECTOR('',#5422,10.);
#1817=VECTOR('',#5425,10.);
#1818=VECTOR('',#5426,10.);
#1819=VECTOR('',#5429,10.);
#1820=VECTOR('',#5432,10.);
#1821=VECTOR('',#5437,10.);
#1822=VECTOR('',#5438,10.);
#1823=VECTOR('',#5439,10.);
#1824=VECTOR('',#5440,10.);
#1825=VECTOR('',#5443,10.);
#1826=VECTOR('',#5444,10.);
#1827=VECTOR('',#5445,10.);
#1828=VECTOR('',#5446,10.);
#1829=VECTOR('',#5449,10.);
#1830=VECTOR('',#5450,10.);
#1831=VECTOR('',#5453,10.);
#1832=VECTOR('',#5456,10.);
#1833=VECTOR('',#5461,10.);
#1834=VECTOR('',#5462,10.);
#1835=VECTOR('',#5463,10.);
#1836=VECTOR('',#5464,10.);
#1837=VECTOR('',#5467,10.);
#1838=VECTOR('',#5468,10.);
#1839=VECTOR('',#5469,10.);
#1840=VECTOR('',#5470,10.);
#1841=VECTOR('',#5473,10.);
#1842=VECTOR('',#5474,10.);
#1843=VECTOR('',#5477,10.);
#1844=VECTOR('',#5480,10.);
#1845=VECTOR('',#5485,10.);
#1846=VECTOR('',#5486,10.);
#1847=VECTOR('',#5487,10.);
#1848=VECTOR('',#5488,10.);
#1849=VECTOR('',#5491,10.);
#1850=VECTOR('',#5492,10.);
#1851=VECTOR('',#5493,10.);
#1852=VECTOR('',#5494,10.);
#1853=VECTOR('',#5497,10.);
#1854=VECTOR('',#5498,10.);
#1855=VECTOR('',#5501,10.);
#1856=VECTOR('',#5504,10.);
#1857=VECTOR('',#5509,10.);
#1858=VECTOR('',#5510,10.);
#1859=VECTOR('',#5511,10.);
#1860=VECTOR('',#5512,10.);
#1861=VECTOR('',#5515,10.);
#1862=VECTOR('',#5516,10.);
#1863=VECTOR('',#5517,10.);
#1864=VECTOR('',#5518,10.);
#1865=VECTOR('',#5521,10.);
#1866=VECTOR('',#5522,10.);
#1867=VECTOR('',#5525,10.);
#1868=VECTOR('',#5528,10.);
#1869=VECTOR('',#5533,10.);
#1870=VECTOR('',#5534,10.);
#1871=VECTOR('',#5535,10.);
#1872=VECTOR('',#5536,10.);
#1873=VECTOR('',#5539,10.);
#1874=VECTOR('',#5540,10.);
#1875=VECTOR('',#5541,10.);
#1876=VECTOR('',#5542,10.);
#1877=VECTOR('',#5545,10.);
#1878=VECTOR('',#5546,10.);
#1879=VECTOR('',#5549,10.);
#1880=VECTOR('',#5552,10.);
#1881=CIRCLE('',#4160,1.1);
#1882=CIRCLE('',#4161,1.1);
#1883=CIRCLE('',#4163,1.1);
#1884=CIRCLE('',#4164,1.1);
#1885=CIRCLE('',#4166,1.1);
#1886=CIRCLE('',#4167,1.1);
#1887=CIRCLE('',#4169,1.1);
#1888=CIRCLE('',#4170,1.1);
#1889=CIRCLE('',#4190,1.1);
#1890=CIRCLE('',#4191,1.1);
#1891=CIRCLE('',#4193,3.05);
#1892=CIRCLE('',#4194,3.05);
#1893=CIRCLE('',#4198,1.1);
#1894=CIRCLE('',#4199,1.1);
#1895=CIRCLE('',#4201,3.05);
#1896=CIRCLE('',#4202,3.05);
#1897=CIRCLE('',#4206,1.1);
#1898=CIRCLE('',#4207,1.1);
#1899=CIRCLE('',#4209,3.05);
#1900=CIRCLE('',#4210,3.05);
#1901=CIRCLE('',#4214,1.1);
#1902=CIRCLE('',#4215,1.1);
#1903=CIRCLE('',#4217,3.05);
#1904=CIRCLE('',#4218,3.05);
#1905=CIRCLE('',#4226,18.5);
#1906=CIRCLE('',#4227,18.5);
#1907=CIRCLE('',#4235,17.1);
#1908=CIRCLE('',#4236,17.1);
#1909=CIRCLE('',#4306,1.6);
#1910=CIRCLE('',#4307,1.6);
#1911=CIRCLE('',#4309,2.7);
#1912=CIRCLE('',#4310,2.7);
#1913=CIRCLE('',#4314,1.6);
#1914=CIRCLE('',#4315,1.6);
#1915=CIRCLE('',#4319,1.6);
#1916=CIRCLE('',#4320,1.6);
#1917=CIRCLE('',#4360,2.1);
#1918=CIRCLE('',#4361,2.1);
#1919=CIRCLE('',#4365,4.3);
#1920=CIRCLE('',#4366,4.3);
#1921=VERTEX_POINT('',#5557);
#1922=VERTEX_POINT('',#5559);
#1923=VERTEX_POINT('',#5563);
#1924=VERTEX_POINT('',#5565);
#1925=VERTEX_POINT('',#5569);
#1926=VERTEX_POINT('',#5571);
#1927=VERTEX_POINT('',#5575);
#1928=VERTEX_POINT('',#5577);
#1929=VERTEX_POINT('',#5581);
#1930=VERTEX_POINT('',#5582);
#1931=VERTEX_POINT('',#5584);
#1932=VERTEX_POINT('',#5586);
#1933=VERTEX_POINT('',#5590);
#1934=VERTEX_POINT('',#5591);
#1935=VERTEX_POINT('',#5593);
#1936=VERTEX_POINT('',#5595);
#1937=VERTEX_POINT('',#5607);
#1938=VERTEX_POINT('',#5608);
#1939=VERTEX_POINT('',#5610);
#1940=VERTEX_POINT('',#5612);
#1941=VERTEX_POINT('',#5616);
#1942=VERTEX_POINT('',#5617);
#1943=VERTEX_POINT('',#5619);
#1944=VERTEX_POINT('',#5621);
#1945=VERTEX_POINT('',#5633);
#1946=VERTEX_POINT('',#5634);
#1947=VERTEX_POINT('',#5636);
#1948=VERTEX_POINT('',#5638);
#1949=VERTEX_POINT('',#5642);
#1950=VERTEX_POINT('',#5643);
#1951=VERTEX_POINT('',#5645);
#1952=VERTEX_POINT('',#5647);
#1953=VERTEX_POINT('',#5659);
#1954=VERTEX_POINT('',#5661);
#1955=VERTEX_POINT('',#5665);
#1956=VERTEX_POINT('',#5667);
#1957=VERTEX_POINT('',#5673);
#1958=VERTEX_POINT('',#5675);
#1959=VERTEX_POINT('',#5679);
#1960=VERTEX_POINT('',#5681);
#1961=VERTEX_POINT('',#5687);
#1962=VERTEX_POINT('',#5689);
#1963=VERTEX_POINT('',#5693);
#1964=VERTEX_POINT('',#5695);
#1965=VERTEX_POINT('',#5701);
#1966=VERTEX_POINT('',#5703);
#1967=VERTEX_POINT('',#5707);
#1968=VERTEX_POINT('',#5709);
#1969=VERTEX_POINT('',#5715);
#1970=VERTEX_POINT('',#5716);
#1971=VERTEX_POINT('',#5718);
#1972=VERTEX_POINT('',#5720);
#1973=VERTEX_POINT('',#5724);
#1974=VERTEX_POINT('',#5726);
#1975=VERTEX_POINT('',#5730);
#1976=VERTEX_POINT('',#5732);
#1977=VERTEX_POINT('',#5739);
#1978=VERTEX_POINT('',#5741);
#1979=VERTEX_POINT('',#5747);
#1980=VERTEX_POINT('',#5748);
#1981=VERTEX_POINT('',#5750);
#1982=VERTEX_POINT('',#5752);
#1983=VERTEX_POINT('',#5756);
#1984=VERTEX_POINT('',#5758);
#1985=VERTEX_POINT('',#5762);
#1986=VERTEX_POINT('',#5764);
#1987=VERTEX_POINT('',#5771);
#1988=VERTEX_POINT('',#5773);
#1989=VERTEX_POINT('',#5779);
#1990=VERTEX_POINT('',#5780);
#1991=VERTEX_POINT('',#5782);
#1992=VERTEX_POINT('',#5784);
#1993=VERTEX_POINT('',#5788);
#1994=VERTEX_POINT('',#5789);
#1995=VERTEX_POINT('',#5791);
#1996=VERTEX_POINT('',#5793);
#1997=VERTEX_POINT('',#5805);
#1998=VERTEX_POINT('',#5806);
#1999=VERTEX_POINT('',#5808);
#2000=VERTEX_POINT('',#5810);
#2001=VERTEX_POINT('',#5814);
#2002=VERTEX_POINT('',#5815);
#2003=VERTEX_POINT('',#5817);
#2004=VERTEX_POINT('',#5819);
#2005=VERTEX_POINT('',#5831);
#2006=VERTEX_POINT('',#5832);
#2007=VERTEX_POINT('',#5834);
#2008=VERTEX_POINT('',#5836);
#2009=VERTEX_POINT('',#5840);
#2010=VERTEX_POINT('',#5841);
#2011=VERTEX_POINT('',#5843);
#2012=VERTEX_POINT('',#5845);
#2013=VERTEX_POINT('',#5857);
#2014=VERTEX_POINT('',#5858);
#2015=VERTEX_POINT('',#5860);
#2016=VERTEX_POINT('',#5862);
#2017=VERTEX_POINT('',#5866);
#2018=VERTEX_POINT('',#5867);
#2019=VERTEX_POINT('',#5869);
#2020=VERTEX_POINT('',#5871);
#2021=VERTEX_POINT('',#5883);
#2022=VERTEX_POINT('',#5884);
#2023=VERTEX_POINT('',#5886);
#2024=VERTEX_POINT('',#5888);
#2025=VERTEX_POINT('',#5892);
#2026=VERTEX_POINT('',#5893);
#2027=VERTEX_POINT('',#5895);
#2028=VERTEX_POINT('',#5897);
#2029=VERTEX_POINT('',#5909);
#2030=VERTEX_POINT('',#5910);
#2031=VERTEX_POINT('',#5912);
#2032=VERTEX_POINT('',#5914);
#2033=VERTEX_POINT('',#5918);
#2034=VERTEX_POINT('',#5919);
#2035=VERTEX_POINT('',#5921);
#2036=VERTEX_POINT('',#5923);
#2037=VERTEX_POINT('',#5935);
#2038=VERTEX_POINT('',#5936);
#2039=VERTEX_POINT('',#5938);
#2040=VERTEX_POINT('',#5940);
#2041=VERTEX_POINT('',#5944);
#2042=VERTEX_POINT('',#5945);
#2043=VERTEX_POINT('',#5947);
#2044=VERTEX_POINT('',#5949);
#2045=VERTEX_POINT('',#5961);
#2046=VERTEX_POINT('',#5962);
#2047=VERTEX_POINT('',#5964);
#2048=VERTEX_POINT('',#5966);
#2049=VERTEX_POINT('',#5970);
#2050=VERTEX_POINT('',#5971);
#2051=VERTEX_POINT('',#5973);
#2052=VERTEX_POINT('',#5975);
#2053=VERTEX_POINT('',#5987);
#2054=VERTEX_POINT('',#5988);
#2055=VERTEX_POINT('',#5990);
#2056=VERTEX_POINT('',#5992);
#2057=VERTEX_POINT('',#5996);
#2058=VERTEX_POINT('',#5997);
#2059=VERTEX_POINT('',#5999);
#2060=VERTEX_POINT('',#6001);
#2061=VERTEX_POINT('',#6013);
#2062=VERTEX_POINT('',#6014);
#2063=VERTEX_POINT('',#6016);
#2064=VERTEX_POINT('',#6018);
#2065=VERTEX_POINT('',#6022);
#2066=VERTEX_POINT('',#6023);
#2067=VERTEX_POINT('',#6025);
#2068=VERTEX_POINT('',#6027);
#2069=VERTEX_POINT('',#6039);
#2070=VERTEX_POINT('',#6040);
#2071=VERTEX_POINT('',#6042);
#2072=VERTEX_POINT('',#6044);
#2073=VERTEX_POINT('',#6048);
#2074=VERTEX_POINT('',#6049);
#2075=VERTEX_POINT('',#6051);
#2076=VERTEX_POINT('',#6053);
#2077=VERTEX_POINT('',#6065);
#2078=VERTEX_POINT('',#6067);
#2079=VERTEX_POINT('',#6071);
#2080=VERTEX_POINT('',#6073);
#2081=VERTEX_POINT('',#6079);
#2082=VERTEX_POINT('',#6081);
#2083=VERTEX_POINT('',#6087);
#2084=VERTEX_POINT('',#6089);
#2085=VERTEX_POINT('',#6095);
#2086=VERTEX_POINT('',#6096);
#2087=VERTEX_POINT('',#6098);
#2088=VERTEX_POINT('',#6100);
#2089=VERTEX_POINT('',#6104);
#2090=VERTEX_POINT('',#6105);
#2091=VERTEX_POINT('',#6107);
#2092=VERTEX_POINT('',#6109);
#2093=VERTEX_POINT('',#6121);
#2094=VERTEX_POINT('',#6122);
#2095=VERTEX_POINT('',#6124);
#2096=VERTEX_POINT('',#6126);
#2097=VERTEX_POINT('',#6130);
#2098=VERTEX_POINT('',#6131);
#2099=VERTEX_POINT('',#6133);
#2100=VERTEX_POINT('',#6135);
#2101=VERTEX_POINT('',#6147);
#2102=VERTEX_POINT('',#6148);
#2103=VERTEX_POINT('',#6150);
#2104=VERTEX_POINT('',#6152);
#2105=VERTEX_POINT('',#6156);
#2106=VERTEX_POINT('',#6157);
#2107=VERTEX_POINT('',#6159);
#2108=VERTEX_POINT('',#6161);
#2109=VERTEX_POINT('',#6173);
#2110=VERTEX_POINT('',#6174);
#2111=VERTEX_POINT('',#6176);
#2112=VERTEX_POINT('',#6178);
#2113=VERTEX_POINT('',#6182);
#2114=VERTEX_POINT('',#6183);
#2115=VERTEX_POINT('',#6185);
#2116=VERTEX_POINT('',#6187);
#2117=VERTEX_POINT('',#6199);
#2118=VERTEX_POINT('',#6200);
#2119=VERTEX_POINT('',#6202);
#2120=VERTEX_POINT('',#6204);
#2121=VERTEX_POINT('',#6208);
#2122=VERTEX_POINT('',#6209);
#2123=VERTEX_POINT('',#6211);
#2124=VERTEX_POINT('',#6213);
#2125=VERTEX_POINT('',#6225);
#2126=VERTEX_POINT('',#6226);
#2127=VERTEX_POINT('',#6228);
#2128=VERTEX_POINT('',#6230);
#2129=VERTEX_POINT('',#6234);
#2130=VERTEX_POINT('',#6235);
#2131=VERTEX_POINT('',#6237);
#2132=VERTEX_POINT('',#6239);
#2133=VERTEX_POINT('',#6251);
#2134=VERTEX_POINT('',#6253);
#2135=VERTEX_POINT('',#6259);
#2136=VERTEX_POINT('',#6261);
#2137=VERTEX_POINT('',#6267);
#2138=VERTEX_POINT('',#6268);
#2139=VERTEX_POINT('',#6270);
#2140=VERTEX_POINT('',#6272);
#2141=VERTEX_POINT('',#6276);
#2142=VERTEX_POINT('',#6277);
#2143=VERTEX_POINT('',#6279);
#2144=VERTEX_POINT('',#6281);
#2145=VERTEX_POINT('',#6293);
#2146=VERTEX_POINT('',#6294);
#2147=VERTEX_POINT('',#6296);
#2148=VERTEX_POINT('',#6298);
#2149=VERTEX_POINT('',#6302);
#2150=VERTEX_POINT('',#6303);
#2151=VERTEX_POINT('',#6305);
#2152=VERTEX_POINT('',#6307);
#2153=VERTEX_POINT('',#6319);
#2154=VERTEX_POINT('',#6320);
#2155=VERTEX_POINT('',#6322);
#2156=VERTEX_POINT('',#6324);
#2157=VERTEX_POINT('',#6328);
#2158=VERTEX_POINT('',#6329);
#2159=VERTEX_POINT('',#6331);
#2160=VERTEX_POINT('',#6333);
#2161=VERTEX_POINT('',#6345);
#2162=VERTEX_POINT('',#6346);
#2163=VERTEX_POINT('',#6348);
#2164=VERTEX_POINT('',#6350);
#2165=VERTEX_POINT('',#6354);
#2166=VERTEX_POINT('',#6355);
#2167=VERTEX_POINT('',#6357);
#2168=VERTEX_POINT('',#6359);
#2169=VERTEX_POINT('',#6371);
#2170=VERTEX_POINT('',#6372);
#2171=VERTEX_POINT('',#6374);
#2172=VERTEX_POINT('',#6376);
#2173=VERTEX_POINT('',#6380);
#2174=VERTEX_POINT('',#6381);
#2175=VERTEX_POINT('',#6383);
#2176=VERTEX_POINT('',#6385);
#2177=VERTEX_POINT('',#6397);
#2178=VERTEX_POINT('',#6398);
#2179=VERTEX_POINT('',#6400);
#2180=VERTEX_POINT('',#6402);
#2181=VERTEX_POINT('',#6406);
#2182=VERTEX_POINT('',#6407);
#2183=VERTEX_POINT('',#6409);
#2184=VERTEX_POINT('',#6411);
#2185=VERTEX_POINT('',#6423);
#2186=VERTEX_POINT('',#6424);
#2187=VERTEX_POINT('',#6426);
#2188=VERTEX_POINT('',#6428);
#2189=VERTEX_POINT('',#6432);
#2190=VERTEX_POINT('',#6433);
#2191=VERTEX_POINT('',#6435);
#2192=VERTEX_POINT('',#6437);
#2193=VERTEX_POINT('',#6449);
#2194=VERTEX_POINT('',#6450);
#2195=VERTEX_POINT('',#6452);
#2196=VERTEX_POINT('',#6454);
#2197=VERTEX_POINT('',#6458);
#2198=VERTEX_POINT('',#6459);
#2199=VERTEX_POINT('',#6461);
#2200=VERTEX_POINT('',#6463);
#2201=VERTEX_POINT('',#6475);
#2202=VERTEX_POINT('',#6476);
#2203=VERTEX_POINT('',#6478);
#2204=VERTEX_POINT('',#6480);
#2205=VERTEX_POINT('',#6484);
#2206=VERTEX_POINT('',#6485);
#2207=VERTEX_POINT('',#6487);
#2208=VERTEX_POINT('',#6489);
#2209=VERTEX_POINT('',#6501);
#2210=VERTEX_POINT('',#6502);
#2211=VERTEX_POINT('',#6504);
#2212=VERTEX_POINT('',#6506);
#2213=VERTEX_POINT('',#6510);
#2214=VERTEX_POINT('',#6511);
#2215=VERTEX_POINT('',#6513);
#2216=VERTEX_POINT('',#6515);
#2217=VERTEX_POINT('',#6527);
#2218=VERTEX_POINT('',#6528);
#2219=VERTEX_POINT('',#6530);
#2220=VERTEX_POINT('',#6532);
#2221=VERTEX_POINT('',#6536);
#2222=VERTEX_POINT('',#6537);
#2223=VERTEX_POINT('',#6539);
#2224=VERTEX_POINT('',#6541);
#2225=VERTEX_POINT('',#6553);
#2226=VERTEX_POINT('',#6554);
#2227=VERTEX_POINT('',#6556);
#2228=VERTEX_POINT('',#6558);
#2229=VERTEX_POINT('',#6562);
#2230=VERTEX_POINT('',#6563);
#2231=VERTEX_POINT('',#6565);
#2232=VERTEX_POINT('',#6567);
#2233=VERTEX_POINT('',#6579);
#2234=VERTEX_POINT('',#6580);
#2235=VERTEX_POINT('',#6582);
#2236=VERTEX_POINT('',#6584);
#2237=VERTEX_POINT('',#6588);
#2238=VERTEX_POINT('',#6589);
#2239=VERTEX_POINT('',#6591);
#2240=VERTEX_POINT('',#6593);
#2241=VERTEX_POINT('',#6605);
#2242=VERTEX_POINT('',#6606);
#2243=VERTEX_POINT('',#6608);
#2244=VERTEX_POINT('',#6610);
#2245=VERTEX_POINT('',#6614);
#2246=VERTEX_POINT('',#6615);
#2247=VERTEX_POINT('',#6617);
#2248=VERTEX_POINT('',#6619);
#2249=VERTEX_POINT('',#6631);
#2250=VERTEX_POINT('',#6632);
#2251=VERTEX_POINT('',#6634);
#2252=VERTEX_POINT('',#6636);
#2253=VERTEX_POINT('',#6640);
#2254=VERTEX_POINT('',#6641);
#2255=VERTEX_POINT('',#6643);
#2256=VERTEX_POINT('',#6645);
#2257=VERTEX_POINT('',#6657);
#2258=VERTEX_POINT('',#6658);
#2259=VERTEX_POINT('',#6660);
#2260=VERTEX_POINT('',#6662);
#2261=VERTEX_POINT('',#6666);
#2262=VERTEX_POINT('',#6667);
#2263=VERTEX_POINT('',#6669);
#2264=VERTEX_POINT('',#6671);
#2265=EDGE_CURVE('',#1921,#1921,#1881,.T.);
#2266=EDGE_CURVE('',#1921,#1922,#929,.T.);
#2267=EDGE_CURVE('',#1922,#1922,#1882,.T.);
#2268=EDGE_CURVE('',#1923,#1923,#1883,.T.);
#2269=EDGE_CURVE('',#1923,#1924,#930,.T.);
#2270=EDGE_CURVE('',#1924,#1924,#1884,.T.);
#2271=EDGE_CURVE('',#1925,#1925,#1885,.T.);
#2272=EDGE_CURVE('',#1925,#1926,#931,.T.);
#2273=EDGE_CURVE('',#1926,#1926,#1886,.T.);
#2274=EDGE_CURVE('',#1927,#1927,#1887,.T.);
#2275=EDGE_CURVE('',#1927,#1928,#932,.T.);
#2276=EDGE_CURVE('',#1928,#1928,#1888,.T.);
#2277=EDGE_CURVE('',#1929,#1930,#933,.T.);
#2278=EDGE_CURVE('',#1930,#1931,#934,.T.);
#2279=EDGE_CURVE('',#1931,#1932,#935,.T.);
#2280=EDGE_CURVE('',#1932,#1929,#936,.T.);
#2281=EDGE_CURVE('',#1933,#1934,#937,.T.);
#2282=EDGE_CURVE('',#1934,#1935,#938,.T.);
#2283=EDGE_CURVE('',#1935,#1936,#939,.T.);
#2284=EDGE_CURVE('',#1936,#1933,#940,.T.);
#2285=EDGE_CURVE('',#1932,#1935,#941,.T.);
#2286=EDGE_CURVE('',#1929,#1934,#942,.T.);
#2287=EDGE_CURVE('',#1931,#1936,#943,.T.);
#2288=EDGE_CURVE('',#1930,#1933,#944,.T.);
#2289=EDGE_CURVE('',#1937,#1938,#945,.T.);
#2290=EDGE_CURVE('',#1938,#1939,#946,.T.);
#2291=EDGE_CURVE('',#1939,#1940,#947,.T.);
#2292=EDGE_CURVE('',#1940,#1937,#948,.T.);
#2293=EDGE_CURVE('',#1941,#1942,#949,.T.);
#2294=EDGE_CURVE('',#1942,#1943,#950,.T.);
#2295=EDGE_CURVE('',#1943,#1944,#951,.T.);
#2296=EDGE_CURVE('',#1944,#1941,#952,.T.);
#2297=EDGE_CURVE('',#1940,#1943,#953,.T.);
#2298=EDGE_CURVE('',#1937,#1942,#954,.T.);
#2299=EDGE_CURVE('',#1939,#1944,#955,.T.);
#2300=EDGE_CURVE('',#1938,#1941,#956,.T.);
#2301=EDGE_CURVE('',#1945,#1946,#957,.T.);
#2302=EDGE_CURVE('',#1946,#1947,#958,.T.);
#2303=EDGE_CURVE('',#1947,#1948,#959,.T.);
#2304=EDGE_CURVE('',#1948,#1945,#960,.T.);
#2305=EDGE_CURVE('',#1949,#1950,#961,.T.);
#2306=EDGE_CURVE('',#1950,#1951,#962,.T.);
#2307=EDGE_CURVE('',#1951,#1952,#963,.T.);
#2308=EDGE_CURVE('',#1952,#1949,#964,.T.);
#2309=EDGE_CURVE('',#1948,#1951,#965,.T.);
#2310=EDGE_CURVE('',#1945,#1950,#966,.T.);
#2311=EDGE_CURVE('',#1947,#1952,#967,.T.);
#2312=EDGE_CURVE('',#1946,#1949,#968,.T.);
#2313=EDGE_CURVE('',#1953,#1953,#1889,.T.);
#2314=EDGE_CURVE('',#1953,#1954,#969,.T.);
#2315=EDGE_CURVE('',#1954,#1954,#1890,.T.);
#2316=EDGE_CURVE('',#1955,#1955,#1891,.T.);
#2317=EDGE_CURVE('',#1955,#1956,#970,.T.);
#2318=EDGE_CURVE('',#1956,#1956,#1892,.T.);
#2319=EDGE_CURVE('',#1957,#1957,#1893,.T.);
#2320=EDGE_CURVE('',#1957,#1958,#971,.T.);
#2321=EDGE_CURVE('',#1958,#1958,#1894,.T.);
#2322=EDGE_CURVE('',#1959,#1959,#1895,.T.);
#2323=EDGE_CURVE('',#1959,#1960,#972,.T.);
#2324=EDGE_CURVE('',#1960,#1960,#1896,.T.);
#2325=EDGE_CURVE('',#1961,#1961,#1897,.T.);
#2326=EDGE_CURVE('',#1961,#1962,#973,.T.);
#2327=EDGE_CURVE('',#1962,#1962,#1898,.T.);
#2328=EDGE_CURVE('',#1963,#1963,#1899,.T.);
#2329=EDGE_CURVE('',#1963,#1964,#974,.T.);
#2330=EDGE_CURVE('',#1964,#1964,#1900,.T.);
#2331=EDGE_CURVE('',#1965,#1965,#1901,.T.);
#2332=EDGE_CURVE('',#1965,#1966,#975,.T.);
#2333=EDGE_CURVE('',#1966,#1966,#1902,.T.);
#2334=EDGE_CURVE('',#1967,#1967,#1903,.T.);
#2335=EDGE_CURVE('',#1967,#1968,#976,.T.);
#2336=EDGE_CURVE('',#1968,#1968,#1904,.T.);
#2337=EDGE_CURVE('',#1969,#1970,#977,.T.);
#2338=EDGE_CURVE('',#1971,#1969,#978,.T.);
#2339=EDGE_CURVE('',#1972,#1971,#979,.T.);
#2340=EDGE_CURVE('',#1972,#1970,#980,.T.);
#2341=EDGE_CURVE('',#1970,#1973,#981,.T.);
#2342=EDGE_CURVE('',#1974,#1972,#982,.T.);
#2343=EDGE_CURVE('',#1974,#1973,#983,.T.);
#2344=EDGE_CURVE('',#1973,#1975,#984,.T.);
#2345=EDGE_CURVE('',#1976,#1974,#985,.T.);
#2346=EDGE_CURVE('',#1976,#1975,#986,.T.);
#2347=EDGE_CURVE('',#1975,#1969,#987,.T.);
#2348=EDGE_CURVE('',#1971,#1976,#988,.T.);
#2349=EDGE_CURVE('',#1977,#1977,#1905,.T.);
#2350=EDGE_CURVE('',#1977,#1978,#989,.T.);
#2351=EDGE_CURVE('',#1978,#1978,#1906,.T.);
#2352=EDGE_CURVE('',#1979,#1980,#990,.T.);
#2353=EDGE_CURVE('',#1981,#1979,#991,.T.);
#2354=EDGE_CURVE('',#1982,#1981,#992,.T.);
#2355=EDGE_CURVE('',#1982,#1980,#993,.T.);
#2356=EDGE_CURVE('',#1980,#1983,#994,.T.);
#2357=EDGE_CURVE('',#1984,#1982,#995,.T.);
#2358=EDGE_CURVE('',#1984,#1983,#996,.T.);
#2359=EDGE_CURVE('',#1983,#1985,#997,.T.);
#2360=EDGE_CURVE('',#1986,#1984,#998,.T.);
#2361=EDGE_CURVE('',#1986,#1985,#999,.T.);
#2362=EDGE_CURVE('',#1985,#1979,#1000,.T.);
#2363=EDGE_CURVE('',#1981,#1986,#1001,.T.);
#2364=EDGE_CURVE('',#1987,#1987,#1907,.T.);
#2365=EDGE_CURVE('',#1987,#1988,#1002,.T.);
#2366=EDGE_CURVE('',#1988,#1988,#1908,.T.);
#2367=EDGE_CURVE('',#1989,#1990,#1003,.T.);
#2368=EDGE_CURVE('',#1990,#1991,#1004,.T.);
#2369=EDGE_CURVE('',#1991,#1992,#1005,.T.);
#2370=EDGE_CURVE('',#1992,#1989,#1006,.T.);
#2371=EDGE_CURVE('',#1993,#1994,#1007,.T.);
#2372=EDGE_CURVE('',#1994,#1995,#1008,.T.);
#2373=EDGE_CURVE('',#1995,#1996,#1009,.T.);
#2374=EDGE_CURVE('',#1996,#1993,#1010,.T.);
#2375=EDGE_CURVE('',#1992,#1995,#1011,.T.);
#2376=EDGE_CURVE('',#1989,#1994,#1012,.T.);
#2377=EDGE_CURVE('',#1991,#1996,#1013,.T.);
#2378=EDGE_CURVE('',#1990,#1993,#1014,.T.);
#2379=EDGE_CURVE('',#1997,#1998,#1015,.T.);
#2380=EDGE_CURVE('',#1998,#1999,#1016,.T.);
#2381=EDGE_CURVE('',#1999,#2000,#1017,.T.);
#2382=EDGE_CURVE('',#2000,#1997,#1018,.T.);
#2383=EDGE_CURVE('',#2001,#2002,#1019,.T.);
#2384=EDGE_CURVE('',#2002,#2003,#1020,.T.);
#2385=EDGE_CURVE('',#2003,#2004,#1021,.T.);
#2386=EDGE_CURVE('',#2004,#2001,#1022,.T.);
#2387=EDGE_CURVE('',#2000,#2003,#1023,.T.);
#2388=EDGE_CURVE('',#1997,#2002,#1024,.T.);
#2389=EDGE_CURVE('',#1999,#2004,#1025,.T.);
#2390=EDGE_CURVE('',#1998,#2001,#1026,.T.);
#2391=EDGE_CURVE('',#2005,#2006,#1027,.T.);
#2392=EDGE_CURVE('',#2006,#2007,#1028,.T.);
#2393=EDGE_CURVE('',#2007,#2008,#1029,.T.);
#2394=EDGE_CURVE('',#2008,#2005,#1030,.T.);
#2395=EDGE_CURVE('',#2009,#2010,#1031,.T.);
#2396=EDGE_CURVE('',#2010,#2011,#1032,.T.);
#2397=EDGE_CURVE('',#2011,#2012,#1033,.T.);
#2398=EDGE_CURVE('',#2012,#2009,#1034,.T.);
#2399=EDGE_CURVE('',#2008,#2011,#1035,.T.);
#2400=EDGE_CURVE('',#2005,#2010,#1036,.T.);
#2401=EDGE_CURVE('',#2007,#2012,#1037,.T.);
#2402=EDGE_CURVE('',#2006,#2009,#1038,.T.);
#2403=EDGE_CURVE('',#2013,#2014,#1039,.T.);
#2404=EDGE_CURVE('',#2014,#2015,#1040,.T.);
#2405=EDGE_CURVE('',#2015,#2016,#1041,.T.);
#2406=EDGE_CURVE('',#2016,#2013,#1042,.T.);
#2407=EDGE_CURVE('',#2017,#2018,#1043,.T.);
#2408=EDGE_CURVE('',#2018,#2019,#1044,.T.);
#2409=EDGE_CURVE('',#2019,#2020,#1045,.T.);
#2410=EDGE_CURVE('',#2020,#2017,#1046,.T.);
#2411=EDGE_CURVE('',#2016,#2019,#1047,.T.);
#2412=EDGE_CURVE('',#2013,#2018,#1048,.T.);
#2413=EDGE_CURVE('',#2015,#2020,#1049,.T.);
#2414=EDGE_CURVE('',#2014,#2017,#1050,.T.);
#2415=EDGE_CURVE('',#2021,#2022,#1051,.T.);
#2416=EDGE_CURVE('',#2022,#2023,#1052,.T.);
#2417=EDGE_CURVE('',#2023,#2024,#1053,.T.);
#2418=EDGE_CURVE('',#2024,#2021,#1054,.T.);
#2419=EDGE_CURVE('',#2025,#2026,#1055,.T.);
#2420=EDGE_CURVE('',#2026,#2027,#1056,.T.);
#2421=EDGE_CURVE('',#2027,#2028,#1057,.T.);
#2422=EDGE_CURVE('',#2028,#2025,#1058,.T.);
#2423=EDGE_CURVE('',#2024,#2027,#1059,.T.);
#2424=EDGE_CURVE('',#2021,#2026,#1060,.T.);
#2425=EDGE_CURVE('',#2023,#2028,#1061,.T.);
#2426=EDGE_CURVE('',#2022,#2025,#1062,.T.);
#2427=EDGE_CURVE('',#2029,#2030,#1063,.T.);
#2428=EDGE_CURVE('',#2030,#2031,#1064,.T.);
#2429=EDGE_CURVE('',#2031,#2032,#1065,.T.);
#2430=EDGE_CURVE('',#2032,#2029,#1066,.T.);
#2431=EDGE_CURVE('',#2033,#2034,#1067,.T.);
#2432=EDGE_CURVE('',#2034,#2035,#1068,.T.);
#2433=EDGE_CURVE('',#2035,#2036,#1069,.T.);
#2434=EDGE_CURVE('',#2036,#2033,#1070,.T.);
#2435=EDGE_CURVE('',#2032,#2035,#1071,.T.);
#2436=EDGE_CURVE('',#2029,#2034,#1072,.T.);
#2437=EDGE_CURVE('',#2031,#2036,#1073,.T.);
#2438=EDGE_CURVE('',#2030,#2033,#1074,.T.);
#2439=EDGE_CURVE('',#2037,#2038,#1075,.T.);
#2440=EDGE_CURVE('',#2038,#2039,#1076,.T.);
#2441=EDGE_CURVE('',#2039,#2040,#1077,.T.);
#2442=EDGE_CURVE('',#2040,#2037,#1078,.T.);
#2443=EDGE_CURVE('',#2041,#2042,#1079,.T.);
#2444=EDGE_CURVE('',#2042,#2043,#1080,.T.);
#2445=EDGE_CURVE('',#2043,#2044,#1081,.T.);
#2446=EDGE_CURVE('',#2044,#2041,#1082,.T.);
#2447=EDGE_CURVE('',#2040,#2043,#1083,.T.);
#2448=EDGE_CURVE('',#2037,#2042,#1084,.T.);
#2449=EDGE_CURVE('',#2039,#2044,#1085,.T.);
#2450=EDGE_CURVE('',#2038,#2041,#1086,.T.);
#2451=EDGE_CURVE('',#2045,#2046,#1087,.T.);
#2452=EDGE_CURVE('',#2046,#2047,#1088,.T.);
#2453=EDGE_CURVE('',#2047,#2048,#1089,.T.);
#2454=EDGE_CURVE('',#2048,#2045,#1090,.T.);
#2455=EDGE_CURVE('',#2049,#2050,#1091,.T.);
#2456=EDGE_CURVE('',#2050,#2051,#1092,.T.);
#2457=EDGE_CURVE('',#2051,#2052,#1093,.T.);
#2458=EDGE_CURVE('',#2052,#2049,#1094,.T.);
#2459=EDGE_CURVE('',#2048,#2051,#1095,.T.);
#2460=EDGE_CURVE('',#2045,#2050,#1096,.T.);
#2461=EDGE_CURVE('',#2047,#2052,#1097,.T.);
#2462=EDGE_CURVE('',#2046,#2049,#1098,.T.);
#2463=EDGE_CURVE('',#2053,#2054,#1099,.T.);
#2464=EDGE_CURVE('',#2054,#2055,#1100,.T.);
#2465=EDGE_CURVE('',#2055,#2056,#1101,.T.);
#2466=EDGE_CURVE('',#2056,#2053,#1102,.T.);
#2467=EDGE_CURVE('',#2057,#2058,#1103,.T.);
#2468=EDGE_CURVE('',#2058,#2059,#1104,.T.);
#2469=EDGE_CURVE('',#2059,#2060,#1105,.T.);
#2470=EDGE_CURVE('',#2060,#2057,#1106,.T.);
#2471=EDGE_CURVE('',#2056,#2059,#1107,.T.);
#2472=EDGE_CURVE('',#2053,#2058,#1108,.T.);
#2473=EDGE_CURVE('',#2055,#2060,#1109,.T.);
#2474=EDGE_CURVE('',#2054,#2057,#1110,.T.);
#2475=EDGE_CURVE('',#2061,#2062,#1111,.T.);
#2476=EDGE_CURVE('',#2062,#2063,#1112,.T.);
#2477=EDGE_CURVE('',#2063,#2064,#1113,.T.);
#2478=EDGE_CURVE('',#2064,#2061,#1114,.T.);
#2479=EDGE_CURVE('',#2065,#2066,#1115,.T.);
#2480=EDGE_CURVE('',#2066,#2067,#1116,.T.);
#2481=EDGE_CURVE('',#2067,#2068,#1117,.T.);
#2482=EDGE_CURVE('',#2068,#2065,#1118,.T.);
#2483=EDGE_CURVE('',#2064,#2067,#1119,.T.);
#2484=EDGE_CURVE('',#2061,#2066,#1120,.T.);
#2485=EDGE_CURVE('',#2063,#2068,#1121,.T.);
#2486=EDGE_CURVE('',#2062,#2065,#1122,.T.);
#2487=EDGE_CURVE('',#2069,#2070,#1123,.T.);
#2488=EDGE_CURVE('',#2070,#2071,#1124,.T.);
#2489=EDGE_CURVE('',#2071,#2072,#1125,.T.);
#2490=EDGE_CURVE('',#2072,#2069,#1126,.T.);
#2491=EDGE_CURVE('',#2073,#2074,#1127,.T.);
#2492=EDGE_CURVE('',#2074,#2075,#1128,.T.);
#2493=EDGE_CURVE('',#2075,#2076,#1129,.T.);
#2494=EDGE_CURVE('',#2076,#2073,#1130,.T.);
#2495=EDGE_CURVE('',#2072,#2075,#1131,.T.);
#2496=EDGE_CURVE('',#2069,#2074,#1132,.T.);
#2497=EDGE_CURVE('',#2071,#2076,#1133,.T.);
#2498=EDGE_CURVE('',#2070,#2073,#1134,.T.);
#2499=EDGE_CURVE('',#2077,#2077,#1909,.T.);
#2500=EDGE_CURVE('',#2077,#2078,#1135,.T.);
#2501=EDGE_CURVE('',#2078,#2078,#1910,.T.);
#2502=EDGE_CURVE('',#2079,#2079,#1911,.T.);
#2503=EDGE_CURVE('',#2079,#2080,#1136,.T.);
#2504=EDGE_CURVE('',#2080,#2080,#1912,.T.);
#2505=EDGE_CURVE('',#2081,#2081,#1913,.T.);
#2506=EDGE_CURVE('',#2081,#2082,#1137,.T.);
#2507=EDGE_CURVE('',#2082,#2082,#1914,.T.);
#2508=EDGE_CURVE('',#2083,#2083,#1915,.T.);
#2509=EDGE_CURVE('',#2083,#2084,#1138,.T.);
#2510=EDGE_CURVE('',#2084,#2084,#1916,.T.);
#2511=EDGE_CURVE('',#2085,#2086,#1139,.T.);
#2512=EDGE_CURVE('',#2086,#2087,#1140,.T.);
#2513=EDGE_CURVE('',#2087,#2088,#1141,.T.);
#2514=EDGE_CURVE('',#2088,#2085,#1142,.T.);
#2515=EDGE_CURVE('',#2089,#2090,#1143,.T.);
#2516=EDGE_CURVE('',#2090,#2091,#1144,.T.);
#2517=EDGE_CURVE('',#2091,#2092,#1145,.T.);
#2518=EDGE_CURVE('',#2092,#2089,#1146,.T.);
#2519=EDGE_CURVE('',#2088,#2091,#1147,.T.);
#2520=EDGE_CURVE('',#2085,#2090,#1148,.T.);
#2521=EDGE_CURVE('',#2087,#2092,#1149,.T.);
#2522=EDGE_CURVE('',#2086,#2089,#1150,.T.);
#2523=EDGE_CURVE('',#2093,#2094,#1151,.T.);
#2524=EDGE_CURVE('',#2094,#2095,#1152,.T.);
#2525=EDGE_CURVE('',#2095,#2096,#1153,.T.);
#2526=EDGE_CURVE('',#2096,#2093,#1154,.T.);
#2527=EDGE_CURVE('',#2097,#2098,#1155,.T.);
#2528=EDGE_CURVE('',#2098,#2099,#1156,.T.);
#2529=EDGE_CURVE('',#2099,#2100,#1157,.T.);
#2530=EDGE_CURVE('',#2100,#2097,#1158,.T.);
#2531=EDGE_CURVE('',#2096,#2099,#1159,.T.);
#2532=EDGE_CURVE('',#2093,#2098,#1160,.T.);
#2533=EDGE_CURVE('',#2095,#2100,#1161,.T.);
#2534=EDGE_CURVE('',#2094,#2097,#1162,.T.);
#2535=EDGE_CURVE('',#2101,#2102,#1163,.T.);
#2536=EDGE_CURVE('',#2102,#2103,#1164,.T.);
#2537=EDGE_CURVE('',#2103,#2104,#1165,.T.);
#2538=EDGE_CURVE('',#2104,#2101,#1166,.T.);
#2539=EDGE_CURVE('',#2105,#2106,#1167,.T.);
#2540=EDGE_CURVE('',#2106,#2107,#1168,.T.);
#2541=EDGE_CURVE('',#2107,#2108,#1169,.T.);
#2542=EDGE_CURVE('',#2108,#2105,#1170,.T.);
#2543=EDGE_CURVE('',#2104,#2107,#1171,.T.);
#2544=EDGE_CURVE('',#2101,#2106,#1172,.T.);
#2545=EDGE_CURVE('',#2103,#2108,#1173,.T.);
#2546=EDGE_CURVE('',#2102,#2105,#1174,.T.);
#2547=EDGE_CURVE('',#2109,#2110,#1175,.T.);
#2548=EDGE_CURVE('',#2110,#2111,#1176,.T.);
#2549=EDGE_CURVE('',#2111,#2112,#1177,.T.);
#2550=EDGE_CURVE('',#2112,#2109,#1178,.T.);
#2551=EDGE_CURVE('',#2113,#2114,#1179,.T.);
#2552=EDGE_CURVE('',#2114,#2115,#1180,.T.);
#2553=EDGE_CURVE('',#2115,#2116,#1181,.T.);
#2554=EDGE_CURVE('',#2116,#2113,#1182,.T.);
#2555=EDGE_CURVE('',#2112,#2115,#1183,.T.);
#2556=EDGE_CURVE('',#2109,#2114,#1184,.T.);
#2557=EDGE_CURVE('',#2111,#2116,#1185,.T.);
#2558=EDGE_CURVE('',#2110,#2113,#1186,.T.);
#2559=EDGE_CURVE('',#2117,#2118,#1187,.T.);
#2560=EDGE_CURVE('',#2118,#2119,#1188,.T.);
#2561=EDGE_CURVE('',#2119,#2120,#1189,.T.);
#2562=EDGE_CURVE('',#2120,#2117,#1190,.T.);
#2563=EDGE_CURVE('',#2121,#2122,#1191,.T.);
#2564=EDGE_CURVE('',#2122,#2123,#1192,.T.);
#2565=EDGE_CURVE('',#2123,#2124,#1193,.T.);
#2566=EDGE_CURVE('',#2124,#2121,#1194,.T.);
#2567=EDGE_CURVE('',#2120,#2123,#1195,.T.);
#2568=EDGE_CURVE('',#2117,#2122,#1196,.T.);
#2569=EDGE_CURVE('',#2119,#2124,#1197,.T.);
#2570=EDGE_CURVE('',#2118,#2121,#1198,.T.);
#2571=EDGE_CURVE('',#2125,#2126,#1199,.T.);
#2572=EDGE_CURVE('',#2126,#2127,#1200,.T.);
#2573=EDGE_CURVE('',#2127,#2128,#1201,.T.);
#2574=EDGE_CURVE('',#2128,#2125,#1202,.T.);
#2575=EDGE_CURVE('',#2129,#2130,#1203,.T.);
#2576=EDGE_CURVE('',#2130,#2131,#1204,.T.);
#2577=EDGE_CURVE('',#2131,#2132,#1205,.T.);
#2578=EDGE_CURVE('',#2132,#2129,#1206,.T.);
#2579=EDGE_CURVE('',#2128,#2131,#1207,.T.);
#2580=EDGE_CURVE('',#2125,#2130,#1208,.T.);
#2581=EDGE_CURVE('',#2127,#2132,#1209,.T.);
#2582=EDGE_CURVE('',#2126,#2129,#1210,.T.);
#2583=EDGE_CURVE('',#2133,#2133,#1917,.T.);
#2584=EDGE_CURVE('',#2133,#2134,#1211,.T.);
#2585=EDGE_CURVE('',#2134,#2134,#1918,.T.);
#2586=EDGE_CURVE('',#2135,#2135,#1919,.T.);
#2587=EDGE_CURVE('',#2135,#2136,#1212,.T.);
#2588=EDGE_CURVE('',#2136,#2136,#1920,.T.);
#2589=EDGE_CURVE('',#2137,#2138,#1213,.T.);
#2590=EDGE_CURVE('',#2138,#2139,#1214,.T.);
#2591=EDGE_CURVE('',#2139,#2140,#1215,.T.);
#2592=EDGE_CURVE('',#2140,#2137,#1216,.T.);
#2593=EDGE_CURVE('',#2141,#2142,#1217,.T.);
#2594=EDGE_CURVE('',#2142,#2143,#1218,.T.);
#2595=EDGE_CURVE('',#2143,#2144,#1219,.T.);
#2596=EDGE_CURVE('',#2144,#2141,#1220,.T.);
#2597=EDGE_CURVE('',#2140,#2143,#1221,.T.);
#2598=EDGE_CURVE('',#2137,#2142,#1222,.T.);
#2599=EDGE_CURVE('',#2139,#2144,#1223,.T.);
#2600=EDGE_CURVE('',#2138,#2141,#1224,.T.);
#2601=EDGE_CURVE('',#2145,#2146,#1225,.T.);
#2602=EDGE_CURVE('',#2146,#2147,#1226,.T.);
#2603=EDGE_CURVE('',#2147,#2148,#1227,.T.);
#2604=EDGE_CURVE('',#2148,#2145,#1228,.T.);
#2605=EDGE_CURVE('',#2149,#2150,#1229,.T.);
#2606=EDGE_CURVE('',#2150,#2151,#1230,.T.);
#2607=EDGE_CURVE('',#2151,#2152,#1231,.T.);
#2608=EDGE_CURVE('',#2152,#2149,#1232,.T.);
#2609=EDGE_CURVE('',#2148,#2151,#1233,.T.);
#2610=EDGE_CURVE('',#2145,#2150,#1234,.T.);
#2611=EDGE_CURVE('',#2147,#2152,#1235,.T.);
#2612=EDGE_CURVE('',#2146,#2149,#1236,.T.);
#2613=EDGE_CURVE('',#2153,#2154,#1237,.T.);
#2614=EDGE_CURVE('',#2154,#2155,#1238,.T.);
#2615=EDGE_CURVE('',#2155,#2156,#1239,.T.);
#2616=EDGE_CURVE('',#2156,#2153,#1240,.T.);
#2617=EDGE_CURVE('',#2157,#2158,#1241,.T.);
#2618=EDGE_CURVE('',#2158,#2159,#1242,.T.);
#2619=EDGE_CURVE('',#2159,#2160,#1243,.T.);
#2620=EDGE_CURVE('',#2160,#2157,#1244,.T.);
#2621=EDGE_CURVE('',#2156,#2159,#1245,.T.);
#2622=EDGE_CURVE('',#2153,#2158,#1246,.T.);
#2623=EDGE_CURVE('',#2155,#2160,#1247,.T.);
#2624=EDGE_CURVE('',#2154,#2157,#1248,.T.);
#2625=EDGE_CURVE('',#2161,#2162,#1249,.T.);
#2626=EDGE_CURVE('',#2162,#2163,#1250,.T.);
#2627=EDGE_CURVE('',#2163,#2164,#1251,.T.);
#2628=EDGE_CURVE('',#2164,#2161,#1252,.T.);
#2629=EDGE_CURVE('',#2165,#2166,#1253,.T.);
#2630=EDGE_CURVE('',#2166,#2167,#1254,.T.);
#2631=EDGE_CURVE('',#2167,#2168,#1255,.T.);
#2632=EDGE_CURVE('',#2168,#2165,#1256,.T.);
#2633=EDGE_CURVE('',#2164,#2167,#1257,.T.);
#2634=EDGE_CURVE('',#2161,#2166,#1258,.T.);
#2635=EDGE_CURVE('',#2163,#2168,#1259,.T.);
#2636=EDGE_CURVE('',#2162,#2165,#1260,.T.);
#2637=EDGE_CURVE('',#2169,#2170,#1261,.T.);
#2638=EDGE_CURVE('',#2170,#2171,#1262,.T.);
#2639=EDGE_CURVE('',#2171,#2172,#1263,.T.);
#2640=EDGE_CURVE('',#2172,#2169,#1264,.T.);
#2641=EDGE_CURVE('',#2173,#2174,#1265,.T.);
#2642=EDGE_CURVE('',#2174,#2175,#1266,.T.);
#2643=EDGE_CURVE('',#2175,#2176,#1267,.T.);
#2644=EDGE_CURVE('',#2176,#2173,#1268,.T.);
#2645=EDGE_CURVE('',#2172,#2175,#1269,.T.);
#2646=EDGE_CURVE('',#2169,#2174,#1270,.T.);
#2647=EDGE_CURVE('',#2171,#2176,#1271,.T.);
#2648=EDGE_CURVE('',#2170,#2173,#1272,.T.);
#2649=EDGE_CURVE('',#2177,#2178,#1273,.T.);
#2650=EDGE_CURVE('',#2178,#2179,#1274,.T.);
#2651=EDGE_CURVE('',#2179,#2180,#1275,.T.);
#2652=EDGE_CURVE('',#2180,#2177,#1276,.T.);
#2653=EDGE_CURVE('',#2181,#2182,#1277,.T.);
#2654=EDGE_CURVE('',#2182,#2183,#1278,.T.);
#2655=EDGE_CURVE('',#2183,#2184,#1279,.T.);
#2656=EDGE_CURVE('',#2184,#2181,#1280,.T.);
#2657=EDGE_CURVE('',#2180,#2183,#1281,.T.);
#2658=EDGE_CURVE('',#2177,#2182,#1282,.T.);
#2659=EDGE_CURVE('',#2179,#2184,#1283,.T.);
#2660=EDGE_CURVE('',#2178,#2181,#1284,.T.);
#2661=EDGE_CURVE('',#2185,#2186,#1285,.T.);
#2662=EDGE_CURVE('',#2186,#2187,#1286,.T.);
#2663=EDGE_CURVE('',#2187,#2188,#1287,.T.);
#2664=EDGE_CURVE('',#2188,#2185,#1288,.T.);
#2665=EDGE_CURVE('',#2189,#2190,#1289,.T.);
#2666=EDGE_CURVE('',#2190,#2191,#1290,.T.);
#2667=EDGE_CURVE('',#2191,#2192,#1291,.T.);
#2668=EDGE_CURVE('',#2192,#2189,#1292,.T.);
#2669=EDGE_CURVE('',#2188,#2191,#1293,.T.);
#2670=EDGE_CURVE('',#2185,#2190,#1294,.T.);
#2671=EDGE_CURVE('',#2187,#2192,#1295,.T.);
#2672=EDGE_CURVE('',#2186,#2189,#1296,.T.);
#2673=EDGE_CURVE('',#2193,#2194,#1297,.T.);
#2674=EDGE_CURVE('',#2194,#2195,#1298,.T.);
#2675=EDGE_CURVE('',#2195,#2196,#1299,.T.);
#2676=EDGE_CURVE('',#2196,#2193,#1300,.T.);
#2677=EDGE_CURVE('',#2197,#2198,#1301,.T.);
#2678=EDGE_CURVE('',#2198,#2199,#1302,.T.);
#2679=EDGE_CURVE('',#2199,#2200,#1303,.T.);
#2680=EDGE_CURVE('',#2200,#2197,#1304,.T.);
#2681=EDGE_CURVE('',#2196,#2199,#1305,.T.);
#2682=EDGE_CURVE('',#2193,#2198,#1306,.T.);
#2683=EDGE_CURVE('',#2195,#2200,#1307,.T.);
#2684=EDGE_CURVE('',#2194,#2197,#1308,.T.);
#2685=EDGE_CURVE('',#2201,#2202,#1309,.T.);
#2686=EDGE_CURVE('',#2202,#2203,#1310,.T.);
#2687=EDGE_CURVE('',#2203,#2204,#1311,.T.);
#2688=EDGE_CURVE('',#2204,#2201,#1312,.T.);
#2689=EDGE_CURVE('',#2205,#2206,#1313,.T.);
#2690=EDGE_CURVE('',#2206,#2207,#1314,.T.);
#2691=EDGE_CURVE('',#2207,#2208,#1315,.T.);
#2692=EDGE_CURVE('',#2208,#2205,#1316,.T.);
#2693=EDGE_CURVE('',#2204,#2207,#1317,.T.);
#2694=EDGE_CURVE('',#2201,#2206,#1318,.T.);
#2695=EDGE_CURVE('',#2203,#2208,#1319,.T.);
#2696=EDGE_CURVE('',#2202,#2205,#1320,.T.);
#2697=EDGE_CURVE('',#2209,#2210,#1321,.T.);
#2698=EDGE_CURVE('',#2210,#2211,#1322,.T.);
#2699=EDGE_CURVE('',#2211,#2212,#1323,.T.);
#2700=EDGE_CURVE('',#2212,#2209,#1324,.T.);
#2701=EDGE_CURVE('',#2213,#2214,#1325,.T.);
#2702=EDGE_CURVE('',#2214,#2215,#1326,.T.);
#2703=EDGE_CURVE('',#2215,#2216,#1327,.T.);
#2704=EDGE_CURVE('',#2216,#2213,#1328,.T.);
#2705=EDGE_CURVE('',#2212,#2215,#1329,.T.);
#2706=EDGE_CURVE('',#2209,#2214,#1330,.T.);
#2707=EDGE_CURVE('',#2211,#2216,#1331,.T.);
#2708=EDGE_CURVE('',#2210,#2213,#1332,.T.);
#2709=EDGE_CURVE('',#2217,#2218,#1333,.T.);
#2710=EDGE_CURVE('',#2218,#2219,#1334,.T.);
#2711=EDGE_CURVE('',#2219,#2220,#1335,.T.);
#2712=EDGE_CURVE('',#2220,#2217,#1336,.T.);
#2713=EDGE_CURVE('',#2221,#2222,#1337,.T.);
#2714=EDGE_CURVE('',#2222,#2223,#1338,.T.);
#2715=EDGE_CURVE('',#2223,#2224,#1339,.T.);
#2716=EDGE_CURVE('',#2224,#2221,#1340,.T.);
#2717=EDGE_CURVE('',#2220,#2223,#1341,.T.);
#2718=EDGE_CURVE('',#2217,#2222,#1342,.T.);
#2719=EDGE_CURVE('',#2219,#2224,#1343,.T.);
#2720=EDGE_CURVE('',#2218,#2221,#1344,.T.);
#2721=EDGE_CURVE('',#2225,#2226,#1345,.T.);
#2722=EDGE_CURVE('',#2226,#2227,#1346,.T.);
#2723=EDGE_CURVE('',#2227,#2228,#1347,.T.);
#2724=EDGE_CURVE('',#2228,#2225,#1348,.T.);
#2725=EDGE_CURVE('',#2229,#2230,#1349,.T.);
#2726=EDGE_CURVE('',#2230,#2231,#1350,.T.);
#2727=EDGE_CURVE('',#2231,#2232,#1351,.T.);
#2728=EDGE_CURVE('',#2232,#2229,#1352,.T.);
#2729=EDGE_CURVE('',#2228,#2231,#1353,.T.);
#2730=EDGE_CURVE('',#2225,#2230,#1354,.T.);
#2731=EDGE_CURVE('',#2227,#2232,#1355,.T.);
#2732=EDGE_CURVE('',#2226,#2229,#1356,.T.);
#2733=EDGE_CURVE('',#2233,#2234,#1357,.T.);
#2734=EDGE_CURVE('',#2234,#2235,#1358,.T.);
#2735=EDGE_CURVE('',#2235,#2236,#1359,.T.);
#2736=EDGE_CURVE('',#2236,#2233,#1360,.T.);
#2737=EDGE_CURVE('',#2237,#2238,#1361,.T.);
#2738=EDGE_CURVE('',#2238,#2239,#1362,.T.);
#2739=EDGE_CURVE('',#2239,#2240,#1363,.T.);
#2740=EDGE_CURVE('',#2240,#2237,#1364,.T.);
#2741=EDGE_CURVE('',#2236,#2239,#1365,.T.);
#2742=EDGE_CURVE('',#2233,#2238,#1366,.T.);
#2743=EDGE_CURVE('',#2235,#2240,#1367,.T.);
#2744=EDGE_CURVE('',#2234,#2237,#1368,.T.);
#2745=EDGE_CURVE('',#2241,#2242,#1369,.T.);
#2746=EDGE_CURVE('',#2242,#2243,#1370,.T.);
#2747=EDGE_CURVE('',#2243,#2244,#1371,.T.);
#2748=EDGE_CURVE('',#2244,#2241,#1372,.T.);
#2749=EDGE_CURVE('',#2245,#2246,#1373,.T.);
#2750=EDGE_CURVE('',#2246,#2247,#1374,.T.);
#2751=EDGE_CURVE('',#2247,#2248,#1375,.T.);
#2752=EDGE_CURVE('',#2248,#2245,#1376,.T.);
#2753=EDGE_CURVE('',#2244,#2247,#1377,.T.);
#2754=EDGE_CURVE('',#2241,#2246,#1378,.T.);
#2755=EDGE_CURVE('',#2243,#2248,#1379,.T.);
#2756=EDGE_CURVE('',#2242,#2245,#1380,.T.);
#2757=EDGE_CURVE('',#2249,#2250,#1381,.T.);
#2758=EDGE_CURVE('',#2250,#2251,#1382,.T.);
#2759=EDGE_CURVE('',#2251,#2252,#1383,.T.);
#2760=EDGE_CURVE('',#2252,#2249,#1384,.T.);
#2761=EDGE_CURVE('',#2253,#2254,#1385,.T.);
#2762=EDGE_CURVE('',#2254,#2255,#1386,.T.);
#2763=EDGE_CURVE('',#2255,#2256,#1387,.T.);
#2764=EDGE_CURVE('',#2256,#2253,#1388,.T.);
#2765=EDGE_CURVE('',#2252,#2255,#1389,.T.);
#2766=EDGE_CURVE('',#2249,#2254,#1390,.T.);
#2767=EDGE_CURVE('',#2251,#2256,#1391,.T.);
#2768=EDGE_CURVE('',#2250,#2253,#1392,.T.);
#2769=EDGE_CURVE('',#2257,#2258,#1393,.T.);
#2770=EDGE_CURVE('',#2258,#2259,#1394,.T.);
#2771=EDGE_CURVE('',#2259,#2260,#1395,.T.);
#2772=EDGE_CURVE('',#2260,#2257,#1396,.T.);
#2773=EDGE_CURVE('',#2261,#2262,#1397,.T.);
#2774=EDGE_CURVE('',#2262,#2263,#1398,.T.);
#2775=EDGE_CURVE('',#2263,#2264,#1399,.T.);
#2776=EDGE_CURVE('',#2264,#2261,#1400,.T.);
#2777=EDGE_CURVE('',#2260,#2263,#1401,.T.);
#2778=EDGE_CURVE('',#2257,#2262,#1402,.T.);
#2779=EDGE_CURVE('',#2259,#2264,#1403,.T.);
#2780=EDGE_CURVE('',#2258,#2261,#1404,.T.);
#2781=ORIENTED_EDGE('',*,*,#2265,.F.);
#2782=ORIENTED_EDGE('',*,*,#2266,.T.);
#2783=ORIENTED_EDGE('',*,*,#2267,.F.);
#2784=ORIENTED_EDGE('',*,*,#2266,.F.);
#2785=ORIENTED_EDGE('',*,*,#2268,.F.);
#2786=ORIENTED_EDGE('',*,*,#2269,.T.);
#2787=ORIENTED_EDGE('',*,*,#2270,.F.);
#2788=ORIENTED_EDGE('',*,*,#2269,.F.);
#2789=ORIENTED_EDGE('',*,*,#2271,.F.);
#2790=ORIENTED_EDGE('',*,*,#2272,.T.);
#2791=ORIENTED_EDGE('',*,*,#2273,.F.);
#2792=ORIENTED_EDGE('',*,*,#2272,.F.);
#2793=ORIENTED_EDGE('',*,*,#2274,.F.);
#2794=ORIENTED_EDGE('',*,*,#2275,.T.);
#2795=ORIENTED_EDGE('',*,*,#2276,.F.);
#2796=ORIENTED_EDGE('',*,*,#2275,.F.);
#2797=ORIENTED_EDGE('',*,*,#2277,.T.);
#2798=ORIENTED_EDGE('',*,*,#2278,.T.);
#2799=ORIENTED_EDGE('',*,*,#2279,.T.);
#2800=ORIENTED_EDGE('',*,*,#2280,.T.);
#2801=ORIENTED_EDGE('',*,*,#2267,.T.);
#2802=ORIENTED_EDGE('',*,*,#2270,.T.);
#2803=ORIENTED_EDGE('',*,*,#2273,.T.);
#2804=ORIENTED_EDGE('',*,*,#2276,.T.);
#2805=ORIENTED_EDGE('',*,*,#2281,.T.);
#2806=ORIENTED_EDGE('',*,*,#2282,.T.);
#2807=ORIENTED_EDGE('',*,*,#2283,.T.);
#2808=ORIENTED_EDGE('',*,*,#2284,.T.);
#2809=ORIENTED_EDGE('',*,*,#2265,.T.);
#2810=ORIENTED_EDGE('',*,*,#2268,.T.);
#2811=ORIENTED_EDGE('',*,*,#2271,.T.);
#2812=ORIENTED_EDGE('',*,*,#2274,.T.);
#2813=ORIENTED_EDGE('',*,*,#2285,.T.);
#2814=ORIENTED_EDGE('',*,*,#2282,.F.);
#2815=ORIENTED_EDGE('',*,*,#2286,.F.);
#2816=ORIENTED_EDGE('',*,*,#2280,.F.);
#2817=ORIENTED_EDGE('',*,*,#2287,.T.);
#2818=ORIENTED_EDGE('',*,*,#2283,.F.);
#2819=ORIENTED_EDGE('',*,*,#2285,.F.);
#2820=ORIENTED_EDGE('',*,*,#2279,.F.);
#2821=ORIENTED_EDGE('',*,*,#2288,.T.);
#2822=ORIENTED_EDGE('',*,*,#2284,.F.);
#2823=ORIENTED_EDGE('',*,*,#2287,.F.);
#2824=ORIENTED_EDGE('',*,*,#2278,.F.);
#2825=ORIENTED_EDGE('',*,*,#2286,.T.);
#2826=ORIENTED_EDGE('',*,*,#2281,.F.);
#2827=ORIENTED_EDGE('',*,*,#2288,.F.);
#2828=ORIENTED_EDGE('',*,*,#2277,.F.);
#2829=ORIENTED_EDGE('',*,*,#2289,.T.);
#2830=ORIENTED_EDGE('',*,*,#2290,.T.);
#2831=ORIENTED_EDGE('',*,*,#2291,.T.);
#2832=ORIENTED_EDGE('',*,*,#2292,.T.);
#2833=ORIENTED_EDGE('',*,*,#2293,.T.);
#2834=ORIENTED_EDGE('',*,*,#2294,.T.);
#2835=ORIENTED_EDGE('',*,*,#2295,.T.);
#2836=ORIENTED_EDGE('',*,*,#2296,.T.);
#2837=ORIENTED_EDGE('',*,*,#2297,.T.);
#2838=ORIENTED_EDGE('',*,*,#2294,.F.);
#2839=ORIENTED_EDGE('',*,*,#2298,.F.);
#2840=ORIENTED_EDGE('',*,*,#2292,.F.);
#2841=ORIENTED_EDGE('',*,*,#2299,.T.);
#2842=ORIENTED_EDGE('',*,*,#2295,.F.);
#2843=ORIENTED_EDGE('',*,*,#2297,.F.);
#2844=ORIENTED_EDGE('',*,*,#2291,.F.);
#2845=ORIENTED_EDGE('',*,*,#2300,.T.);
#2846=ORIENTED_EDGE('',*,*,#2296,.F.);
#2847=ORIENTED_EDGE('',*,*,#2299,.F.);
#2848=ORIENTED_EDGE('',*,*,#2290,.F.);
#2849=ORIENTED_EDGE('',*,*,#2298,.T.);
#2850=ORIENTED_EDGE('',*,*,#2293,.F.);
#2851=ORIENTED_EDGE('',*,*,#2300,.F.);
#2852=ORIENTED_EDGE('',*,*,#2289,.F.);
#2853=ORIENTED_EDGE('',*,*,#2301,.T.);
#2854=ORIENTED_EDGE('',*,*,#2302,.T.);
#2855=ORIENTED_EDGE('',*,*,#2303,.T.);
#2856=ORIENTED_EDGE('',*,*,#2304,.T.);
#2857=ORIENTED_EDGE('',*,*,#2305,.T.);
#2858=ORIENTED_EDGE('',*,*,#2306,.T.);
#2859=ORIENTED_EDGE('',*,*,#2307,.T.);
#2860=ORIENTED_EDGE('',*,*,#2308,.T.);
#2861=ORIENTED_EDGE('',*,*,#2309,.T.);
#2862=ORIENTED_EDGE('',*,*,#2306,.F.);
#2863=ORIENTED_EDGE('',*,*,#2310,.F.);
#2864=ORIENTED_EDGE('',*,*,#2304,.F.);
#2865=ORIENTED_EDGE('',*,*,#2311,.T.);
#2866=ORIENTED_EDGE('',*,*,#2307,.F.);
#2867=ORIENTED_EDGE('',*,*,#2309,.F.);
#2868=ORIENTED_EDGE('',*,*,#2303,.F.);
#2869=ORIENTED_EDGE('',*,*,#2312,.T.);
#2870=ORIENTED_EDGE('',*,*,#2308,.F.);
#2871=ORIENTED_EDGE('',*,*,#2311,.F.);
#2872=ORIENTED_EDGE('',*,*,#2302,.F.);
#2873=ORIENTED_EDGE('',*,*,#2310,.T.);
#2874=ORIENTED_EDGE('',*,*,#2305,.F.);
#2875=ORIENTED_EDGE('',*,*,#2312,.F.);
#2876=ORIENTED_EDGE('',*,*,#2301,.F.);
#2877=ORIENTED_EDGE('',*,*,#2313,.F.);
#2878=ORIENTED_EDGE('',*,*,#2314,.T.);
#2879=ORIENTED_EDGE('',*,*,#2315,.F.);
#2880=ORIENTED_EDGE('',*,*,#2314,.F.);
#2881=ORIENTED_EDGE('',*,*,#2316,.F.);
#2882=ORIENTED_EDGE('',*,*,#2317,.T.);
#2883=ORIENTED_EDGE('',*,*,#2318,.F.);
#2884=ORIENTED_EDGE('',*,*,#2317,.F.);
#2885=ORIENTED_EDGE('',*,*,#2318,.T.);
#2886=ORIENTED_EDGE('',*,*,#2313,.T.);
#2887=ORIENTED_EDGE('',*,*,#2316,.T.);
#2888=ORIENTED_EDGE('',*,*,#2315,.T.);
#2889=ORIENTED_EDGE('',*,*,#2319,.F.);
#2890=ORIENTED_EDGE('',*,*,#2320,.T.);
#2891=ORIENTED_EDGE('',*,*,#2321,.F.);
#2892=ORIENTED_EDGE('',*,*,#2320,.F.);
#2893=ORIENTED_EDGE('',*,*,#2322,.F.);
#2894=ORIENTED_EDGE('',*,*,#2323,.T.);
#2895=ORIENTED_EDGE('',*,*,#2324,.F.);
#2896=ORIENTED_EDGE('',*,*,#2323,.F.);
#2897=ORIENTED_EDGE('',*,*,#2324,.T.);
#2898=ORIENTED_EDGE('',*,*,#2319,.T.);
#2899=ORIENTED_EDGE('',*,*,#2322,.T.);
#2900=ORIENTED_EDGE('',*,*,#2321,.T.);
#2901=ORIENTED_EDGE('',*,*,#2325,.F.);
#2902=ORIENTED_EDGE('',*,*,#2326,.T.);
#2903=ORIENTED_EDGE('',*,*,#2327,.F.);
#2904=ORIENTED_EDGE('',*,*,#2326,.F.);
#2905=ORIENTED_EDGE('',*,*,#2328,.F.);
#2906=ORIENTED_EDGE('',*,*,#2329,.T.);
#2907=ORIENTED_EDGE('',*,*,#2330,.F.);
#2908=ORIENTED_EDGE('',*,*,#2329,.F.);
#2909=ORIENTED_EDGE('',*,*,#2330,.T.);
#2910=ORIENTED_EDGE('',*,*,#2325,.T.);
#2911=ORIENTED_EDGE('',*,*,#2328,.T.);
#2912=ORIENTED_EDGE('',*,*,#2327,.T.);
#2913=ORIENTED_EDGE('',*,*,#2331,.F.);
#2914=ORIENTED_EDGE('',*,*,#2332,.T.);
#2915=ORIENTED_EDGE('',*,*,#2333,.F.);
#2916=ORIENTED_EDGE('',*,*,#2332,.F.);
#2917=ORIENTED_EDGE('',*,*,#2334,.F.);
#2918=ORIENTED_EDGE('',*,*,#2335,.T.);
#2919=ORIENTED_EDGE('',*,*,#2336,.F.);
#2920=ORIENTED_EDGE('',*,*,#2335,.F.);
#2921=ORIENTED_EDGE('',*,*,#2336,.T.);
#2922=ORIENTED_EDGE('',*,*,#2331,.T.);
#2923=ORIENTED_EDGE('',*,*,#2334,.T.);
#2924=ORIENTED_EDGE('',*,*,#2333,.T.);
#2925=ORIENTED_EDGE('',*,*,#2337,.F.);
#2926=ORIENTED_EDGE('',*,*,#2338,.F.);
#2927=ORIENTED_EDGE('',*,*,#2339,.F.);
#2928=ORIENTED_EDGE('',*,*,#2340,.T.);
#2929=ORIENTED_EDGE('',*,*,#2341,.F.);
#2930=ORIENTED_EDGE('',*,*,#2340,.F.);
#2931=ORIENTED_EDGE('',*,*,#2342,.F.);
#2932=ORIENTED_EDGE('',*,*,#2343,.T.);
#2933=ORIENTED_EDGE('',*,*,#2344,.F.);
#2934=ORIENTED_EDGE('',*,*,#2343,.F.);
#2935=ORIENTED_EDGE('',*,*,#2345,.F.);
#2936=ORIENTED_EDGE('',*,*,#2346,.T.);
#2937=ORIENTED_EDGE('',*,*,#2347,.F.);
#2938=ORIENTED_EDGE('',*,*,#2346,.F.);
#2939=ORIENTED_EDGE('',*,*,#2348,.F.);
#2940=ORIENTED_EDGE('',*,*,#2338,.T.);
#2941=ORIENTED_EDGE('',*,*,#2349,.F.);
#2942=ORIENTED_EDGE('',*,*,#2350,.T.);
#2943=ORIENTED_EDGE('',*,*,#2351,.F.);
#2944=ORIENTED_EDGE('',*,*,#2350,.F.);
#2945=ORIENTED_EDGE('',*,*,#2351,.T.);
#2946=ORIENTED_EDGE('',*,*,#2344,.T.);
#2947=ORIENTED_EDGE('',*,*,#2347,.T.);
#2948=ORIENTED_EDGE('',*,*,#2337,.T.);
#2949=ORIENTED_EDGE('',*,*,#2341,.T.);
#2950=ORIENTED_EDGE('',*,*,#2349,.T.);
#2951=ORIENTED_EDGE('',*,*,#2345,.T.);
#2952=ORIENTED_EDGE('',*,*,#2342,.T.);
#2953=ORIENTED_EDGE('',*,*,#2339,.T.);
#2954=ORIENTED_EDGE('',*,*,#2348,.T.);
#2955=ORIENTED_EDGE('',*,*,#2352,.F.);
#2956=ORIENTED_EDGE('',*,*,#2353,.F.);
#2957=ORIENTED_EDGE('',*,*,#2354,.F.);
#2958=ORIENTED_EDGE('',*,*,#2355,.T.);
#2959=ORIENTED_EDGE('',*,*,#2356,.F.);
#2960=ORIENTED_EDGE('',*,*,#2355,.F.);
#2961=ORIENTED_EDGE('',*,*,#2357,.F.);
#2962=ORIENTED_EDGE('',*,*,#2358,.T.);
#2963=ORIENTED_EDGE('',*,*,#2359,.F.);
#2964=ORIENTED_EDGE('',*,*,#2358,.F.);
#2965=ORIENTED_EDGE('',*,*,#2360,.F.);
#2966=ORIENTED_EDGE('',*,*,#2361,.T.);
#2967=ORIENTED_EDGE('',*,*,#2362,.F.);
#2968=ORIENTED_EDGE('',*,*,#2361,.F.);
#2969=ORIENTED_EDGE('',*,*,#2363,.F.);
#2970=ORIENTED_EDGE('',*,*,#2353,.T.);
#2971=ORIENTED_EDGE('',*,*,#2364,.F.);
#2972=ORIENTED_EDGE('',*,*,#2365,.T.);
#2973=ORIENTED_EDGE('',*,*,#2366,.F.);
#2974=ORIENTED_EDGE('',*,*,#2365,.F.);
#2975=ORIENTED_EDGE('',*,*,#2366,.T.);
#2976=ORIENTED_EDGE('',*,*,#2359,.T.);
#2977=ORIENTED_EDGE('',*,*,#2362,.T.);
#2978=ORIENTED_EDGE('',*,*,#2352,.T.);
#2979=ORIENTED_EDGE('',*,*,#2356,.T.);
#2980=ORIENTED_EDGE('',*,*,#2364,.T.);
#2981=ORIENTED_EDGE('',*,*,#2360,.T.);
#2982=ORIENTED_EDGE('',*,*,#2357,.T.);
#2983=ORIENTED_EDGE('',*,*,#2354,.T.);
#2984=ORIENTED_EDGE('',*,*,#2363,.T.);
#2985=ORIENTED_EDGE('',*,*,#2367,.T.);
#2986=ORIENTED_EDGE('',*,*,#2368,.T.);
#2987=ORIENTED_EDGE('',*,*,#2369,.T.);
#2988=ORIENTED_EDGE('',*,*,#2370,.T.);
#2989=ORIENTED_EDGE('',*,*,#2371,.T.);
#2990=ORIENTED_EDGE('',*,*,#2372,.T.);
#2991=ORIENTED_EDGE('',*,*,#2373,.T.);
#2992=ORIENTED_EDGE('',*,*,#2374,.T.);
#2993=ORIENTED_EDGE('',*,*,#2375,.T.);
#2994=ORIENTED_EDGE('',*,*,#2372,.F.);
#2995=ORIENTED_EDGE('',*,*,#2376,.F.);
#2996=ORIENTED_EDGE('',*,*,#2370,.F.);
#2997=ORIENTED_EDGE('',*,*,#2377,.T.);
#2998=ORIENTED_EDGE('',*,*,#2373,.F.);
#2999=ORIENTED_EDGE('',*,*,#2375,.F.);
#3000=ORIENTED_EDGE('',*,*,#2369,.F.);
#3001=ORIENTED_EDGE('',*,*,#2378,.T.);
#3002=ORIENTED_EDGE('',*,*,#2374,.F.);
#3003=ORIENTED_EDGE('',*,*,#2377,.F.);
#3004=ORIENTED_EDGE('',*,*,#2368,.F.);
#3005=ORIENTED_EDGE('',*,*,#2376,.T.);
#3006=ORIENTED_EDGE('',*,*,#2371,.F.);
#3007=ORIENTED_EDGE('',*,*,#2378,.F.);
#3008=ORIENTED_EDGE('',*,*,#2367,.F.);
#3009=ORIENTED_EDGE('',*,*,#2379,.T.);
#3010=ORIENTED_EDGE('',*,*,#2380,.T.);
#3011=ORIENTED_EDGE('',*,*,#2381,.T.);
#3012=ORIENTED_EDGE('',*,*,#2382,.T.);
#3013=ORIENTED_EDGE('',*,*,#2383,.T.);
#3014=ORIENTED_EDGE('',*,*,#2384,.T.);
#3015=ORIENTED_EDGE('',*,*,#2385,.T.);
#3016=ORIENTED_EDGE('',*,*,#2386,.T.);
#3017=ORIENTED_EDGE('',*,*,#2387,.T.);
#3018=ORIENTED_EDGE('',*,*,#2384,.F.);
#3019=ORIENTED_EDGE('',*,*,#2388,.F.);
#3020=ORIENTED_EDGE('',*,*,#2382,.F.);
#3021=ORIENTED_EDGE('',*,*,#2389,.T.);
#3022=ORIENTED_EDGE('',*,*,#2385,.F.);
#3023=ORIENTED_EDGE('',*,*,#2387,.F.);
#3024=ORIENTED_EDGE('',*,*,#2381,.F.);
#3025=ORIENTED_EDGE('',*,*,#2390,.T.);
#3026=ORIENTED_EDGE('',*,*,#2386,.F.);
#3027=ORIENTED_EDGE('',*,*,#2389,.F.);
#3028=ORIENTED_EDGE('',*,*,#2380,.F.);
#3029=ORIENTED_EDGE('',*,*,#2388,.T.);
#3030=ORIENTED_EDGE('',*,*,#2383,.F.);
#3031=ORIENTED_EDGE('',*,*,#2390,.F.);
#3032=ORIENTED_EDGE('',*,*,#2379,.F.);
#3033=ORIENTED_EDGE('',*,*,#2391,.T.);
#3034=ORIENTED_EDGE('',*,*,#2392,.T.);
#3035=ORIENTED_EDGE('',*,*,#2393,.T.);
#3036=ORIENTED_EDGE('',*,*,#2394,.T.);
#3037=ORIENTED_EDGE('',*,*,#2395,.T.);
#3038=ORIENTED_EDGE('',*,*,#2396,.T.);
#3039=ORIENTED_EDGE('',*,*,#2397,.T.);
#3040=ORIENTED_EDGE('',*,*,#2398,.T.);
#3041=ORIENTED_EDGE('',*,*,#2399,.T.);
#3042=ORIENTED_EDGE('',*,*,#2396,.F.);
#3043=ORIENTED_EDGE('',*,*,#2400,.F.);
#3044=ORIENTED_EDGE('',*,*,#2394,.F.);
#3045=ORIENTED_EDGE('',*,*,#2401,.T.);
#3046=ORIENTED_EDGE('',*,*,#2397,.F.);
#3047=ORIENTED_EDGE('',*,*,#2399,.F.);
#3048=ORIENTED_EDGE('',*,*,#2393,.F.);
#3049=ORIENTED_EDGE('',*,*,#2402,.T.);
#3050=ORIENTED_EDGE('',*,*,#2398,.F.);
#3051=ORIENTED_EDGE('',*,*,#2401,.F.);
#3052=ORIENTED_EDGE('',*,*,#2392,.F.);
#3053=ORIENTED_EDGE('',*,*,#2400,.T.);
#3054=ORIENTED_EDGE('',*,*,#2395,.F.);
#3055=ORIENTED_EDGE('',*,*,#2402,.F.);
#3056=ORIENTED_EDGE('',*,*,#2391,.F.);
#3057=ORIENTED_EDGE('',*,*,#2403,.T.);
#3058=ORIENTED_EDGE('',*,*,#2404,.T.);
#3059=ORIENTED_EDGE('',*,*,#2405,.T.);
#3060=ORIENTED_EDGE('',*,*,#2406,.T.);
#3061=ORIENTED_EDGE('',*,*,#2407,.T.);
#3062=ORIENTED_EDGE('',*,*,#2408,.T.);
#3063=ORIENTED_EDGE('',*,*,#2409,.T.);
#3064=ORIENTED_EDGE('',*,*,#2410,.T.);
#3065=ORIENTED_EDGE('',*,*,#2411,.T.);
#3066=ORIENTED_EDGE('',*,*,#2408,.F.);
#3067=ORIENTED_EDGE('',*,*,#2412,.F.);
#3068=ORIENTED_EDGE('',*,*,#2406,.F.);
#3069=ORIENTED_EDGE('',*,*,#2413,.T.);
#3070=ORIENTED_EDGE('',*,*,#2409,.F.);
#3071=ORIENTED_EDGE('',*,*,#2411,.F.);
#3072=ORIENTED_EDGE('',*,*,#2405,.F.);
#3073=ORIENTED_EDGE('',*,*,#2414,.T.);
#3074=ORIENTED_EDGE('',*,*,#2410,.F.);
#3075=ORIENTED_EDGE('',*,*,#2413,.F.);
#3076=ORIENTED_EDGE('',*,*,#2404,.F.);
#3077=ORIENTED_EDGE('',*,*,#2412,.T.);
#3078=ORIENTED_EDGE('',*,*,#2407,.F.);
#3079=ORIENTED_EDGE('',*,*,#2414,.F.);
#3080=ORIENTED_EDGE('',*,*,#2403,.F.);
#3081=ORIENTED_EDGE('',*,*,#2415,.T.);
#3082=ORIENTED_EDGE('',*,*,#2416,.T.);
#3083=ORIENTED_EDGE('',*,*,#2417,.T.);
#3084=ORIENTED_EDGE('',*,*,#2418,.T.);
#3085=ORIENTED_EDGE('',*,*,#2419,.T.);
#3086=ORIENTED_EDGE('',*,*,#2420,.T.);
#3087=ORIENTED_EDGE('',*,*,#2421,.T.);
#3088=ORIENTED_EDGE('',*,*,#2422,.T.);
#3089=ORIENTED_EDGE('',*,*,#2423,.T.);
#3090=ORIENTED_EDGE('',*,*,#2420,.F.);
#3091=ORIENTED_EDGE('',*,*,#2424,.F.);
#3092=ORIENTED_EDGE('',*,*,#2418,.F.);
#3093=ORIENTED_EDGE('',*,*,#2425,.T.);
#3094=ORIENTED_EDGE('',*,*,#2421,.F.);
#3095=ORIENTED_EDGE('',*,*,#2423,.F.);
#3096=ORIENTED_EDGE('',*,*,#2417,.F.);
#3097=ORIENTED_EDGE('',*,*,#2426,.T.);
#3098=ORIENTED_EDGE('',*,*,#2422,.F.);
#3099=ORIENTED_EDGE('',*,*,#2425,.F.);
#3100=ORIENTED_EDGE('',*,*,#2416,.F.);
#3101=ORIENTED_EDGE('',*,*,#2424,.T.);
#3102=ORIENTED_EDGE('',*,*,#2419,.F.);
#3103=ORIENTED_EDGE('',*,*,#2426,.F.);
#3104=ORIENTED_EDGE('',*,*,#2415,.F.);
#3105=ORIENTED_EDGE('',*,*,#2427,.T.);
#3106=ORIENTED_EDGE('',*,*,#2428,.T.);
#3107=ORIENTED_EDGE('',*,*,#2429,.T.);
#3108=ORIENTED_EDGE('',*,*,#2430,.T.);
#3109=ORIENTED_EDGE('',*,*,#2431,.T.);
#3110=ORIENTED_EDGE('',*,*,#2432,.T.);
#3111=ORIENTED_EDGE('',*,*,#2433,.T.);
#3112=ORIENTED_EDGE('',*,*,#2434,.T.);
#3113=ORIENTED_EDGE('',*,*,#2435,.T.);
#3114=ORIENTED_EDGE('',*,*,#2432,.F.);
#3115=ORIENTED_EDGE('',*,*,#2436,.F.);
#3116=ORIENTED_EDGE('',*,*,#2430,.F.);
#3117=ORIENTED_EDGE('',*,*,#2437,.T.);
#3118=ORIENTED_EDGE('',*,*,#2433,.F.);
#3119=ORIENTED_EDGE('',*,*,#2435,.F.);
#3120=ORIENTED_EDGE('',*,*,#2429,.F.);
#3121=ORIENTED_EDGE('',*,*,#2438,.T.);
#3122=ORIENTED_EDGE('',*,*,#2434,.F.);
#3123=ORIENTED_EDGE('',*,*,#2437,.F.);
#3124=ORIENTED_EDGE('',*,*,#2428,.F.);
#3125=ORIENTED_EDGE('',*,*,#2436,.T.);
#3126=ORIENTED_EDGE('',*,*,#2431,.F.);
#3127=ORIENTED_EDGE('',*,*,#2438,.F.);
#3128=ORIENTED_EDGE('',*,*,#2427,.F.);
#3129=ORIENTED_EDGE('',*,*,#2439,.T.);
#3130=ORIENTED_EDGE('',*,*,#2440,.T.);
#3131=ORIENTED_EDGE('',*,*,#2441,.T.);
#3132=ORIENTED_EDGE('',*,*,#2442,.T.);
#3133=ORIENTED_EDGE('',*,*,#2443,.T.);
#3134=ORIENTED_EDGE('',*,*,#2444,.T.);
#3135=ORIENTED_EDGE('',*,*,#2445,.T.);
#3136=ORIENTED_EDGE('',*,*,#2446,.T.);
#3137=ORIENTED_EDGE('',*,*,#2447,.T.);
#3138=ORIENTED_EDGE('',*,*,#2444,.F.);
#3139=ORIENTED_EDGE('',*,*,#2448,.F.);
#3140=ORIENTED_EDGE('',*,*,#2442,.F.);
#3141=ORIENTED_EDGE('',*,*,#2449,.T.);
#3142=ORIENTED_EDGE('',*,*,#2445,.F.);
#3143=ORIENTED_EDGE('',*,*,#2447,.F.);
#3144=ORIENTED_EDGE('',*,*,#2441,.F.);
#3145=ORIENTED_EDGE('',*,*,#2450,.T.);
#3146=ORIENTED_EDGE('',*,*,#2446,.F.);
#3147=ORIENTED_EDGE('',*,*,#2449,.F.);
#3148=ORIENTED_EDGE('',*,*,#2440,.F.);
#3149=ORIENTED_EDGE('',*,*,#2448,.T.);
#3150=ORIENTED_EDGE('',*,*,#2443,.F.);
#3151=ORIENTED_EDGE('',*,*,#2450,.F.);
#3152=ORIENTED_EDGE('',*,*,#2439,.F.);
#3153=ORIENTED_EDGE('',*,*,#2451,.T.);
#3154=ORIENTED_EDGE('',*,*,#2452,.T.);
#3155=ORIENTED_EDGE('',*,*,#2453,.T.);
#3156=ORIENTED_EDGE('',*,*,#2454,.T.);
#3157=ORIENTED_EDGE('',*,*,#2455,.T.);
#3158=ORIENTED_EDGE('',*,*,#2456,.T.);
#3159=ORIENTED_EDGE('',*,*,#2457,.T.);
#3160=ORIENTED_EDGE('',*,*,#2458,.T.);
#3161=ORIENTED_EDGE('',*,*,#2459,.T.);
#3162=ORIENTED_EDGE('',*,*,#2456,.F.);
#3163=ORIENTED_EDGE('',*,*,#2460,.F.);
#3164=ORIENTED_EDGE('',*,*,#2454,.F.);
#3165=ORIENTED_EDGE('',*,*,#2461,.T.);
#3166=ORIENTED_EDGE('',*,*,#2457,.F.);
#3167=ORIENTED_EDGE('',*,*,#2459,.F.);
#3168=ORIENTED_EDGE('',*,*,#2453,.F.);
#3169=ORIENTED_EDGE('',*,*,#2462,.T.);
#3170=ORIENTED_EDGE('',*,*,#2458,.F.);
#3171=ORIENTED_EDGE('',*,*,#2461,.F.);
#3172=ORIENTED_EDGE('',*,*,#2452,.F.);
#3173=ORIENTED_EDGE('',*,*,#2460,.T.);
#3174=ORIENTED_EDGE('',*,*,#2455,.F.);
#3175=ORIENTED_EDGE('',*,*,#2462,.F.);
#3176=ORIENTED_EDGE('',*,*,#2451,.F.);
#3177=ORIENTED_EDGE('',*,*,#2463,.T.);
#3178=ORIENTED_EDGE('',*,*,#2464,.T.);
#3179=ORIENTED_EDGE('',*,*,#2465,.T.);
#3180=ORIENTED_EDGE('',*,*,#2466,.T.);
#3181=ORIENTED_EDGE('',*,*,#2467,.T.);
#3182=ORIENTED_EDGE('',*,*,#2468,.T.);
#3183=ORIENTED_EDGE('',*,*,#2469,.T.);
#3184=ORIENTED_EDGE('',*,*,#2470,.T.);
#3185=ORIENTED_EDGE('',*,*,#2471,.T.);
#3186=ORIENTED_EDGE('',*,*,#2468,.F.);
#3187=ORIENTED_EDGE('',*,*,#2472,.F.);
#3188=ORIENTED_EDGE('',*,*,#2466,.F.);
#3189=ORIENTED_EDGE('',*,*,#2473,.T.);
#3190=ORIENTED_EDGE('',*,*,#2469,.F.);
#3191=ORIENTED_EDGE('',*,*,#2471,.F.);
#3192=ORIENTED_EDGE('',*,*,#2465,.F.);
#3193=ORIENTED_EDGE('',*,*,#2474,.T.);
#3194=ORIENTED_EDGE('',*,*,#2470,.F.);
#3195=ORIENTED_EDGE('',*,*,#2473,.F.);
#3196=ORIENTED_EDGE('',*,*,#2464,.F.);
#3197=ORIENTED_EDGE('',*,*,#2472,.T.);
#3198=ORIENTED_EDGE('',*,*,#2467,.F.);
#3199=ORIENTED_EDGE('',*,*,#2474,.F.);
#3200=ORIENTED_EDGE('',*,*,#2463,.F.);
#3201=ORIENTED_EDGE('',*,*,#2475,.T.);
#3202=ORIENTED_EDGE('',*,*,#2476,.T.);
#3203=ORIENTED_EDGE('',*,*,#2477,.T.);
#3204=ORIENTED_EDGE('',*,*,#2478,.T.);
#3205=ORIENTED_EDGE('',*,*,#2479,.T.);
#3206=ORIENTED_EDGE('',*,*,#2480,.T.);
#3207=ORIENTED_EDGE('',*,*,#2481,.T.);
#3208=ORIENTED_EDGE('',*,*,#2482,.T.);
#3209=ORIENTED_EDGE('',*,*,#2483,.T.);
#3210=ORIENTED_EDGE('',*,*,#2480,.F.);
#3211=ORIENTED_EDGE('',*,*,#2484,.F.);
#3212=ORIENTED_EDGE('',*,*,#2478,.F.);
#3213=ORIENTED_EDGE('',*,*,#2485,.T.);
#3214=ORIENTED_EDGE('',*,*,#2481,.F.);
#3215=ORIENTED_EDGE('',*,*,#2483,.F.);
#3216=ORIENTED_EDGE('',*,*,#2477,.F.);
#3217=ORIENTED_EDGE('',*,*,#2486,.T.);
#3218=ORIENTED_EDGE('',*,*,#2482,.F.);
#3219=ORIENTED_EDGE('',*,*,#2485,.F.);
#3220=ORIENTED_EDGE('',*,*,#2476,.F.);
#3221=ORIENTED_EDGE('',*,*,#2484,.T.);
#3222=ORIENTED_EDGE('',*,*,#2479,.F.);
#3223=ORIENTED_EDGE('',*,*,#2486,.F.);
#3224=ORIENTED_EDGE('',*,*,#2475,.F.);
#3225=ORIENTED_EDGE('',*,*,#2487,.T.);
#3226=ORIENTED_EDGE('',*,*,#2488,.T.);
#3227=ORIENTED_EDGE('',*,*,#2489,.T.);
#3228=ORIENTED_EDGE('',*,*,#2490,.T.);
#3229=ORIENTED_EDGE('',*,*,#2491,.T.);
#3230=ORIENTED_EDGE('',*,*,#2492,.T.);
#3231=ORIENTED_EDGE('',*,*,#2493,.T.);
#3232=ORIENTED_EDGE('',*,*,#2494,.T.);
#3233=ORIENTED_EDGE('',*,*,#2495,.T.);
#3234=ORIENTED_EDGE('',*,*,#2492,.F.);
#3235=ORIENTED_EDGE('',*,*,#2496,.F.);
#3236=ORIENTED_EDGE('',*,*,#2490,.F.);
#3237=ORIENTED_EDGE('',*,*,#2497,.T.);
#3238=ORIENTED_EDGE('',*,*,#2493,.F.);
#3239=ORIENTED_EDGE('',*,*,#2495,.F.);
#3240=ORIENTED_EDGE('',*,*,#2489,.F.);
#3241=ORIENTED_EDGE('',*,*,#2498,.T.);
#3242=ORIENTED_EDGE('',*,*,#2494,.F.);
#3243=ORIENTED_EDGE('',*,*,#2497,.F.);
#3244=ORIENTED_EDGE('',*,*,#2488,.F.);
#3245=ORIENTED_EDGE('',*,*,#2496,.T.);
#3246=ORIENTED_EDGE('',*,*,#2491,.F.);
#3247=ORIENTED_EDGE('',*,*,#2498,.F.);
#3248=ORIENTED_EDGE('',*,*,#2487,.F.);
#3249=ORIENTED_EDGE('',*,*,#2499,.F.);
#3250=ORIENTED_EDGE('',*,*,#2500,.T.);
#3251=ORIENTED_EDGE('',*,*,#2501,.F.);
#3252=ORIENTED_EDGE('',*,*,#2500,.F.);
#3253=ORIENTED_EDGE('',*,*,#2502,.F.);
#3254=ORIENTED_EDGE('',*,*,#2503,.T.);
#3255=ORIENTED_EDGE('',*,*,#2504,.F.);
#3256=ORIENTED_EDGE('',*,*,#2503,.F.);
#3257=ORIENTED_EDGE('',*,*,#2504,.T.);
#3258=ORIENTED_EDGE('',*,*,#2499,.T.);
#3259=ORIENTED_EDGE('',*,*,#2502,.T.);
#3260=ORIENTED_EDGE('',*,*,#2501,.T.);
#3261=ORIENTED_EDGE('',*,*,#2505,.F.);
#3262=ORIENTED_EDGE('',*,*,#2506,.T.);
#3263=ORIENTED_EDGE('',*,*,#2507,.F.);
#3264=ORIENTED_EDGE('',*,*,#2506,.F.);
#3265=ORIENTED_EDGE('',*,*,#2507,.T.);
#3266=ORIENTED_EDGE('',*,*,#2505,.T.);
#3267=ORIENTED_EDGE('',*,*,#2508,.F.);
#3268=ORIENTED_EDGE('',*,*,#2509,.T.);
#3269=ORIENTED_EDGE('',*,*,#2510,.F.);
#3270=ORIENTED_EDGE('',*,*,#2509,.F.);
#3271=ORIENTED_EDGE('',*,*,#2510,.T.);
#3272=ORIENTED_EDGE('',*,*,#2508,.T.);
#3273=ORIENTED_EDGE('',*,*,#2511,.T.);
#3274=ORIENTED_EDGE('',*,*,#2512,.T.);
#3275=ORIENTED_EDGE('',*,*,#2513,.T.);
#3276=ORIENTED_EDGE('',*,*,#2514,.T.);
#3277=ORIENTED_EDGE('',*,*,#2515,.T.);
#3278=ORIENTED_EDGE('',*,*,#2516,.T.);
#3279=ORIENTED_EDGE('',*,*,#2517,.T.);
#3280=ORIENTED_EDGE('',*,*,#2518,.T.);
#3281=ORIENTED_EDGE('',*,*,#2519,.T.);
#3282=ORIENTED_EDGE('',*,*,#2516,.F.);
#3283=ORIENTED_EDGE('',*,*,#2520,.F.);
#3284=ORIENTED_EDGE('',*,*,#2514,.F.);
#3285=ORIENTED_EDGE('',*,*,#2521,.T.);
#3286=ORIENTED_EDGE('',*,*,#2517,.F.);
#3287=ORIENTED_EDGE('',*,*,#2519,.F.);
#3288=ORIENTED_EDGE('',*,*,#2513,.F.);
#3289=ORIENTED_EDGE('',*,*,#2522,.T.);
#3290=ORIENTED_EDGE('',*,*,#2518,.F.);
#3291=ORIENTED_EDGE('',*,*,#2521,.F.);
#3292=ORIENTED_EDGE('',*,*,#2512,.F.);
#3293=ORIENTED_EDGE('',*,*,#2520,.T.);
#3294=ORIENTED_EDGE('',*,*,#2515,.F.);
#3295=ORIENTED_EDGE('',*,*,#2522,.F.);
#3296=ORIENTED_EDGE('',*,*,#2511,.F.);
#3297=ORIENTED_EDGE('',*,*,#2523,.T.);
#3298=ORIENTED_EDGE('',*,*,#2524,.T.);
#3299=ORIENTED_EDGE('',*,*,#2525,.T.);
#3300=ORIENTED_EDGE('',*,*,#2526,.T.);
#3301=ORIENTED_EDGE('',*,*,#2527,.T.);
#3302=ORIENTED_EDGE('',*,*,#2528,.T.);
#3303=ORIENTED_EDGE('',*,*,#2529,.T.);
#3304=ORIENTED_EDGE('',*,*,#2530,.T.);
#3305=ORIENTED_EDGE('',*,*,#2531,.T.);
#3306=ORIENTED_EDGE('',*,*,#2528,.F.);
#3307=ORIENTED_EDGE('',*,*,#2532,.F.);
#3308=ORIENTED_EDGE('',*,*,#2526,.F.);
#3309=ORIENTED_EDGE('',*,*,#2533,.T.);
#3310=ORIENTED_EDGE('',*,*,#2529,.F.);
#3311=ORIENTED_EDGE('',*,*,#2531,.F.);
#3312=ORIENTED_EDGE('',*,*,#2525,.F.);
#3313=ORIENTED_EDGE('',*,*,#2534,.T.);
#3314=ORIENTED_EDGE('',*,*,#2530,.F.);
#3315=ORIENTED_EDGE('',*,*,#2533,.F.);
#3316=ORIENTED_EDGE('',*,*,#2524,.F.);
#3317=ORIENTED_EDGE('',*,*,#2532,.T.);
#3318=ORIENTED_EDGE('',*,*,#2527,.F.);
#3319=ORIENTED_EDGE('',*,*,#2534,.F.);
#3320=ORIENTED_EDGE('',*,*,#2523,.F.);
#3321=ORIENTED_EDGE('',*,*,#2535,.T.);
#3322=ORIENTED_EDGE('',*,*,#2536,.T.);
#3323=ORIENTED_EDGE('',*,*,#2537,.T.);
#3324=ORIENTED_EDGE('',*,*,#2538,.T.);
#3325=ORIENTED_EDGE('',*,*,#2539,.T.);
#3326=ORIENTED_EDGE('',*,*,#2540,.T.);
#3327=ORIENTED_EDGE('',*,*,#2541,.T.);
#3328=ORIENTED_EDGE('',*,*,#2542,.T.);
#3329=ORIENTED_EDGE('',*,*,#2543,.T.);
#3330=ORIENTED_EDGE('',*,*,#2540,.F.);
#3331=ORIENTED_EDGE('',*,*,#2544,.F.);
#3332=ORIENTED_EDGE('',*,*,#2538,.F.);
#3333=ORIENTED_EDGE('',*,*,#2545,.T.);
#3334=ORIENTED_EDGE('',*,*,#2541,.F.);
#3335=ORIENTED_EDGE('',*,*,#2543,.F.);
#3336=ORIENTED_EDGE('',*,*,#2537,.F.);
#3337=ORIENTED_EDGE('',*,*,#2546,.T.);
#3338=ORIENTED_EDGE('',*,*,#2542,.F.);
#3339=ORIENTED_EDGE('',*,*,#2545,.F.);
#3340=ORIENTED_EDGE('',*,*,#2536,.F.);
#3341=ORIENTED_EDGE('',*,*,#2544,.T.);
#3342=ORIENTED_EDGE('',*,*,#2539,.F.);
#3343=ORIENTED_EDGE('',*,*,#2546,.F.);
#3344=ORIENTED_EDGE('',*,*,#2535,.F.);
#3345=ORIENTED_EDGE('',*,*,#2547,.T.);
#3346=ORIENTED_EDGE('',*,*,#2548,.T.);
#3347=ORIENTED_EDGE('',*,*,#2549,.T.);
#3348=ORIENTED_EDGE('',*,*,#2550,.T.);
#3349=ORIENTED_EDGE('',*,*,#2551,.T.);
#3350=ORIENTED_EDGE('',*,*,#2552,.T.);
#3351=ORIENTED_EDGE('',*,*,#2553,.T.);
#3352=ORIENTED_EDGE('',*,*,#2554,.T.);
#3353=ORIENTED_EDGE('',*,*,#2555,.T.);
#3354=ORIENTED_EDGE('',*,*,#2552,.F.);
#3355=ORIENTED_EDGE('',*,*,#2556,.F.);
#3356=ORIENTED_EDGE('',*,*,#2550,.F.);
#3357=ORIENTED_EDGE('',*,*,#2557,.T.);
#3358=ORIENTED_EDGE('',*,*,#2553,.F.);
#3359=ORIENTED_EDGE('',*,*,#2555,.F.);
#3360=ORIENTED_EDGE('',*,*,#2549,.F.);
#3361=ORIENTED_EDGE('',*,*,#2558,.T.);
#3362=ORIENTED_EDGE('',*,*,#2554,.F.);
#3363=ORIENTED_EDGE('',*,*,#2557,.F.);
#3364=ORIENTED_EDGE('',*,*,#2548,.F.);
#3365=ORIENTED_EDGE('',*,*,#2556,.T.);
#3366=ORIENTED_EDGE('',*,*,#2551,.F.);
#3367=ORIENTED_EDGE('',*,*,#2558,.F.);
#3368=ORIENTED_EDGE('',*,*,#2547,.F.);
#3369=ORIENTED_EDGE('',*,*,#2559,.T.);
#3370=ORIENTED_EDGE('',*,*,#2560,.T.);
#3371=ORIENTED_EDGE('',*,*,#2561,.T.);
#3372=ORIENTED_EDGE('',*,*,#2562,.T.);
#3373=ORIENTED_EDGE('',*,*,#2563,.T.);
#3374=ORIENTED_EDGE('',*,*,#2564,.T.);
#3375=ORIENTED_EDGE('',*,*,#2565,.T.);
#3376=ORIENTED_EDGE('',*,*,#2566,.T.);
#3377=ORIENTED_EDGE('',*,*,#2567,.T.);
#3378=ORIENTED_EDGE('',*,*,#2564,.F.);
#3379=ORIENTED_EDGE('',*,*,#2568,.F.);
#3380=ORIENTED_EDGE('',*,*,#2562,.F.);
#3381=ORIENTED_EDGE('',*,*,#2569,.T.);
#3382=ORIENTED_EDGE('',*,*,#2565,.F.);
#3383=ORIENTED_EDGE('',*,*,#2567,.F.);
#3384=ORIENTED_EDGE('',*,*,#2561,.F.);
#3385=ORIENTED_EDGE('',*,*,#2570,.T.);
#3386=ORIENTED_EDGE('',*,*,#2566,.F.);
#3387=ORIENTED_EDGE('',*,*,#2569,.F.);
#3388=ORIENTED_EDGE('',*,*,#2560,.F.);
#3389=ORIENTED_EDGE('',*,*,#2568,.T.);
#3390=ORIENTED_EDGE('',*,*,#2563,.F.);
#3391=ORIENTED_EDGE('',*,*,#2570,.F.);
#3392=ORIENTED_EDGE('',*,*,#2559,.F.);
#3393=ORIENTED_EDGE('',*,*,#2571,.T.);
#3394=ORIENTED_EDGE('',*,*,#2572,.T.);
#3395=ORIENTED_EDGE('',*,*,#2573,.T.);
#3396=ORIENTED_EDGE('',*,*,#2574,.T.);
#3397=ORIENTED_EDGE('',*,*,#2575,.T.);
#3398=ORIENTED_EDGE('',*,*,#2576,.T.);
#3399=ORIENTED_EDGE('',*,*,#2577,.T.);
#3400=ORIENTED_EDGE('',*,*,#2578,.T.);
#3401=ORIENTED_EDGE('',*,*,#2579,.T.);
#3402=ORIENTED_EDGE('',*,*,#2576,.F.);
#3403=ORIENTED_EDGE('',*,*,#2580,.F.);
#3404=ORIENTED_EDGE('',*,*,#2574,.F.);
#3405=ORIENTED_EDGE('',*,*,#2581,.T.);
#3406=ORIENTED_EDGE('',*,*,#2577,.F.);
#3407=ORIENTED_EDGE('',*,*,#2579,.F.);
#3408=ORIENTED_EDGE('',*,*,#2573,.F.);
#3409=ORIENTED_EDGE('',*,*,#2582,.T.);
#3410=ORIENTED_EDGE('',*,*,#2578,.F.);
#3411=ORIENTED_EDGE('',*,*,#2581,.F.);
#3412=ORIENTED_EDGE('',*,*,#2572,.F.);
#3413=ORIENTED_EDGE('',*,*,#2580,.T.);
#3414=ORIENTED_EDGE('',*,*,#2575,.F.);
#3415=ORIENTED_EDGE('',*,*,#2582,.F.);
#3416=ORIENTED_EDGE('',*,*,#2571,.F.);
#3417=ORIENTED_EDGE('',*,*,#2583,.F.);
#3418=ORIENTED_EDGE('',*,*,#2584,.T.);
#3419=ORIENTED_EDGE('',*,*,#2585,.F.);
#3420=ORIENTED_EDGE('',*,*,#2584,.F.);
#3421=ORIENTED_EDGE('',*,*,#2585,.T.);
#3422=ORIENTED_EDGE('',*,*,#2583,.T.);
#3423=ORIENTED_EDGE('',*,*,#2586,.F.);
#3424=ORIENTED_EDGE('',*,*,#2587,.T.);
#3425=ORIENTED_EDGE('',*,*,#2588,.F.);
#3426=ORIENTED_EDGE('',*,*,#2587,.F.);
#3427=ORIENTED_EDGE('',*,*,#2588,.T.);
#3428=ORIENTED_EDGE('',*,*,#2586,.T.);
#3429=ORIENTED_EDGE('',*,*,#2589,.T.);
#3430=ORIENTED_EDGE('',*,*,#2590,.T.);
#3431=ORIENTED_EDGE('',*,*,#2591,.T.);
#3432=ORIENTED_EDGE('',*,*,#2592,.T.);
#3433=ORIENTED_EDGE('',*,*,#2593,.T.);
#3434=ORIENTED_EDGE('',*,*,#2594,.T.);
#3435=ORIENTED_EDGE('',*,*,#2595,.T.);
#3436=ORIENTED_EDGE('',*,*,#2596,.T.);
#3437=ORIENTED_EDGE('',*,*,#2597,.T.);
#3438=ORIENTED_EDGE('',*,*,#2594,.F.);
#3439=ORIENTED_EDGE('',*,*,#2598,.F.);
#3440=ORIENTED_EDGE('',*,*,#2592,.F.);
#3441=ORIENTED_EDGE('',*,*,#2599,.T.);
#3442=ORIENTED_EDGE('',*,*,#2595,.F.);
#3443=ORIENTED_EDGE('',*,*,#2597,.F.);
#3444=ORIENTED_EDGE('',*,*,#2591,.F.);
#3445=ORIENTED_EDGE('',*,*,#2600,.T.);
#3446=ORIENTED_EDGE('',*,*,#2596,.F.);
#3447=ORIENTED_EDGE('',*,*,#2599,.F.);
#3448=ORIENTED_EDGE('',*,*,#2590,.F.);
#3449=ORIENTED_EDGE('',*,*,#2598,.T.);
#3450=ORIENTED_EDGE('',*,*,#2593,.F.);
#3451=ORIENTED_EDGE('',*,*,#2600,.F.);
#3452=ORIENTED_EDGE('',*,*,#2589,.F.);
#3453=ORIENTED_EDGE('',*,*,#2601,.T.);
#3454=ORIENTED_EDGE('',*,*,#2602,.T.);
#3455=ORIENTED_EDGE('',*,*,#2603,.T.);
#3456=ORIENTED_EDGE('',*,*,#2604,.T.);
#3457=ORIENTED_EDGE('',*,*,#2605,.T.);
#3458=ORIENTED_EDGE('',*,*,#2606,.T.);
#3459=ORIENTED_EDGE('',*,*,#2607,.T.);
#3460=ORIENTED_EDGE('',*,*,#2608,.T.);
#3461=ORIENTED_EDGE('',*,*,#2609,.T.);
#3462=ORIENTED_EDGE('',*,*,#2606,.F.);
#3463=ORIENTED_EDGE('',*,*,#2610,.F.);
#3464=ORIENTED_EDGE('',*,*,#2604,.F.);
#3465=ORIENTED_EDGE('',*,*,#2611,.T.);
#3466=ORIENTED_EDGE('',*,*,#2607,.F.);
#3467=ORIENTED_EDGE('',*,*,#2609,.F.);
#3468=ORIENTED_EDGE('',*,*,#2603,.F.);
#3469=ORIENTED_EDGE('',*,*,#2612,.T.);
#3470=ORIENTED_EDGE('',*,*,#2608,.F.);
#3471=ORIENTED_EDGE('',*,*,#2611,.F.);
#3472=ORIENTED_EDGE('',*,*,#2602,.F.);
#3473=ORIENTED_EDGE('',*,*,#2610,.T.);
#3474=ORIENTED_EDGE('',*,*,#2605,.F.);
#3475=ORIENTED_EDGE('',*,*,#2612,.F.);
#3476=ORIENTED_EDGE('',*,*,#2601,.F.);
#3477=ORIENTED_EDGE('',*,*,#2613,.T.);
#3478=ORIENTED_EDGE('',*,*,#2614,.T.);
#3479=ORIENTED_EDGE('',*,*,#2615,.T.);
#3480=ORIENTED_EDGE('',*,*,#2616,.T.);
#3481=ORIENTED_EDGE('',*,*,#2617,.T.);
#3482=ORIENTED_EDGE('',*,*,#2618,.T.);
#3483=ORIENTED_EDGE('',*,*,#2619,.T.);
#3484=ORIENTED_EDGE('',*,*,#2620,.T.);
#3485=ORIENTED_EDGE('',*,*,#2621,.T.);
#3486=ORIENTED_EDGE('',*,*,#2618,.F.);
#3487=ORIENTED_EDGE('',*,*,#2622,.F.);
#3488=ORIENTED_EDGE('',*,*,#2616,.F.);
#3489=ORIENTED_EDGE('',*,*,#2623,.T.);
#3490=ORIENTED_EDGE('',*,*,#2619,.F.);
#3491=ORIENTED_EDGE('',*,*,#2621,.F.);
#3492=ORIENTED_EDGE('',*,*,#2615,.F.);
#3493=ORIENTED_EDGE('',*,*,#2624,.T.);
#3494=ORIENTED_EDGE('',*,*,#2620,.F.);
#3495=ORIENTED_EDGE('',*,*,#2623,.F.);
#3496=ORIENTED_EDGE('',*,*,#2614,.F.);
#3497=ORIENTED_EDGE('',*,*,#2622,.T.);
#3498=ORIENTED_EDGE('',*,*,#2617,.F.);
#3499=ORIENTED_EDGE('',*,*,#2624,.F.);
#3500=ORIENTED_EDGE('',*,*,#2613,.F.);
#3501=ORIENTED_EDGE('',*,*,#2625,.T.);
#3502=ORIENTED_EDGE('',*,*,#2626,.T.);
#3503=ORIENTED_EDGE('',*,*,#2627,.T.);
#3504=ORIENTED_EDGE('',*,*,#2628,.T.);
#3505=ORIENTED_EDGE('',*,*,#2629,.T.);
#3506=ORIENTED_EDGE('',*,*,#2630,.T.);
#3507=ORIENTED_EDGE('',*,*,#2631,.T.);
#3508=ORIENTED_EDGE('',*,*,#2632,.T.);
#3509=ORIENTED_EDGE('',*,*,#2633,.T.);
#3510=ORIENTED_EDGE('',*,*,#2630,.F.);
#3511=ORIENTED_EDGE('',*,*,#2634,.F.);
#3512=ORIENTED_EDGE('',*,*,#2628,.F.);
#3513=ORIENTED_EDGE('',*,*,#2635,.T.);
#3514=ORIENTED_EDGE('',*,*,#2631,.F.);
#3515=ORIENTED_EDGE('',*,*,#2633,.F.);
#3516=ORIENTED_EDGE('',*,*,#2627,.F.);
#3517=ORIENTED_EDGE('',*,*,#2636,.T.);
#3518=ORIENTED_EDGE('',*,*,#2632,.F.);
#3519=ORIENTED_EDGE('',*,*,#2635,.F.);
#3520=ORIENTED_EDGE('',*,*,#2626,.F.);
#3521=ORIENTED_EDGE('',*,*,#2634,.T.);
#3522=ORIENTED_EDGE('',*,*,#2629,.F.);
#3523=ORIENTED_EDGE('',*,*,#2636,.F.);
#3524=ORIENTED_EDGE('',*,*,#2625,.F.);
#3525=ORIENTED_EDGE('',*,*,#2637,.T.);
#3526=ORIENTED_EDGE('',*,*,#2638,.T.);
#3527=ORIENTED_EDGE('',*,*,#2639,.T.);
#3528=ORIENTED_EDGE('',*,*,#2640,.T.);
#3529=ORIENTED_EDGE('',*,*,#2641,.T.);
#3530=ORIENTED_EDGE('',*,*,#2642,.T.);
#3531=ORIENTED_EDGE('',*,*,#2643,.T.);
#3532=ORIENTED_EDGE('',*,*,#2644,.T.);
#3533=ORIENTED_EDGE('',*,*,#2645,.T.);
#3534=ORIENTED_EDGE('',*,*,#2642,.F.);
#3535=ORIENTED_EDGE('',*,*,#2646,.F.);
#3536=ORIENTED_EDGE('',*,*,#2640,.F.);
#3537=ORIENTED_EDGE('',*,*,#2647,.T.);
#3538=ORIENTED_EDGE('',*,*,#2643,.F.);
#3539=ORIENTED_EDGE('',*,*,#2645,.F.);
#3540=ORIENTED_EDGE('',*,*,#2639,.F.);
#3541=ORIENTED_EDGE('',*,*,#2648,.T.);
#3542=ORIENTED_EDGE('',*,*,#2644,.F.);
#3543=ORIENTED_EDGE('',*,*,#2647,.F.);
#3544=ORIENTED_EDGE('',*,*,#2638,.F.);
#3545=ORIENTED_EDGE('',*,*,#2646,.T.);
#3546=ORIENTED_EDGE('',*,*,#2641,.F.);
#3547=ORIENTED_EDGE('',*,*,#2648,.F.);
#3548=ORIENTED_EDGE('',*,*,#2637,.F.);
#3549=ORIENTED_EDGE('',*,*,#2649,.T.);
#3550=ORIENTED_EDGE('',*,*,#2650,.T.);
#3551=ORIENTED_EDGE('',*,*,#2651,.T.);
#3552=ORIENTED_EDGE('',*,*,#2652,.T.);
#3553=ORIENTED_EDGE('',*,*,#2653,.T.);
#3554=ORIENTED_EDGE('',*,*,#2654,.T.);
#3555=ORIENTED_EDGE('',*,*,#2655,.T.);
#3556=ORIENTED_EDGE('',*,*,#2656,.T.);
#3557=ORIENTED_EDGE('',*,*,#2657,.T.);
#3558=ORIENTED_EDGE('',*,*,#2654,.F.);
#3559=ORIENTED_EDGE('',*,*,#2658,.F.);
#3560=ORIENTED_EDGE('',*,*,#2652,.F.);
#3561=ORIENTED_EDGE('',*,*,#2659,.T.);
#3562=ORIENTED_EDGE('',*,*,#2655,.F.);
#3563=ORIENTED_EDGE('',*,*,#2657,.F.);
#3564=ORIENTED_EDGE('',*,*,#2651,.F.);
#3565=ORIENTED_EDGE('',*,*,#2660,.T.);
#3566=ORIENTED_EDGE('',*,*,#2656,.F.);
#3567=ORIENTED_EDGE('',*,*,#2659,.F.);
#3568=ORIENTED_EDGE('',*,*,#2650,.F.);
#3569=ORIENTED_EDGE('',*,*,#2658,.T.);
#3570=ORIENTED_EDGE('',*,*,#2653,.F.);
#3571=ORIENTED_EDGE('',*,*,#2660,.F.);
#3572=ORIENTED_EDGE('',*,*,#2649,.F.);
#3573=ORIENTED_EDGE('',*,*,#2661,.T.);
#3574=ORIENTED_EDGE('',*,*,#2662,.T.);
#3575=ORIENTED_EDGE('',*,*,#2663,.T.);
#3576=ORIENTED_EDGE('',*,*,#2664,.T.);
#3577=ORIENTED_EDGE('',*,*,#2665,.T.);
#3578=ORIENTED_EDGE('',*,*,#2666,.T.);
#3579=ORIENTED_EDGE('',*,*,#2667,.T.);
#3580=ORIENTED_EDGE('',*,*,#2668,.T.);
#3581=ORIENTED_EDGE('',*,*,#2669,.T.);
#3582=ORIENTED_EDGE('',*,*,#2666,.F.);
#3583=ORIENTED_EDGE('',*,*,#2670,.F.);
#3584=ORIENTED_EDGE('',*,*,#2664,.F.);
#3585=ORIENTED_EDGE('',*,*,#2671,.T.);
#3586=ORIENTED_EDGE('',*,*,#2667,.F.);
#3587=ORIENTED_EDGE('',*,*,#2669,.F.);
#3588=ORIENTED_EDGE('',*,*,#2663,.F.);
#3589=ORIENTED_EDGE('',*,*,#2672,.T.);
#3590=ORIENTED_EDGE('',*,*,#2668,.F.);
#3591=ORIENTED_EDGE('',*,*,#2671,.F.);
#3592=ORIENTED_EDGE('',*,*,#2662,.F.);
#3593=ORIENTED_EDGE('',*,*,#2670,.T.);
#3594=ORIENTED_EDGE('',*,*,#2665,.F.);
#3595=ORIENTED_EDGE('',*,*,#2672,.F.);
#3596=ORIENTED_EDGE('',*,*,#2661,.F.);
#3597=ORIENTED_EDGE('',*,*,#2673,.T.);
#3598=ORIENTED_EDGE('',*,*,#2674,.T.);
#3599=ORIENTED_EDGE('',*,*,#2675,.T.);
#3600=ORIENTED_EDGE('',*,*,#2676,.T.);
#3601=ORIENTED_EDGE('',*,*,#2677,.T.);
#3602=ORIENTED_EDGE('',*,*,#2678,.T.);
#3603=ORIENTED_EDGE('',*,*,#2679,.T.);
#3604=ORIENTED_EDGE('',*,*,#2680,.T.);
#3605=ORIENTED_EDGE('',*,*,#2681,.T.);
#3606=ORIENTED_EDGE('',*,*,#2678,.F.);
#3607=ORIENTED_EDGE('',*,*,#2682,.F.);
#3608=ORIENTED_EDGE('',*,*,#2676,.F.);
#3609=ORIENTED_EDGE('',*,*,#2683,.T.);
#3610=ORIENTED_EDGE('',*,*,#2679,.F.);
#3611=ORIENTED_EDGE('',*,*,#2681,.F.);
#3612=ORIENTED_EDGE('',*,*,#2675,.F.);
#3613=ORIENTED_EDGE('',*,*,#2684,.T.);
#3614=ORIENTED_EDGE('',*,*,#2680,.F.);
#3615=ORIENTED_EDGE('',*,*,#2683,.F.);
#3616=ORIENTED_EDGE('',*,*,#2674,.F.);
#3617=ORIENTED_EDGE('',*,*,#2682,.T.);
#3618=ORIENTED_EDGE('',*,*,#2677,.F.);
#3619=ORIENTED_EDGE('',*,*,#2684,.F.);
#3620=ORIENTED_EDGE('',*,*,#2673,.F.);
#3621=ORIENTED_EDGE('',*,*,#2685,.T.);
#3622=ORIENTED_EDGE('',*,*,#2686,.T.);
#3623=ORIENTED_EDGE('',*,*,#2687,.T.);
#3624=ORIENTED_EDGE('',*,*,#2688,.T.);
#3625=ORIENTED_EDGE('',*,*,#2689,.T.);
#3626=ORIENTED_EDGE('',*,*,#2690,.T.);
#3627=ORIENTED_EDGE('',*,*,#2691,.T.);
#3628=ORIENTED_EDGE('',*,*,#2692,.T.);
#3629=ORIENTED_EDGE('',*,*,#2693,.T.);
#3630=ORIENTED_EDGE('',*,*,#2690,.F.);
#3631=ORIENTED_EDGE('',*,*,#2694,.F.);
#3632=ORIENTED_EDGE('',*,*,#2688,.F.);
#3633=ORIENTED_EDGE('',*,*,#2695,.T.);
#3634=ORIENTED_EDGE('',*,*,#2691,.F.);
#3635=ORIENTED_EDGE('',*,*,#2693,.F.);
#3636=ORIENTED_EDGE('',*,*,#2687,.F.);
#3637=ORIENTED_EDGE('',*,*,#2696,.T.);
#3638=ORIENTED_EDGE('',*,*,#2692,.F.);
#3639=ORIENTED_EDGE('',*,*,#2695,.F.);
#3640=ORIENTED_EDGE('',*,*,#2686,.F.);
#3641=ORIENTED_EDGE('',*,*,#2694,.T.);
#3642=ORIENTED_EDGE('',*,*,#2689,.F.);
#3643=ORIENTED_EDGE('',*,*,#2696,.F.);
#3644=ORIENTED_EDGE('',*,*,#2685,.F.);
#3645=ORIENTED_EDGE('',*,*,#2697,.T.);
#3646=ORIENTED_EDGE('',*,*,#2698,.T.);
#3647=ORIENTED_EDGE('',*,*,#2699,.T.);
#3648=ORIENTED_EDGE('',*,*,#2700,.T.);
#3649=ORIENTED_EDGE('',*,*,#2701,.T.);
#3650=ORIENTED_EDGE('',*,*,#2702,.T.);
#3651=ORIENTED_EDGE('',*,*,#2703,.T.);
#3652=ORIENTED_EDGE('',*,*,#2704,.T.);
#3653=ORIENTED_EDGE('',*,*,#2705,.T.);
#3654=ORIENTED_EDGE('',*,*,#2702,.F.);
#3655=ORIENTED_EDGE('',*,*,#2706,.F.);
#3656=ORIENTED_EDGE('',*,*,#2700,.F.);
#3657=ORIENTED_EDGE('',*,*,#2707,.T.);
#3658=ORIENTED_EDGE('',*,*,#2703,.F.);
#3659=ORIENTED_EDGE('',*,*,#2705,.F.);
#3660=ORIENTED_EDGE('',*,*,#2699,.F.);
#3661=ORIENTED_EDGE('',*,*,#2708,.T.);
#3662=ORIENTED_EDGE('',*,*,#2704,.F.);
#3663=ORIENTED_EDGE('',*,*,#2707,.F.);
#3664=ORIENTED_EDGE('',*,*,#2698,.F.);
#3665=ORIENTED_EDGE('',*,*,#2706,.T.);
#3666=ORIENTED_EDGE('',*,*,#2701,.F.);
#3667=ORIENTED_EDGE('',*,*,#2708,.F.);
#3668=ORIENTED_EDGE('',*,*,#2697,.F.);
#3669=ORIENTED_EDGE('',*,*,#2709,.T.);
#3670=ORIENTED_EDGE('',*,*,#2710,.T.);
#3671=ORIENTED_EDGE('',*,*,#2711,.T.);
#3672=ORIENTED_EDGE('',*,*,#2712,.T.);
#3673=ORIENTED_EDGE('',*,*,#2713,.T.);
#3674=ORIENTED_EDGE('',*,*,#2714,.T.);
#3675=ORIENTED_EDGE('',*,*,#2715,.T.);
#3676=ORIENTED_EDGE('',*,*,#2716,.T.);
#3677=ORIENTED_EDGE('',*,*,#2717,.T.);
#3678=ORIENTED_EDGE('',*,*,#2714,.F.);
#3679=ORIENTED_EDGE('',*,*,#2718,.F.);
#3680=ORIENTED_EDGE('',*,*,#2712,.F.);
#3681=ORIENTED_EDGE('',*,*,#2719,.T.);
#3682=ORIENTED_EDGE('',*,*,#2715,.F.);
#3683=ORIENTED_EDGE('',*,*,#2717,.F.);
#3684=ORIENTED_EDGE('',*,*,#2711,.F.);
#3685=ORIENTED_EDGE('',*,*,#2720,.T.);
#3686=ORIENTED_EDGE('',*,*,#2716,.F.);
#3687=ORIENTED_EDGE('',*,*,#2719,.F.);
#3688=ORIENTED_EDGE('',*,*,#2710,.F.);
#3689=ORIENTED_EDGE('',*,*,#2718,.T.);
#3690=ORIENTED_EDGE('',*,*,#2713,.F.);
#3691=ORIENTED_EDGE('',*,*,#2720,.F.);
#3692=ORIENTED_EDGE('',*,*,#2709,.F.);
#3693=ORIENTED_EDGE('',*,*,#2721,.T.);
#3694=ORIENTED_EDGE('',*,*,#2722,.T.);
#3695=ORIENTED_EDGE('',*,*,#2723,.T.);
#3696=ORIENTED_EDGE('',*,*,#2724,.T.);
#3697=ORIENTED_EDGE('',*,*,#2725,.T.);
#3698=ORIENTED_EDGE('',*,*,#2726,.T.);
#3699=ORIENTED_EDGE('',*,*,#2727,.T.);
#3700=ORIENTED_EDGE('',*,*,#2728,.T.);
#3701=ORIENTED_EDGE('',*,*,#2729,.T.);
#3702=ORIENTED_EDGE('',*,*,#2726,.F.);
#3703=ORIENTED_EDGE('',*,*,#2730,.F.);
#3704=ORIENTED_EDGE('',*,*,#2724,.F.);
#3705=ORIENTED_EDGE('',*,*,#2731,.T.);
#3706=ORIENTED_EDGE('',*,*,#2727,.F.);
#3707=ORIENTED_EDGE('',*,*,#2729,.F.);
#3708=ORIENTED_EDGE('',*,*,#2723,.F.);
#3709=ORIENTED_EDGE('',*,*,#2732,.T.);
#3710=ORIENTED_EDGE('',*,*,#2728,.F.);
#3711=ORIENTED_EDGE('',*,*,#2731,.F.);
#3712=ORIENTED_EDGE('',*,*,#2722,.F.);
#3713=ORIENTED_EDGE('',*,*,#2730,.T.);
#3714=ORIENTED_EDGE('',*,*,#2725,.F.);
#3715=ORIENTED_EDGE('',*,*,#2732,.F.);
#3716=ORIENTED_EDGE('',*,*,#2721,.F.);
#3717=ORIENTED_EDGE('',*,*,#2733,.T.);
#3718=ORIENTED_EDGE('',*,*,#2734,.T.);
#3719=ORIENTED_EDGE('',*,*,#2735,.T.);
#3720=ORIENTED_EDGE('',*,*,#2736,.T.);
#3721=ORIENTED_EDGE('',*,*,#2737,.T.);
#3722=ORIENTED_EDGE('',*,*,#2738,.T.);
#3723=ORIENTED_EDGE('',*,*,#2739,.T.);
#3724=ORIENTED_EDGE('',*,*,#2740,.T.);
#3725=ORIENTED_EDGE('',*,*,#2741,.T.);
#3726=ORIENTED_EDGE('',*,*,#2738,.F.);
#3727=ORIENTED_EDGE('',*,*,#2742,.F.);
#3728=ORIENTED_EDGE('',*,*,#2736,.F.);
#3729=ORIENTED_EDGE('',*,*,#2743,.T.);
#3730=ORIENTED_EDGE('',*,*,#2739,.F.);
#3731=ORIENTED_EDGE('',*,*,#2741,.F.);
#3732=ORIENTED_EDGE('',*,*,#2735,.F.);
#3733=ORIENTED_EDGE('',*,*,#2744,.T.);
#3734=ORIENTED_EDGE('',*,*,#2740,.F.);
#3735=ORIENTED_EDGE('',*,*,#2743,.F.);
#3736=ORIENTED_EDGE('',*,*,#2734,.F.);
#3737=ORIENTED_EDGE('',*,*,#2742,.T.);
#3738=ORIENTED_EDGE('',*,*,#2737,.F.);
#3739=ORIENTED_EDGE('',*,*,#2744,.F.);
#3740=ORIENTED_EDGE('',*,*,#2733,.F.);
#3741=ORIENTED_EDGE('',*,*,#2745,.T.);
#3742=ORIENTED_EDGE('',*,*,#2746,.T.);
#3743=ORIENTED_EDGE('',*,*,#2747,.T.);
#3744=ORIENTED_EDGE('',*,*,#2748,.T.);
#3745=ORIENTED_EDGE('',*,*,#2749,.T.);
#3746=ORIENTED_EDGE('',*,*,#2750,.T.);
#3747=ORIENTED_EDGE('',*,*,#2751,.T.);
#3748=ORIENTED_EDGE('',*,*,#2752,.T.);
#3749=ORIENTED_EDGE('',*,*,#2753,.T.);
#3750=ORIENTED_EDGE('',*,*,#2750,.F.);
#3751=ORIENTED_EDGE('',*,*,#2754,.F.);
#3752=ORIENTED_EDGE('',*,*,#2748,.F.);
#3753=ORIENTED_EDGE('',*,*,#2755,.T.);
#3754=ORIENTED_EDGE('',*,*,#2751,.F.);
#3755=ORIENTED_EDGE('',*,*,#2753,.F.);
#3756=ORIENTED_EDGE('',*,*,#2747,.F.);
#3757=ORIENTED_EDGE('',*,*,#2756,.T.);
#3758=ORIENTED_EDGE('',*,*,#2752,.F.);
#3759=ORIENTED_EDGE('',*,*,#2755,.F.);
#3760=ORIENTED_EDGE('',*,*,#2746,.F.);
#3761=ORIENTED_EDGE('',*,*,#2754,.T.);
#3762=ORIENTED_EDGE('',*,*,#2749,.F.);
#3763=ORIENTED_EDGE('',*,*,#2756,.F.);
#3764=ORIENTED_EDGE('',*,*,#2745,.F.);
#3765=ORIENTED_EDGE('',*,*,#2757,.T.);
#3766=ORIENTED_EDGE('',*,*,#2758,.T.);
#3767=ORIENTED_EDGE('',*,*,#2759,.T.);
#3768=ORIENTED_EDGE('',*,*,#2760,.T.);
#3769=ORIENTED_EDGE('',*,*,#2761,.T.);
#3770=ORIENTED_EDGE('',*,*,#2762,.T.);
#3771=ORIENTED_EDGE('',*,*,#2763,.T.);
#3772=ORIENTED_EDGE('',*,*,#2764,.T.);
#3773=ORIENTED_EDGE('',*,*,#2765,.T.);
#3774=ORIENTED_EDGE('',*,*,#2762,.F.);
#3775=ORIENTED_EDGE('',*,*,#2766,.F.);
#3776=ORIENTED_EDGE('',*,*,#2760,.F.);
#3777=ORIENTED_EDGE('',*,*,#2767,.T.);
#3778=ORIENTED_EDGE('',*,*,#2763,.F.);
#3779=ORIENTED_EDGE('',*,*,#2765,.F.);
#3780=ORIENTED_EDGE('',*,*,#2759,.F.);
#3781=ORIENTED_EDGE('',*,*,#2768,.T.);
#3782=ORIENTED_EDGE('',*,*,#2764,.F.);
#3783=ORIENTED_EDGE('',*,*,#2767,.F.);
#3784=ORIENTED_EDGE('',*,*,#2758,.F.);
#3785=ORIENTED_EDGE('',*,*,#2766,.T.);
#3786=ORIENTED_EDGE('',*,*,#2761,.F.);
#3787=ORIENTED_EDGE('',*,*,#2768,.F.);
#3788=ORIENTED_EDGE('',*,*,#2757,.F.);
#3789=ORIENTED_EDGE('',*,*,#2769,.T.);
#3790=ORIENTED_EDGE('',*,*,#2770,.T.);
#3791=ORIENTED_EDGE('',*,*,#2771,.T.);
#3792=ORIENTED_EDGE('',*,*,#2772,.T.);
#3793=ORIENTED_EDGE('',*,*,#2773,.T.);
#3794=ORIENTED_EDGE('',*,*,#2774,.T.);
#3795=ORIENTED_EDGE('',*,*,#2775,.T.);
#3796=ORIENTED_EDGE('',*,*,#2776,.T.);
#3797=ORIENTED_EDGE('',*,*,#2777,.T.);
#3798=ORIENTED_EDGE('',*,*,#2774,.F.);
#3799=ORIENTED_EDGE('',*,*,#2778,.F.);
#3800=ORIENTED_EDGE('',*,*,#2772,.F.);
#3801=ORIENTED_EDGE('',*,*,#2779,.T.);
#3802=ORIENTED_EDGE('',*,*,#2775,.F.);
#3803=ORIENTED_EDGE('',*,*,#2777,.F.);
#3804=ORIENTED_EDGE('',*,*,#2771,.F.);
#3805=ORIENTED_EDGE('',*,*,#2780,.T.);
#3806=ORIENTED_EDGE('',*,*,#2776,.F.);
#3807=ORIENTED_EDGE('',*,*,#2779,.F.);
#3808=ORIENTED_EDGE('',*,*,#2770,.F.);
#3809=ORIENTED_EDGE('',*,*,#2778,.T.);
#3810=ORIENTED_EDGE('',*,*,#2773,.F.);
#3811=ORIENTED_EDGE('',*,*,#2780,.F.);
#3812=ORIENTED_EDGE('',*,*,#2769,.F.);
#3813=CYLINDRICAL_SURFACE('',#4159,1.1);
#3814=CYLINDRICAL_SURFACE('',#4162,1.1);
#3815=CYLINDRICAL_SURFACE('',#4165,1.1);
#3816=CYLINDRICAL_SURFACE('',#4168,1.1);
#3817=CYLINDRICAL_SURFACE('',#4189,1.1);
#3818=CYLINDRICAL_SURFACE('',#4192,3.05);
#3819=CYLINDRICAL_SURFACE('',#4197,1.1);
#3820=CYLINDRICAL_SURFACE('',#4200,3.05);
#3821=CYLINDRICAL_SURFACE('',#4205,1.1);
#3822=CYLINDRICAL_SURFACE('',#4208,3.05);
#3823=CYLINDRICAL_SURFACE('',#4213,1.1);
#3824=CYLINDRICAL_SURFACE('',#4216,3.05);
#3825=CYLINDRICAL_SURFACE('',#4225,18.5);
#3826=CYLINDRICAL_SURFACE('',#4234,17.1);
#3827=CYLINDRICAL_SURFACE('',#4305,1.6);
#3828=CYLINDRICAL_SURFACE('',#4308,2.7);
#3829=CYLINDRICAL_SURFACE('',#4313,1.6);
#3830=CYLINDRICAL_SURFACE('',#4318,1.6);
#3831=CYLINDRICAL_SURFACE('',#4359,2.1);
#3832=CYLINDRICAL_SURFACE('',#4364,4.3);
#3833=ADVANCED_FACE('',(#375),#3813,.F.);
#3834=ADVANCED_FACE('',(#376),#3814,.F.);
#3835=ADVANCED_FACE('',(#377),#3815,.F.);
#3836=ADVANCED_FACE('',(#378),#3816,.F.);
#3837=ADVANCED_FACE('',(#379,#107,#108,#109,#110),#129,.T.);
#3838=ADVANCED_FACE('',(#380,#111,#112,#113,#114),#130,.F.);
#3839=ADVANCED_FACE('',(#381),#131,.F.);
#3840=ADVANCED_FACE('',(#382),#132,.F.);
#3841=ADVANCED_FACE('',(#383),#133,.F.);
#3842=ADVANCED_FACE('',(#384),#134,.F.);
#3843=ADVANCED_FACE('',(#385),#135,.T.);
#3844=ADVANCED_FACE('',(#386),#136,.F.);
#3845=ADVANCED_FACE('',(#387),#137,.F.);
#3846=ADVANCED_FACE('',(#388),#138,.F.);
#3847=ADVANCED_FACE('',(#389),#139,.F.);
#3848=ADVANCED_FACE('',(#390),#140,.F.);
#3849=ADVANCED_FACE('',(#391),#141,.T.);
#3850=ADVANCED_FACE('',(#392),#142,.F.);
#3851=ADVANCED_FACE('',(#393),#143,.F.);
#3852=ADVANCED_FACE('',(#394),#144,.F.);
#3853=ADVANCED_FACE('',(#395),#145,.F.);
#3854=ADVANCED_FACE('',(#396),#146,.F.);
#3855=ADVANCED_FACE('',(#397),#3817,.F.);
#3856=ADVANCED_FACE('',(#398),#3818,.T.);
#3857=ADVANCED_FACE('',(#399,#115),#147,.T.);
#3858=ADVANCED_FACE('',(#400,#116),#148,.T.);
#3859=ADVANCED_FACE('',(#401),#3819,.F.);
#3860=ADVANCED_FACE('',(#402),#3820,.T.);
#3861=ADVANCED_FACE('',(#403,#117),#149,.T.);
#3862=ADVANCED_FACE('',(#404,#118),#150,.T.);
#3863=ADVANCED_FACE('',(#405),#3821,.F.);
#3864=ADVANCED_FACE('',(#406),#3822,.T.);
#3865=ADVANCED_FACE('',(#407,#119),#151,.T.);
#3866=ADVANCED_FACE('',(#408,#120),#152,.T.);
#3867=ADVANCED_FACE('',(#409),#3823,.F.);
#3868=ADVANCED_FACE('',(#410),#3824,.T.);
#3869=ADVANCED_FACE('',(#411,#121),#153,.T.);
#3870=ADVANCED_FACE('',(#412,#122),#154,.T.);
#3871=ADVANCED_FACE('',(#413),#155,.T.);
#3872=ADVANCED_FACE('',(#414),#156,.T.);
#3873=ADVANCED_FACE('',(#415),#157,.T.);
#3874=ADVANCED_FACE('',(#416),#158,.T.);
#3875=ADVANCED_FACE('',(#417),#3825,.T.);
#3876=ADVANCED_FACE('',(#418,#123),#159,.T.);
#3877=ADVANCED_FACE('',(#419,#124),#160,.T.);
#3878=ADVANCED_FACE('',(#420),#161,.T.);
#3879=ADVANCED_FACE('',(#421),#162,.T.);
#3880=ADVANCED_FACE('',(#422),#163,.T.);
#3881=ADVANCED_FACE('',(#423),#164,.T.);
#3882=ADVANCED_FACE('',(#424),#3826,.T.);
#3883=ADVANCED_FACE('',(#425,#125),#165,.T.);
#3884=ADVANCED_FACE('',(#426,#126),#166,.T.);
#3885=ADVANCED_FACE('',(#427),#167,.T.);
#3886=ADVANCED_FACE('',(#428),#168,.F.);
#3887=ADVANCED_FACE('',(#429),#169,.F.);
#3888=ADVANCED_FACE('',(#430),#170,.F.);
#3889=ADVANCED_FACE('',(#431),#171,.F.);
#3890=ADVANCED_FACE('',(#432),#172,.F.);
#3891=ADVANCED_FACE('',(#433),#173,.T.);
#3892=ADVANCED_FACE('',(#434),#174,.F.);
#3893=ADVANCED_FACE('',(#435),#175,.F.);
#3894=ADVANCED_FACE('',(#436),#176,.F.);
#3895=ADVANCED_FACE('',(#437),#177,.F.);
#3896=ADVANCED_FACE('',(#438),#178,.F.);
#3897=ADVANCED_FACE('',(#439),#179,.T.);
#3898=ADVANCED_FACE('',(#440),#180,.F.);
#3899=ADVANCED_FACE('',(#441),#181,.F.);
#3900=ADVANCED_FACE('',(#442),#182,.F.);
#3901=ADVANCED_FACE('',(#443),#183,.F.);
#3902=ADVANCED_FACE('',(#444),#184,.F.);
#3903=ADVANCED_FACE('',(#445),#185,.T.);
#3904=ADVANCED_FACE('',(#446),#186,.F.);
#3905=ADVANCED_FACE('',(#447),#187,.F.);
#3906=ADVANCED_FACE('',(#448),#188,.F.);
#3907=ADVANCED_FACE('',(#449),#189,.F.);
#3908=ADVANCED_FACE('',(#450),#190,.F.);
#3909=ADVANCED_FACE('',(#451),#191,.T.);
#3910=ADVANCED_FACE('',(#452),#192,.F.);
#3911=ADVANCED_FACE('',(#453),#193,.F.);
#3912=ADVANCED_FACE('',(#454),#194,.F.);
#3913=ADVANCED_FACE('',(#455),#195,.F.);
#3914=ADVANCED_FACE('',(#456),#196,.F.);
#3915=ADVANCED_FACE('',(#457),#197,.T.);
#3916=ADVANCED_FACE('',(#458),#198,.F.);
#3917=ADVANCED_FACE('',(#459),#199,.F.);
#3918=ADVANCED_FACE('',(#460),#200,.F.);
#3919=ADVANCED_FACE('',(#461),#201,.F.);
#3920=ADVANCED_FACE('',(#462),#202,.F.);
#3921=ADVANCED_FACE('',(#463),#203,.T.);
#3922=ADVANCED_FACE('',(#464),#204,.F.);
#3923=ADVANCED_FACE('',(#465),#205,.F.);
#3924=ADVANCED_FACE('',(#466),#206,.F.);
#3925=ADVANCED_FACE('',(#467),#207,.F.);
#3926=ADVANCED_FACE('',(#468),#208,.F.);
#3927=ADVANCED_FACE('',(#469),#209,.T.);
#3928=ADVANCED_FACE('',(#470),#210,.F.);
#3929=ADVANCED_FACE('',(#471),#211,.F.);
#3930=ADVANCED_FACE('',(#472),#212,.F.);
#3931=ADVANCED_FACE('',(#473),#213,.F.);
#3932=ADVANCED_FACE('',(#474),#214,.F.);
#3933=ADVANCED_FACE('',(#475),#215,.T.);
#3934=ADVANCED_FACE('',(#476),#216,.F.);
#3935=ADVANCED_FACE('',(#477),#217,.F.);
#3936=ADVANCED_FACE('',(#478),#218,.F.);
#3937=ADVANCED_FACE('',(#479),#219,.F.);
#3938=ADVANCED_FACE('',(#480),#220,.F.);
#3939=ADVANCED_FACE('',(#481),#221,.T.);
#3940=ADVANCED_FACE('',(#482),#222,.F.);
#3941=ADVANCED_FACE('',(#483),#223,.F.);
#3942=ADVANCED_FACE('',(#484),#224,.F.);
#3943=ADVANCED_FACE('',(#485),#225,.F.);
#3944=ADVANCED_FACE('',(#486),#226,.F.);
#3945=ADVANCED_FACE('',(#487),#227,.T.);
#3946=ADVANCED_FACE('',(#488),#228,.F.);
#3947=ADVANCED_FACE('',(#489),#229,.F.);
#3948=ADVANCED_FACE('',(#490),#230,.F.);
#3949=ADVANCED_FACE('',(#491),#231,.F.);
#3950=ADVANCED_FACE('',(#492),#232,.F.);
#3951=ADVANCED_FACE('',(#493),#3827,.F.);
#3952=ADVANCED_FACE('',(#494),#3828,.T.);
#3953=ADVANCED_FACE('',(#495,#127),#233,.T.);
#3954=ADVANCED_FACE('',(#496,#128),#234,.T.);
#3955=ADVANCED_FACE('',(#497),#3829,.T.);
#3956=ADVANCED_FACE('',(#498),#235,.T.);
#3957=ADVANCED_FACE('',(#499),#236,.T.);
#3958=ADVANCED_FACE('',(#500),#3830,.T.);
#3959=ADVANCED_FACE('',(#501),#237,.T.);
#3960=ADVANCED_FACE('',(#502),#238,.T.);
#3961=ADVANCED_FACE('',(#503),#239,.T.);
#3962=ADVANCED_FACE('',(#504),#240,.F.);
#3963=ADVANCED_FACE('',(#505),#241,.F.);
#3964=ADVANCED_FACE('',(#506),#242,.F.);
#3965=ADVANCED_FACE('',(#507),#243,.F.);
#3966=ADVANCED_FACE('',(#508),#244,.F.);
#3967=ADVANCED_FACE('',(#509),#245,.T.);
#3968=ADVANCED_FACE('',(#510),#246,.F.);
#3969=ADVANCED_FACE('',(#511),#247,.F.);
#3970=ADVANCED_FACE('',(#512),#248,.F.);
#3971=ADVANCED_FACE('',(#513),#249,.F.);
#3972=ADVANCED_FACE('',(#514),#250,.F.);
#3973=ADVANCED_FACE('',(#515),#251,.T.);
#3974=ADVANCED_FACE('',(#516),#252,.F.);
#3975=ADVANCED_FACE('',(#517),#253,.F.);
#3976=ADVANCED_FACE('',(#518),#254,.F.);
#3977=ADVANCED_FACE('',(#519),#255,.F.);
#3978=ADVANCED_FACE('',(#520),#256,.F.);
#3979=ADVANCED_FACE('',(#521),#257,.T.);
#3980=ADVANCED_FACE('',(#522),#258,.F.);
#3981=ADVANCED_FACE('',(#523),#259,.F.);
#3982=ADVANCED_FACE('',(#524),#260,.F.);
#3983=ADVANCED_FACE('',(#525),#261,.F.);
#3984=ADVANCED_FACE('',(#526),#262,.F.);
#3985=ADVANCED_FACE('',(#527),#263,.T.);
#3986=ADVANCED_FACE('',(#528),#264,.F.);
#3987=ADVANCED_FACE('',(#529),#265,.F.);
#3988=ADVANCED_FACE('',(#530),#266,.F.);
#3989=ADVANCED_FACE('',(#531),#267,.F.);
#3990=ADVANCED_FACE('',(#532),#268,.F.);
#3991=ADVANCED_FACE('',(#533),#269,.T.);
#3992=ADVANCED_FACE('',(#534),#270,.F.);
#3993=ADVANCED_FACE('',(#535),#271,.F.);
#3994=ADVANCED_FACE('',(#536),#272,.F.);
#3995=ADVANCED_FACE('',(#537),#273,.F.);
#3996=ADVANCED_FACE('',(#538),#274,.F.);
#3997=ADVANCED_FACE('',(#539),#3831,.T.);
#3998=ADVANCED_FACE('',(#540),#275,.T.);
#3999=ADVANCED_FACE('',(#541),#276,.T.);
#4000=ADVANCED_FACE('',(#542),#3832,.T.);
#4001=ADVANCED_FACE('',(#543),#277,.T.);
#4002=ADVANCED_FACE('',(#544),#278,.T.);
#4003=ADVANCED_FACE('',(#545),#279,.T.);
#4004=ADVANCED_FACE('',(#546),#280,.F.);
#4005=ADVANCED_FACE('',(#547),#281,.F.);
#4006=ADVANCED_FACE('',(#548),#282,.F.);
#4007=ADVANCED_FACE('',(#549),#283,.F.);
#4008=ADVANCED_FACE('',(#550),#284,.F.);
#4009=ADVANCED_FACE('',(#551),#285,.T.);
#4010=ADVANCED_FACE('',(#552),#286,.F.);
#4011=ADVANCED_FACE('',(#553),#287,.F.);
#4012=ADVANCED_FACE('',(#554),#288,.F.);
#4013=ADVANCED_FACE('',(#555),#289,.F.);
#4014=ADVANCED_FACE('',(#556),#290,.F.);
#4015=ADVANCED_FACE('',(#557),#291,.T.);
#4016=ADVANCED_FACE('',(#558),#292,.F.);
#4017=ADVANCED_FACE('',(#559),#293,.F.);
#4018=ADVANCED_FACE('',(#560),#294,.F.);
#4019=ADVANCED_FACE('',(#561),#295,.F.);
#4020=ADVANCED_FACE('',(#562),#296,.F.);
#4021=ADVANCED_FACE('',(#563),#297,.T.);
#4022=ADVANCED_FACE('',(#564),#298,.F.);
#4023=ADVANCED_FACE('',(#565),#299,.F.);
#4024=ADVANCED_FACE('',(#566),#300,.F.);
#4025=ADVANCED_FACE('',(#567),#301,.F.);
#4026=ADVANCED_FACE('',(#568),#302,.F.);
#4027=ADVANCED_FACE('',(#569),#303,.T.);
#4028=ADVANCED_FACE('',(#570),#304,.F.);
#4029=ADVANCED_FACE('',(#571),#305,.F.);
#4030=ADVANCED_FACE('',(#572),#306,.F.);
#4031=ADVANCED_FACE('',(#573),#307,.F.);
#4032=ADVANCED_FACE('',(#574),#308,.F.);
#4033=ADVANCED_FACE('',(#575),#309,.T.);
#4034=ADVANCED_FACE('',(#576),#310,.F.);
#4035=ADVANCED_FACE('',(#577),#311,.F.);
#4036=ADVANCED_FACE('',(#578),#312,.F.);
#4037=ADVANCED_FACE('',(#579),#313,.F.);
#4038=ADVANCED_FACE('',(#580),#314,.F.);
#4039=ADVANCED_FACE('',(#581),#315,.T.);
#4040=ADVANCED_FACE('',(#582),#316,.F.);
#4041=ADVANCED_FACE('',(#583),#317,.F.);
#4042=ADVANCED_FACE('',(#584),#318,.F.);
#4043=ADVANCED_FACE('',(#585),#319,.F.);
#4044=ADVANCED_FACE('',(#586),#320,.F.);
#4045=ADVANCED_FACE('',(#587),#321,.T.);
#4046=ADVANCED_FACE('',(#588),#322,.F.);
#4047=ADVANCED_FACE('',(#589),#323,.F.);
#4048=ADVANCED_FACE('',(#590),#324,.F.);
#4049=ADVANCED_FACE('',(#591),#325,.F.);
#4050=ADVANCED_FACE('',(#592),#326,.F.);
#4051=ADVANCED_FACE('',(#593),#327,.T.);
#4052=ADVANCED_FACE('',(#594),#328,.F.);
#4053=ADVANCED_FACE('',(#595),#329,.F.);
#4054=ADVANCED_FACE('',(#596),#330,.F.);
#4055=ADVANCED_FACE('',(#597),#331,.F.);
#4056=ADVANCED_FACE('',(#598),#332,.F.);
#4057=ADVANCED_FACE('',(#599),#333,.T.);
#4058=ADVANCED_FACE('',(#600),#334,.F.);
#4059=ADVANCED_FACE('',(#601),#335,.F.);
#4060=ADVANCED_FACE('',(#602),#336,.F.);
#4061=ADVANCED_FACE('',(#603),#337,.F.);
#4062=ADVANCED_FACE('',(#604),#338,.F.);
#4063=ADVANCED_FACE('',(#605),#339,.T.);
#4064=ADVANCED_FACE('',(#606),#340,.F.);
#4065=ADVANCED_FACE('',(#607),#341,.F.);
#4066=ADVANCED_FACE('',(#608),#342,.F.);
#4067=ADVANCED_FACE('',(#609),#343,.F.);
#4068=ADVANCED_FACE('',(#610),#344,.F.);
#4069=ADVANCED_FACE('',(#611),#345,.T.);
#4070=ADVANCED_FACE('',(#612),#346,.F.);
#4071=ADVANCED_FACE('',(#613),#347,.F.);
#4072=ADVANCED_FACE('',(#614),#348,.F.);
#4073=ADVANCED_FACE('',(#615),#349,.F.);
#4074=ADVANCED_FACE('',(#616),#350,.F.);
#4075=ADVANCED_FACE('',(#617),#351,.T.);
#4076=ADVANCED_FACE('',(#618),#352,.F.);
#4077=ADVANCED_FACE('',(#619),#353,.F.);
#4078=ADVANCED_FACE('',(#620),#354,.F.);
#4079=ADVANCED_FACE('',(#621),#355,.F.);
#4080=ADVANCED_FACE('',(#622),#356,.F.);
#4081=ADVANCED_FACE('',(#623),#357,.T.);
#4082=ADVANCED_FACE('',(#624),#358,.F.);
#4083=ADVANCED_FACE('',(#625),#359,.F.);
#4084=ADVANCED_FACE('',(#626),#360,.F.);
#4085=ADVANCED_FACE('',(#627),#361,.F.);
#4086=ADVANCED_FACE('',(#628),#362,.F.);
#4087=ADVANCED_FACE('',(#629),#363,.T.);
#4088=ADVANCED_FACE('',(#630),#364,.F.);
#4089=ADVANCED_FACE('',(#631),#365,.F.);
#4090=ADVANCED_FACE('',(#632),#366,.F.);
#4091=ADVANCED_FACE('',(#633),#367,.F.);
#4092=ADVANCED_FACE('',(#634),#368,.F.);
#4093=ADVANCED_FACE('',(#635),#369,.T.);
#4094=ADVANCED_FACE('',(#636),#370,.F.);
#4095=ADVANCED_FACE('',(#637),#371,.F.);
#4096=ADVANCED_FACE('',(#638),#372,.F.);
#4097=ADVANCED_FACE('',(#639),#373,.F.);
#4098=ADVANCED_FACE('',(#640),#374,.F.);
#4099=CLOSED_SHELL('',(#3833,#3834,#3835,#3836,#3837,#3838,#3839,#3840,
#3841,#3842));
#4100=CLOSED_SHELL('',(#3843,#3844,#3845,#3846,#3847,#3848));
#4101=CLOSED_SHELL('',(#3849,#3850,#3851,#3852,#3853,#3854));
#4102=CLOSED_SHELL('',(#3855,#3856,#3857,#3858));
#4103=CLOSED_SHELL('',(#3859,#3860,#3861,#3862));
#4104=CLOSED_SHELL('',(#3863,#3864,#3865,#3866));
#4105=CLOSED_SHELL('',(#3867,#3868,#3869,#3870));
#4106=CLOSED_SHELL('',(#3871,#3872,#3873,#3874,#3875,#3876,#3877));
#4107=CLOSED_SHELL('',(#3878,#3879,#3880,#3881,#3882,#3883,#3884));
#4108=CLOSED_SHELL('',(#3885,#3886,#3887,#3888,#3889,#3890));
#4109=CLOSED_SHELL('',(#3891,#3892,#3893,#3894,#3895,#3896));
#4110=CLOSED_SHELL('',(#3897,#3898,#3899,#3900,#3901,#3902));
#4111=CLOSED_SHELL('',(#3903,#3904,#3905,#3906,#3907,#3908));
#4112=CLOSED_SHELL('',(#3909,#3910,#3911,#3912,#3913,#3914));
#4113=CLOSED_SHELL('',(#3915,#3916,#3917,#3918,#3919,#3920));
#4114=CLOSED_SHELL('',(#3921,#3922,#3923,#3924,#3925,#3926));
#4115=CLOSED_SHELL('',(#3927,#3928,#3929,#3930,#3931,#3932));
#4116=CLOSED_SHELL('',(#3933,#3934,#3935,#3936,#3937,#3938));
#4117=CLOSED_SHELL('',(#3939,#3940,#3941,#3942,#3943,#3944));
#4118=CLOSED_SHELL('',(#3945,#3946,#3947,#3948,#3949,#3950));
#4119=CLOSED_SHELL('',(#3951,#3952,#3953,#3954));
#4120=CLOSED_SHELL('',(#3955,#3956,#3957));
#4121=CLOSED_SHELL('',(#3958,#3959,#3960));
#4122=CLOSED_SHELL('',(#3961,#3962,#3963,#3964,#3965,#3966));
#4123=CLOSED_SHELL('',(#3967,#3968,#3969,#3970,#3971,#3972));
#4124=CLOSED_SHELL('',(#3973,#3974,#3975,#3976,#3977,#3978));
#4125=CLOSED_SHELL('',(#3979,#3980,#3981,#3982,#3983,#3984));
#4126=CLOSED_SHELL('',(#3985,#3986,#3987,#3988,#3989,#3990));
#4127=CLOSED_SHELL('',(#3991,#3992,#3993,#3994,#3995,#3996));
#4128=CLOSED_SHELL('',(#3997,#3998,#3999));
#4129=CLOSED_SHELL('',(#4000,#4001,#4002));
#4130=CLOSED_SHELL('',(#4003,#4004,#4005,#4006,#4007,#4008));
#4131=CLOSED_SHELL('',(#4009,#4010,#4011,#4012,#4013,#4014));
#4132=CLOSED_SHELL('',(#4015,#4016,#4017,#4018,#4019,#4020));
#4133=CLOSED_SHELL('',(#4021,#4022,#4023,#4024,#4025,#4026));
#4134=CLOSED_SHELL('',(#4027,#4028,#4029,#4030,#4031,#4032));
#4135=CLOSED_SHELL('',(#4033,#4034,#4035,#4036,#4037,#4038));
#4136=CLOSED_SHELL('',(#4039,#4040,#4041,#4042,#4043,#4044));
#4137=CLOSED_SHELL('',(#4045,#4046,#4047,#4048,#4049,#4050));
#4138=CLOSED_SHELL('',(#4051,#4052,#4053,#4054,#4055,#4056));
#4139=CLOSED_SHELL('',(#4057,#4058,#4059,#4060,#4061,#4062));
#4140=CLOSED_SHELL('',(#4063,#4064,#4065,#4066,#4067,#4068));
#4141=CLOSED_SHELL('',(#4069,#4070,#4071,#4072,#4073,#4074));
#4142=CLOSED_SHELL('',(#4075,#4076,#4077,#4078,#4079,#4080));
#4143=CLOSED_SHELL('',(#4081,#4082,#4083,#4084,#4085,#4086));
#4144=CLOSED_SHELL('',(#4087,#4088,#4089,#4090,#4091,#4092));
#4145=CLOSED_SHELL('',(#4093,#4094,#4095,#4096,#4097,#4098));
#4146=DERIVED_UNIT_ELEMENT(#4148,1.);
#4147=DERIVED_UNIT_ELEMENT(#6687,-3.);
#4148=(
MASS_UNIT()
NAMED_UNIT(*)
SI_UNIT(.KILO.,.GRAM.)
);
#4149=DERIVED_UNIT((#4146,#4147));
#4150=MEASURE_REPRESENTATION_ITEM('density measure',
POSITIVE_RATIO_MEASURE(7850.),#4149);
#4151=PROPERTY_DEFINITION_REPRESENTATION(#4156,#4153);
#4152=PROPERTY_DEFINITION_REPRESENTATION(#4157,#4154);
#4153=REPRESENTATION('material name',(#4155),#6684);
#4154=REPRESENTATION('density',(#4150),#6684);
#4155=DESCRIPTIVE_REPRESENTATION_ITEM('Steel','Steel');
#4156=PROPERTY_DEFINITION('material property','material name',#6694);
#4157=PROPERTY_DEFINITION('material property','density of part',#6694);
#4158=AXIS2_PLACEMENT_3D('',#5555,#4465,#4466);
#4159=AXIS2_PLACEMENT_3D('',#5556,#4467,#4468);
#4160=AXIS2_PLACEMENT_3D('',#5558,#4469,#4470);
#4161=AXIS2_PLACEMENT_3D('',#5561,#4472,#4473);
#4162=AXIS2_PLACEMENT_3D('',#5562,#4474,#4475);
#4163=AXIS2_PLACEMENT_3D('',#5564,#4476,#4477);
#4164=AXIS2_PLACEMENT_3D('',#5567,#4479,#4480);
#4165=AXIS2_PLACEMENT_3D('',#5568,#4481,#4482);
#4166=AXIS2_PLACEMENT_3D('',#5570,#4483,#4484);
#4167=AXIS2_PLACEMENT_3D('',#5573,#4486,#4487);
#4168=AXIS2_PLACEMENT_3D('',#5574,#4488,#4489);
#4169=AXIS2_PLACEMENT_3D('',#5576,#4490,#4491);
#4170=AXIS2_PLACEMENT_3D('',#5579,#4493,#4494);
#4171=AXIS2_PLACEMENT_3D('',#5580,#4495,#4496);
#4172=AXIS2_PLACEMENT_3D('',#5589,#4501,#4502);
#4173=AXIS2_PLACEMENT_3D('',#5598,#4507,#4508);
#4174=AXIS2_PLACEMENT_3D('',#5601,#4511,#4512);
#4175=AXIS2_PLACEMENT_3D('',#5603,#4514,#4515);
#4176=AXIS2_PLACEMENT_3D('',#5605,#4517,#4518);
#4177=AXIS2_PLACEMENT_3D('',#5606,#4519,#4520);
#4178=AXIS2_PLACEMENT_3D('',#5615,#4525,#4526);
#4179=AXIS2_PLACEMENT_3D('',#5624,#4531,#4532);
#4180=AXIS2_PLACEMENT_3D('',#5627,#4535,#4536);
#4181=AXIS2_PLACEMENT_3D('',#5629,#4538,#4539);
#4182=AXIS2_PLACEMENT_3D('',#5631,#4541,#4542);
#4183=AXIS2_PLACEMENT_3D('',#5632,#4543,#4544);
#4184=AXIS2_PLACEMENT_3D('',#5641,#4549,#4550);
#4185=AXIS2_PLACEMENT_3D('',#5650,#4555,#4556);
#4186=AXIS2_PLACEMENT_3D('',#5653,#4559,#4560);
#4187=AXIS2_PLACEMENT_3D('',#5655,#4562,#4563);
#4188=AXIS2_PLACEMENT_3D('',#5657,#4565,#4566);
#4189=AXIS2_PLACEMENT_3D('',#5658,#4567,#4568);
#4190=AXIS2_PLACEMENT_3D('',#5660,#4569,#4570);
#4191=AXIS2_PLACEMENT_3D('',#5663,#4572,#4573);
#4192=AXIS2_PLACEMENT_3D('',#5664,#4574,#4575);
#4193=AXIS2_PLACEMENT_3D('',#5666,#4576,#4577);
#4194=AXIS2_PLACEMENT_3D('',#5669,#4579,#4580);
#4195=AXIS2_PLACEMENT_3D('',#5670,#4581,#4582);
#4196=AXIS2_PLACEMENT_3D('',#5671,#4583,#4584);
#4197=AXIS2_PLACEMENT_3D('',#5672,#4585,#4586);
#4198=AXIS2_PLACEMENT_3D('',#5674,#4587,#4588);
#4199=AXIS2_PLACEMENT_3D('',#5677,#4590,#4591);
#4200=AXIS2_PLACEMENT_3D('',#5678,#4592,#4593);
#4201=AXIS2_PLACEMENT_3D('',#5680,#4594,#4595);
#4202=AXIS2_PLACEMENT_3D('',#5683,#4597,#4598);
#4203=AXIS2_PLACEMENT_3D('',#5684,#4599,#4600);
#4204=AXIS2_PLACEMENT_3D('',#5685,#4601,#4602);
#4205=AXIS2_PLACEMENT_3D('',#5686,#4603,#4604);
#4206=AXIS2_PLACEMENT_3D('',#5688,#4605,#4606);
#4207=AXIS2_PLACEMENT_3D('',#5691,#4608,#4609);
#4208=AXIS2_PLACEMENT_3D('',#5692,#4610,#4611);
#4209=AXIS2_PLACEMENT_3D('',#5694,#4612,#4613);
#4210=AXIS2_PLACEMENT_3D('',#5697,#4615,#4616);
#4211=AXIS2_PLACEMENT_3D('',#5698,#4617,#4618);
#4212=AXIS2_PLACEMENT_3D('',#5699,#4619,#4620);
#4213=AXIS2_PLACEMENT_3D('',#5700,#4621,#4622);
#4214=AXIS2_PLACEMENT_3D('',#5702,#4623,#4624);
#4215=AXIS2_PLACEMENT_3D('',#5705,#4626,#4627);
#4216=AXIS2_PLACEMENT_3D('',#5706,#4628,#4629);
#4217=AXIS2_PLACEMENT_3D('',#5708,#4630,#4631);
#4218=AXIS2_PLACEMENT_3D('',#5711,#4633,#4634);
#4219=AXIS2_PLACEMENT_3D('',#5712,#4635,#4636);
#4220=AXIS2_PLACEMENT_3D('',#5713,#4637,#4638);
#4221=AXIS2_PLACEMENT_3D('',#5714,#4639,#4640);
#4222=AXIS2_PLACEMENT_3D('',#5723,#4645,#4646);
#4223=AXIS2_PLACEMENT_3D('',#5729,#4650,#4651);
#4224=AXIS2_PLACEMENT_3D('',#5735,#4655,#4656);
#4225=AXIS2_PLACEMENT_3D('',#5738,#4659,#4660);
#4226=AXIS2_PLACEMENT_3D('',#5740,#4661,#4662);
#4227=AXIS2_PLACEMENT_3D('',#5743,#4664,#4665);
#4228=AXIS2_PLACEMENT_3D('',#5744,#4666,#4667);
#4229=AXIS2_PLACEMENT_3D('',#5745,#4668,#4669);
#4230=AXIS2_PLACEMENT_3D('',#5746,#4670,#4671);
#4231=AXIS2_PLACEMENT_3D('',#5755,#4676,#4677);
#4232=AXIS2_PLACEMENT_3D('',#5761,#4681,#4682);
#4233=AXIS2_PLACEMENT_3D('',#5767,#4686,#4687);
#4234=AXIS2_PLACEMENT_3D('',#5770,#4690,#4691);
#4235=AXIS2_PLACEMENT_3D('',#5772,#4692,#4693);
#4236=AXIS2_PLACEMENT_3D('',#5775,#4695,#4696);
#4237=AXIS2_PLACEMENT_3D('',#5776,#4697,#4698);
#4238=AXIS2_PLACEMENT_3D('',#5777,#4699,#4700);
#4239=AXIS2_PLACEMENT_3D('',#5778,#4701,#4702);
#4240=AXIS2_PLACEMENT_3D('',#5787,#4707,#4708);
#4241=AXIS2_PLACEMENT_3D('',#5796,#4713,#4714);
#4242=AXIS2_PLACEMENT_3D('',#5799,#4717,#4718);
#4243=AXIS2_PLACEMENT_3D('',#5801,#4720,#4721);
#4244=AXIS2_PLACEMENT_3D('',#5803,#4723,#4724);
#4245=AXIS2_PLACEMENT_3D('',#5804,#4725,#4726);
#4246=AXIS2_PLACEMENT_3D('',#5813,#4731,#4732);
#4247=AXIS2_PLACEMENT_3D('',#5822,#4737,#4738);
#4248=AXIS2_PLACEMENT_3D('',#5825,#4741,#4742);
#4249=AXIS2_PLACEMENT_3D('',#5827,#4744,#4745);
#4250=AXIS2_PLACEMENT_3D('',#5829,#4747,#4748);
#4251=AXIS2_PLACEMENT_3D('',#5830,#4749,#4750);
#4252=AXIS2_PLACEMENT_3D('',#5839,#4755,#4756);
#4253=AXIS2_PLACEMENT_3D('',#5848,#4761,#4762);
#4254=AXIS2_PLACEMENT_3D('',#5851,#4765,#4766);
#4255=AXIS2_PLACEMENT_3D('',#5853,#4768,#4769);
#4256=AXIS2_PLACEMENT_3D('',#5855,#4771,#4772);
#4257=AXIS2_PLACEMENT_3D('',#5856,#4773,#4774);
#4258=AXIS2_PLACEMENT_3D('',#5865,#4779,#4780);
#4259=AXIS2_PLACEMENT_3D('',#5874,#4785,#4786);
#4260=AXIS2_PLACEMENT_3D('',#5877,#4789,#4790);
#4261=AXIS2_PLACEMENT_3D('',#5879,#4792,#4793);
#4262=AXIS2_PLACEMENT_3D('',#5881,#4795,#4796);
#4263=AXIS2_PLACEMENT_3D('',#5882,#4797,#4798);
#4264=AXIS2_PLACEMENT_3D('',#5891,#4803,#4804);
#4265=AXIS2_PLACEMENT_3D('',#5900,#4809,#4810);
#4266=AXIS2_PLACEMENT_3D('',#5903,#4813,#4814);
#4267=AXIS2_PLACEMENT_3D('',#5905,#4816,#4817);
#4268=AXIS2_PLACEMENT_3D('',#5907,#4819,#4820);
#4269=AXIS2_PLACEMENT_3D('',#5908,#4821,#4822);
#4270=AXIS2_PLACEMENT_3D('',#5917,#4827,#4828);
#4271=AXIS2_PLACEMENT_3D('',#5926,#4833,#4834);
#4272=AXIS2_PLACEMENT_3D('',#5929,#4837,#4838);
#4273=AXIS2_PLACEMENT_3D('',#5931,#4840,#4841);
#4274=AXIS2_PLACEMENT_3D('',#5933,#4843,#4844);
#4275=AXIS2_PLACEMENT_3D('',#5934,#4845,#4846);
#4276=AXIS2_PLACEMENT_3D('',#5943,#4851,#4852);
#4277=AXIS2_PLACEMENT_3D('',#5952,#4857,#4858);
#4278=AXIS2_PLACEMENT_3D('',#5955,#4861,#4862);
#4279=AXIS2_PLACEMENT_3D('',#5957,#4864,#4865);
#4280=AXIS2_PLACEMENT_3D('',#5959,#4867,#4868);
#4281=AXIS2_PLACEMENT_3D('',#5960,#4869,#4870);
#4282=AXIS2_PLACEMENT_3D('',#5969,#4875,#4876);
#4283=AXIS2_PLACEMENT_3D('',#5978,#4881,#4882);
#4284=AXIS2_PLACEMENT_3D('',#5981,#4885,#4886);
#4285=AXIS2_PLACEMENT_3D('',#5983,#4888,#4889);
#4286=AXIS2_PLACEMENT_3D('',#5985,#4891,#4892);
#4287=AXIS2_PLACEMENT_3D('',#5986,#4893,#4894);
#4288=AXIS2_PLACEMENT_3D('',#5995,#4899,#4900);
#4289=AXIS2_PLACEMENT_3D('',#6004,#4905,#4906);
#4290=AXIS2_PLACEMENT_3D('',#6007,#4909,#4910);
#4291=AXIS2_PLACEMENT_3D('',#6009,#4912,#4913);
#4292=AXIS2_PLACEMENT_3D('',#6011,#4915,#4916);
#4293=AXIS2_PLACEMENT_3D('',#6012,#4917,#4918);
#4294=AXIS2_PLACEMENT_3D('',#6021,#4923,#4924);
#4295=AXIS2_PLACEMENT_3D('',#6030,#4929,#4930);
#4296=AXIS2_PLACEMENT_3D('',#6033,#4933,#4934);
#4297=AXIS2_PLACEMENT_3D('',#6035,#4936,#4937);
#4298=AXIS2_PLACEMENT_3D('',#6037,#4939,#4940);
#4299=AXIS2_PLACEMENT_3D('',#6038,#4941,#4942);
#4300=AXIS2_PLACEMENT_3D('',#6047,#4947,#4948);
#4301=AXIS2_PLACEMENT_3D('',#6056,#4953,#4954);
#4302=AXIS2_PLACEMENT_3D('',#6059,#4957,#4958);
#4303=AXIS2_PLACEMENT_3D('',#6061,#4960,#4961);
#4304=AXIS2_PLACEMENT_3D('',#6063,#4963,#4964);
#4305=AXIS2_PLACEMENT_3D('',#6064,#4965,#4966);
#4306=AXIS2_PLACEMENT_3D('',#6066,#4967,#4968);
#4307=AXIS2_PLACEMENT_3D('',#6069,#4970,#4971);
#4308=AXIS2_PLACEMENT_3D('',#6070,#4972,#4973);
#4309=AXIS2_PLACEMENT_3D('',#6072,#4974,#4975);
#4310=AXIS2_PLACEMENT_3D('',#6075,#4977,#4978);
#4311=AXIS2_PLACEMENT_3D('',#6076,#4979,#4980);
#4312=AXIS2_PLACEMENT_3D('',#6077,#4981,#4982);
#4313=AXIS2_PLACEMENT_3D('',#6078,#4983,#4984);
#4314=AXIS2_PLACEMENT_3D('',#6080,#4985,#4986);
#4315=AXIS2_PLACEMENT_3D('',#6083,#4988,#4989);
#4316=AXIS2_PLACEMENT_3D('',#6084,#4990,#4991);
#4317=AXIS2_PLACEMENT_3D('',#6085,#4992,#4993);
#4318=AXIS2_PLACEMENT_3D('',#6086,#4994,#4995);
#4319=AXIS2_PLACEMENT_3D('',#6088,#4996,#4997);
#4320=AXIS2_PLACEMENT_3D('',#6091,#4999,#5000);
#4321=AXIS2_PLACEMENT_3D('',#6092,#5001,#5002);
#4322=AXIS2_PLACEMENT_3D('',#6093,#5003,#5004);
#4323=AXIS2_PLACEMENT_3D('',#6094,#5005,#5006);
#4324=AXIS2_PLACEMENT_3D('',#6103,#5011,#5012);
#4325=AXIS2_PLACEMENT_3D('',#6112,#5017,#5018);
#4326=AXIS2_PLACEMENT_3D('',#6115,#5021,#5022);
#4327=AXIS2_PLACEMENT_3D('',#6117,#5024,#5025);
#4328=AXIS2_PLACEMENT_3D('',#6119,#5027,#5028);
#4329=AXIS2_PLACEMENT_3D('',#6120,#5029,#5030);
#4330=AXIS2_PLACEMENT_3D('',#6129,#5035,#5036);
#4331=AXIS2_PLACEMENT_3D('',#6138,#5041,#5042);
#4332=AXIS2_PLACEMENT_3D('',#6141,#5045,#5046);
#4333=AXIS2_PLACEMENT_3D('',#6143,#5048,#5049);
#4334=AXIS2_PLACEMENT_3D('',#6145,#5051,#5052);
#4335=AXIS2_PLACEMENT_3D('',#6146,#5053,#5054);
#4336=AXIS2_PLACEMENT_3D('',#6155,#5059,#5060);
#4337=AXIS2_PLACEMENT_3D('',#6164,#5065,#5066);
#4338=AXIS2_PLACEMENT_3D('',#6167,#5069,#5070);
#4339=AXIS2_PLACEMENT_3D('',#6169,#5072,#5073);
#4340=AXIS2_PLACEMENT_3D('',#6171,#5075,#5076);
#4341=AXIS2_PLACEMENT_3D('',#6172,#5077,#5078);
#4342=AXIS2_PLACEMENT_3D('',#6181,#5083,#5084);
#4343=AXIS2_PLACEMENT_3D('',#6190,#5089,#5090);
#4344=AXIS2_PLACEMENT_3D('',#6193,#5093,#5094);
#4345=AXIS2_PLACEMENT_3D('',#6195,#5096,#5097);
#4346=AXIS2_PLACEMENT_3D('',#6197,#5099,#5100);
#4347=AXIS2_PLACEMENT_3D('',#6198,#5101,#5102);
#4348=AXIS2_PLACEMENT_3D('',#6207,#5107,#5108);
#4349=AXIS2_PLACEMENT_3D('',#6216,#5113,#5114);
#4350=AXIS2_PLACEMENT_3D('',#6219,#5117,#5118);
#4351=AXIS2_PLACEMENT_3D('',#6221,#5120,#5121);
#4352=AXIS2_PLACEMENT_3D('',#6223,#5123,#5124);
#4353=AXIS2_PLACEMENT_3D('',#6224,#5125,#5126);
#4354=AXIS2_PLACEMENT_3D('',#6233,#5131,#5132);
#4355=AXIS2_PLACEMENT_3D('',#6242,#5137,#5138);
#4356=AXIS2_PLACEMENT_3D('',#6245,#5141,#5142);
#4357=AXIS2_PLACEMENT_3D('',#6247,#5144,#5145);
#4358=AXIS2_PLACEMENT_3D('',#6249,#5147,#5148);
#4359=AXIS2_PLACEMENT_3D('',#6250,#5149,#5150);
#4360=AXIS2_PLACEMENT_3D('',#6252,#5151,#5152);
#4361=AXIS2_PLACEMENT_3D('',#6255,#5154,#5155);
#4362=AXIS2_PLACEMENT_3D('',#6256,#5156,#5157);
#4363=AXIS2_PLACEMENT_3D('',#6257,#5158,#5159);
#4364=AXIS2_PLACEMENT_3D('',#6258,#5160,#5161);
#4365=AXIS2_PLACEMENT_3D('',#6260,#5162,#5163);
#4366=AXIS2_PLACEMENT_3D('',#6263,#5165,#5166);
#4367=AXIS2_PLACEMENT_3D('',#6264,#5167,#5168);
#4368=AXIS2_PLACEMENT_3D('',#6265,#5169,#5170);
#4369=AXIS2_PLACEMENT_3D('',#6266,#5171,#5172);
#4370=AXIS2_PLACEMENT_3D('',#6275,#5177,#5178);
#4371=AXIS2_PLACEMENT_3D('',#6284,#5183,#5184);
#4372=AXIS2_PLACEMENT_3D('',#6287,#5187,#5188);
#4373=AXIS2_PLACEMENT_3D('',#6289,#5190,#5191);
#4374=AXIS2_PLACEMENT_3D('',#6291,#5193,#5194);
#4375=AXIS2_PLACEMENT_3D('',#6292,#5195,#5196);
#4376=AXIS2_PLACEMENT_3D('',#6301,#5201,#5202);
#4377=AXIS2_PLACEMENT_3D('',#6310,#5207,#5208);
#4378=AXIS2_PLACEMENT_3D('',#6313,#5211,#5212);
#4379=AXIS2_PLACEMENT_3D('',#6315,#5214,#5215);
#4380=AXIS2_PLACEMENT_3D('',#6317,#5217,#5218);
#4381=AXIS2_PLACEMENT_3D('',#6318,#5219,#5220);
#4382=AXIS2_PLACEMENT_3D('',#6327,#5225,#5226);
#4383=AXIS2_PLACEMENT_3D('',#6336,#5231,#5232);
#4384=AXIS2_PLACEMENT_3D('',#6339,#5235,#5236);
#4385=AXIS2_PLACEMENT_3D('',#6341,#5238,#5239);
#4386=AXIS2_PLACEMENT_3D('',#6343,#5241,#5242);
#4387=AXIS2_PLACEMENT_3D('',#6344,#5243,#5244);
#4388=AXIS2_PLACEMENT_3D('',#6353,#5249,#5250);
#4389=AXIS2_PLACEMENT_3D('',#6362,#5255,#5256);
#4390=AXIS2_PLACEMENT_3D('',#6365,#5259,#5260);
#4391=AXIS2_PLACEMENT_3D('',#6367,#5262,#5263);
#4392=AXIS2_PLACEMENT_3D('',#6369,#5265,#5266);
#4393=AXIS2_PLACEMENT_3D('',#6370,#5267,#5268);
#4394=AXIS2_PLACEMENT_3D('',#6379,#5273,#5274);
#4395=AXIS2_PLACEMENT_3D('',#6388,#5279,#5280);
#4396=AXIS2_PLACEMENT_3D('',#6391,#5283,#5284);
#4397=AXIS2_PLACEMENT_3D('',#6393,#5286,#5287);
#4398=AXIS2_PLACEMENT_3D('',#6395,#5289,#5290);
#4399=AXIS2_PLACEMENT_3D('',#6396,#5291,#5292);
#4400=AXIS2_PLACEMENT_3D('',#6405,#5297,#5298);
#4401=AXIS2_PLACEMENT_3D('',#6414,#5303,#5304);
#4402=AXIS2_PLACEMENT_3D('',#6417,#5307,#5308);
#4403=AXIS2_PLACEMENT_3D('',#6419,#5310,#5311);
#4404=AXIS2_PLACEMENT_3D('',#6421,#5313,#5314);
#4405=AXIS2_PLACEMENT_3D('',#6422,#5315,#5316);
#4406=AXIS2_PLACEMENT_3D('',#6431,#5321,#5322);
#4407=AXIS2_PLACEMENT_3D('',#6440,#5327,#5328);
#4408=AXIS2_PLACEMENT_3D('',#6443,#5331,#5332);
#4409=AXIS2_PLACEMENT_3D('',#6445,#5334,#5335);
#4410=AXIS2_PLACEMENT_3D('',#6447,#5337,#5338);
#4411=AXIS2_PLACEMENT_3D('',#6448,#5339,#5340);
#4412=AXIS2_PLACEMENT_3D('',#6457,#5345,#5346);
#4413=AXIS2_PLACEMENT_3D('',#6466,#5351,#5352);
#4414=AXIS2_PLACEMENT_3D('',#6469,#5355,#5356);
#4415=AXIS2_PLACEMENT_3D('',#6471,#5358,#5359);
#4416=AXIS2_PLACEMENT_3D('',#6473,#5361,#5362);
#4417=AXIS2_PLACEMENT_3D('',#6474,#5363,#5364);
#4418=AXIS2_PLACEMENT_3D('',#6483,#5369,#5370);
#4419=AXIS2_PLACEMENT_3D('',#6492,#5375,#5376);
#4420=AXIS2_PLACEMENT_3D('',#6495,#5379,#5380);
#4421=AXIS2_PLACEMENT_3D('',#6497,#5382,#5383);
#4422=AXIS2_PLACEMENT_3D('',#6499,#5385,#5386);
#4423=AXIS2_PLACEMENT_3D('',#6500,#5387,#5388);
#4424=AXIS2_PLACEMENT_3D('',#6509,#5393,#5394);
#4425=AXIS2_PLACEMENT_3D('',#6518,#5399,#5400);
#4426=AXIS2_PLACEMENT_3D('',#6521,#5403,#5404);
#4427=AXIS2_PLACEMENT_3D('',#6523,#5406,#5407);
#4428=AXIS2_PLACEMENT_3D('',#6525,#5409,#5410);
#4429=AXIS2_PLACEMENT_3D('',#6526,#5411,#5412);
#4430=AXIS2_PLACEMENT_3D('',#6535,#5417,#5418);
#4431=AXIS2_PLACEMENT_3D('',#6544,#5423,#5424);
#4432=AXIS2_PLACEMENT_3D('',#6547,#5427,#5428);
#4433=AXIS2_PLACEMENT_3D('',#6549,#5430,#5431);
#4434=AXIS2_PLACEMENT_3D('',#6551,#5433,#5434);
#4435=AXIS2_PLACEMENT_3D('',#6552,#5435,#5436);
#4436=AXIS2_PLACEMENT_3D('',#6561,#5441,#5442);
#4437=AXIS2_PLACEMENT_3D('',#6570,#5447,#5448);
#4438=AXIS2_PLACEMENT_3D('',#6573,#5451,#5452);
#4439=AXIS2_PLACEMENT_3D('',#6575,#5454,#5455);
#4440=AXIS2_PLACEMENT_3D('',#6577,#5457,#5458);
#4441=AXIS2_PLACEMENT_3D('',#6578,#5459,#5460);
#4442=AXIS2_PLACEMENT_3D('',#6587,#5465,#5466);
#4443=AXIS2_PLACEMENT_3D('',#6596,#5471,#5472);
#4444=AXIS2_PLACEMENT_3D('',#6599,#5475,#5476);
#4445=AXIS2_PLACEMENT_3D('',#6601,#5478,#5479);
#4446=AXIS2_PLACEMENT_3D('',#6603,#5481,#5482);
#4447=AXIS2_PLACEMENT_3D('',#6604,#5483,#5484);
#4448=AXIS2_PLACEMENT_3D('',#6613,#5489,#5490);
#4449=AXIS2_PLACEMENT_3D('',#6622,#5495,#5496);
#4450=AXIS2_PLACEMENT_3D('',#6625,#5499,#5500);
#4451=AXIS2_PLACEMENT_3D('',#6627,#5502,#5503);
#4452=AXIS2_PLACEMENT_3D('',#6629,#5505,#5506);
#4453=AXIS2_PLACEMENT_3D('',#6630,#5507,#5508);
#4454=AXIS2_PLACEMENT_3D('',#6639,#5513,#5514);
#4455=AXIS2_PLACEMENT_3D('',#6648,#5519,#5520);
#4456=AXIS2_PLACEMENT_3D('',#6651,#5523,#5524);
#4457=AXIS2_PLACEMENT_3D('',#6653,#5526,#5527);
#4458=AXIS2_PLACEMENT_3D('',#6655,#5529,#5530);
#4459=AXIS2_PLACEMENT_3D('',#6656,#5531,#5532);
#4460=AXIS2_PLACEMENT_3D('',#6665,#5537,#5538);
#4461=AXIS2_PLACEMENT_3D('',#6674,#5543,#5544);
#4462=AXIS2_PLACEMENT_3D('',#6677,#5547,#5548);
#4463=AXIS2_PLACEMENT_3D('',#6679,#5550,#5551);
#4464=AXIS2_PLACEMENT_3D('',#6681,#5553,#5554);
#4465=DIRECTION('axis',(0.,0.,1.));
#4466=DIRECTION('refdir',(1.,0.,0.));
#4467=DIRECTION('center_axis',(0.,0.,1.));
#4468=DIRECTION('ref_axis',(1.,0.,0.));
#4469=DIRECTION('center_axis',(0.,0.,1.));
#4470=DIRECTION('ref_axis',(1.,0.,0.));
#4471=DIRECTION('',(0.,0.,1.));
#4472=DIRECTION('center_axis',(0.,0.,-1.));
#4473=DIRECTION('ref_axis',(1.,0.,0.));
#4474=DIRECTION('center_axis',(0.,0.,1.));
#4475=DIRECTION('ref_axis',(1.,0.,0.));
#4476=DIRECTION('center_axis',(0.,0.,1.));
#4477=DIRECTION('ref_axis',(1.,0.,0.));
#4478=DIRECTION('',(0.,0.,1.));
#4479=DIRECTION('center_axis',(0.,0.,-1.));
#4480=DIRECTION('ref_axis',(1.,0.,0.));
#4481=DIRECTION('center_axis',(0.,0.,1.));
#4482=DIRECTION('ref_axis',(1.,0.,0.));
#4483=DIRECTION('center_axis',(0.,0.,1.));
#4484=DIRECTION('ref_axis',(1.,0.,0.));
#4485=DIRECTION('',(0.,0.,1.));
#4486=DIRECTION('center_axis',(0.,0.,-1.));
#4487=DIRECTION('ref_axis',(1.,0.,0.));
#4488=DIRECTION('center_axis',(0.,0.,1.));
#4489=DIRECTION('ref_axis',(1.,0.,0.));
#4490=DIRECTION('center_axis',(0.,0.,1.));
#4491=DIRECTION('ref_axis',(1.,0.,0.));
#4492=DIRECTION('',(0.,0.,1.));
#4493=DIRECTION('center_axis',(0.,0.,-1.));
#4494=DIRECTION('ref_axis',(1.,0.,0.));
#4495=DIRECTION('center_axis',(0.,0.,1.));
#4496=DIRECTION('ref_axis',(1.,0.,0.));
#4497=DIRECTION('',(0.,1.,0.));
#4498=DIRECTION('',(-1.,0.,0.));
#4499=DIRECTION('',(0.,-1.,0.));
#4500=DIRECTION('',(1.,0.,0.));
#4501=DIRECTION('center_axis',(0.,0.,1.));
#4502=DIRECTION('ref_axis',(1.,0.,0.));
#4503=DIRECTION('',(0.,-1.,0.));
#4504=DIRECTION('',(-1.,0.,0.));
#4505=DIRECTION('',(0.,1.,0.));
#4506=DIRECTION('',(1.,0.,0.));
#4507=DIRECTION('center_axis',(0.,1.,0.));
#4508=DIRECTION('ref_axis',(0.,0.,1.));
#4509=DIRECTION('',(0.,0.,-1.));
#4510=DIRECTION('',(0.,0.,-1.));
#4511=DIRECTION('center_axis',(1.,0.,0.));
#4512=DIRECTION('ref_axis',(0.,0.,-1.));
#4513=DIRECTION('',(0.,0.,-1.));
#4514=DIRECTION('center_axis',(0.,-1.,0.));
#4515=DIRECTION('ref_axis',(0.,0.,-1.));
#4516=DIRECTION('',(0.,0.,-1.));
#4517=DIRECTION('center_axis',(-1.,0.,0.));
#4518=DIRECTION('ref_axis',(0.,0.,1.));
#4519=DIRECTION('center_axis',(0.,0.,1.));
#4520=DIRECTION('ref_axis',(1.,0.,0.));
#4521=DIRECTION('',(0.,1.,0.));
#4522=DIRECTION('',(-1.,0.,0.));
#4523=DIRECTION('',(0.,-1.,0.));
#4524=DIRECTION('',(1.,0.,0.));
#4525=DIRECTION('center_axis',(0.,0.,1.));
#4526=DIRECTION('ref_axis',(1.,0.,0.));
#4527=DIRECTION('',(0.,-1.,0.));
#4528=DIRECTION('',(-1.,0.,0.));
#4529=DIRECTION('',(0.,1.,0.));
#4530=DIRECTION('',(1.,0.,0.));
#4531=DIRECTION('center_axis',(0.,1.,0.));
#4532=DIRECTION('ref_axis',(0.,0.,1.));
#4533=DIRECTION('',(0.,0.,-1.));
#4534=DIRECTION('',(0.,0.,-1.));
#4535=DIRECTION('center_axis',(1.,0.,0.));
#4536=DIRECTION('ref_axis',(0.,0.,-1.));
#4537=DIRECTION('',(0.,0.,-1.));
#4538=DIRECTION('center_axis',(0.,-1.,0.));
#4539=DIRECTION('ref_axis',(0.,0.,-1.));
#4540=DIRECTION('',(0.,0.,-1.));
#4541=DIRECTION('center_axis',(-1.,0.,0.));
#4542=DIRECTION('ref_axis',(0.,0.,1.));
#4543=DIRECTION('center_axis',(0.,0.,1.));
#4544=DIRECTION('ref_axis',(1.,0.,0.));
#4545=DIRECTION('',(0.,1.,0.));
#4546=DIRECTION('',(-1.,0.,0.));
#4547=DIRECTION('',(0.,-1.,0.));
#4548=DIRECTION('',(1.,0.,0.));
#4549=DIRECTION('center_axis',(0.,0.,1.));
#4550=DIRECTION('ref_axis',(1.,0.,0.));
#4551=DIRECTION('',(0.,-1.,0.));
#4552=DIRECTION('',(-1.,0.,0.));
#4553=DIRECTION('',(0.,1.,0.));
#4554=DIRECTION('',(1.,0.,0.));
#4555=DIRECTION('center_axis',(0.,1.,0.));
#4556=DIRECTION('ref_axis',(0.,0.,1.));
#4557=DIRECTION('',(0.,0.,-1.));
#4558=DIRECTION('',(0.,0.,-1.));
#4559=DIRECTION('center_axis',(1.,0.,0.));
#4560=DIRECTION('ref_axis',(0.,0.,-1.));
#4561=DIRECTION('',(0.,0.,-1.));
#4562=DIRECTION('center_axis',(0.,-1.,0.));
#4563=DIRECTION('ref_axis',(0.,0.,-1.));
#4564=DIRECTION('',(0.,0.,-1.));
#4565=DIRECTION('center_axis',(-1.,0.,0.));
#4566=DIRECTION('ref_axis',(0.,0.,1.));
#4567=DIRECTION('center_axis',(0.,0.,1.));
#4568=DIRECTION('ref_axis',(1.,0.,0.));
#4569=DIRECTION('center_axis',(0.,0.,1.));
#4570=DIRECTION('ref_axis',(1.,0.,0.));
#4571=DIRECTION('',(0.,0.,1.));
#4572=DIRECTION('center_axis',(0.,0.,-1.));
#4573=DIRECTION('ref_axis',(1.,0.,0.));
#4574=DIRECTION('center_axis',(0.,0.,1.));
#4575=DIRECTION('ref_axis',(1.,0.,0.));
#4576=DIRECTION('center_axis',(0.,0.,1.));
#4577=DIRECTION('ref_axis',(1.,0.,0.));
#4578=DIRECTION('',(0.,0.,-1.));
#4579=DIRECTION('center_axis',(0.,0.,-1.));
#4580=DIRECTION('ref_axis',(1.,0.,0.));
#4581=DIRECTION('center_axis',(0.,0.,-1.));
#4582=DIRECTION('ref_axis',(-1.,0.,0.));
#4583=DIRECTION('center_axis',(0.,0.,1.));
#4584=DIRECTION('ref_axis',(1.,0.,0.));
#4585=DIRECTION('center_axis',(0.,0.,1.));
#4586=DIRECTION('ref_axis',(1.,0.,0.));
#4587=DIRECTION('center_axis',(0.,0.,1.));
#4588=DIRECTION('ref_axis',(1.,0.,0.));
#4589=DIRECTION('',(0.,0.,1.));
#4590=DIRECTION('center_axis',(0.,0.,-1.));
#4591=DIRECTION('ref_axis',(1.,0.,0.));
#4592=DIRECTION('center_axis',(0.,0.,1.));
#4593=DIRECTION('ref_axis',(1.,0.,0.));
#4594=DIRECTION('center_axis',(0.,0.,1.));
#4595=DIRECTION('ref_axis',(1.,0.,0.));
#4596=DIRECTION('',(0.,0.,-1.));
#4597=DIRECTION('center_axis',(0.,0.,-1.));
#4598=DIRECTION('ref_axis',(1.,0.,0.));
#4599=DIRECTION('center_axis',(0.,0.,-1.));
#4600=DIRECTION('ref_axis',(-1.,0.,0.));
#4601=DIRECTION('center_axis',(0.,0.,1.));
#4602=DIRECTION('ref_axis',(1.,0.,0.));
#4603=DIRECTION('center_axis',(0.,0.,1.));
#4604=DIRECTION('ref_axis',(1.,0.,0.));
#4605=DIRECTION('center_axis',(0.,0.,1.));
#4606=DIRECTION('ref_axis',(1.,0.,0.));
#4607=DIRECTION('',(0.,0.,1.));
#4608=DIRECTION('center_axis',(0.,0.,-1.));
#4609=DIRECTION('ref_axis',(1.,0.,0.));
#4610=DIRECTION('center_axis',(0.,0.,1.));
#4611=DIRECTION('ref_axis',(1.,0.,0.));
#4612=DIRECTION('center_axis',(0.,0.,1.));
#4613=DIRECTION('ref_axis',(1.,0.,0.));
#4614=DIRECTION('',(0.,0.,-1.));
#4615=DIRECTION('center_axis',(0.,0.,-1.));
#4616=DIRECTION('ref_axis',(1.,0.,0.));
#4617=DIRECTION('center_axis',(0.,0.,-1.));
#4618=DIRECTION('ref_axis',(-1.,0.,0.));
#4619=DIRECTION('center_axis',(0.,0.,1.));
#4620=DIRECTION('ref_axis',(1.,0.,0.));
#4621=DIRECTION('center_axis',(0.,0.,1.));
#4622=DIRECTION('ref_axis',(1.,0.,0.));
#4623=DIRECTION('center_axis',(0.,0.,1.));
#4624=DIRECTION('ref_axis',(1.,0.,0.));
#4625=DIRECTION('',(0.,0.,1.));
#4626=DIRECTION('center_axis',(0.,0.,-1.));
#4627=DIRECTION('ref_axis',(1.,0.,0.));
#4628=DIRECTION('center_axis',(0.,0.,1.));
#4629=DIRECTION('ref_axis',(1.,0.,0.));
#4630=DIRECTION('center_axis',(0.,0.,1.));
#4631=DIRECTION('ref_axis',(1.,0.,0.));
#4632=DIRECTION('',(0.,0.,-1.));
#4633=DIRECTION('center_axis',(0.,0.,-1.));
#4634=DIRECTION('ref_axis',(1.,0.,0.));
#4635=DIRECTION('center_axis',(0.,0.,-1.));
#4636=DIRECTION('ref_axis',(-1.,0.,0.));
#4637=DIRECTION('center_axis',(0.,0.,1.));
#4638=DIRECTION('ref_axis',(1.,0.,0.));
#4639=DIRECTION('center_axis',(0.,-1.,0.));
#4640=DIRECTION('ref_axis',(0.,0.,-1.));
#4641=DIRECTION('',(-1.,0.,0.));
#4642=DIRECTION('',(0.,0.,-1.));
#4643=DIRECTION('',(1.,0.,0.));
#4644=DIRECTION('',(0.,0.,-1.));
#4645=DIRECTION('center_axis',(1.,0.,0.));
#4646=DIRECTION('ref_axis',(0.,0.,-1.));
#4647=DIRECTION('',(0.,-1.,0.));
#4648=DIRECTION('',(0.,1.,0.));
#4649=DIRECTION('',(0.,0.,-1.));
#4650=DIRECTION('center_axis',(0.,1.,0.));
#4651=DIRECTION('ref_axis',(0.,0.,1.));
#4652=DIRECTION('',(1.,0.,0.));
#4653=DIRECTION('',(-1.,0.,0.));
#4654=DIRECTION('',(0.,0.,-1.));
#4655=DIRECTION('center_axis',(-1.,0.,0.));
#4656=DIRECTION('ref_axis',(0.,0.,1.));
#4657=DIRECTION('',(0.,1.,0.));
#4658=DIRECTION('',(0.,-1.,0.));
#4659=DIRECTION('center_axis',(0.,0.,1.));
#4660=DIRECTION('ref_axis',(1.,0.,0.));
#4661=DIRECTION('center_axis',(0.,0.,1.));
#4662=DIRECTION('ref_axis',(1.,0.,0.));
#4663=DIRECTION('',(0.,0.,-1.));
#4664=DIRECTION('center_axis',(0.,0.,-1.));
#4665=DIRECTION('ref_axis',(1.,0.,0.));
#4666=DIRECTION('center_axis',(0.,0.,-1.));
#4667=DIRECTION('ref_axis',(-1.,0.,0.));
#4668=DIRECTION('center_axis',(0.,0.,1.));
#4669=DIRECTION('ref_axis',(1.,0.,0.));
#4670=DIRECTION('center_axis',(0.,-1.,0.));
#4671=DIRECTION('ref_axis',(0.,0.,-1.));
#4672=DIRECTION('',(-1.,0.,0.));
#4673=DIRECTION('',(0.,0.,-1.));
#4674=DIRECTION('',(1.,0.,0.));
#4675=DIRECTION('',(0.,0.,-1.));
#4676=DIRECTION('center_axis',(1.,0.,0.));
#4677=DIRECTION('ref_axis',(0.,0.,-1.));
#4678=DIRECTION('',(0.,-1.,0.));
#4679=DIRECTION('',(0.,1.,0.));
#4680=DIRECTION('',(0.,0.,-1.));
#4681=DIRECTION('center_axis',(0.,1.,0.));
#4682=DIRECTION('ref_axis',(0.,0.,1.));
#4683=DIRECTION('',(1.,0.,0.));
#4684=DIRECTION('',(-1.,0.,0.));
#4685=DIRECTION('',(0.,0.,-1.));
#4686=DIRECTION('center_axis',(-1.,0.,0.));
#4687=DIRECTION('ref_axis',(0.,0.,1.));
#4688=DIRECTION('',(0.,1.,0.));
#4689=DIRECTION('',(0.,-1.,0.));
#4690=DIRECTION('center_axis',(0.,0.,1.));
#4691=DIRECTION('ref_axis',(1.,0.,0.));
#4692=DIRECTION('center_axis',(0.,0.,1.));
#4693=DIRECTION('ref_axis',(1.,0.,0.));
#4694=DIRECTION('',(0.,0.,-1.));
#4695=DIRECTION('center_axis',(0.,0.,-1.));
#4696=DIRECTION('ref_axis',(1.,0.,0.));
#4697=DIRECTION('center_axis',(0.,0.,-1.));
#4698=DIRECTION('ref_axis',(-1.,0.,0.));
#4699=DIRECTION('center_axis',(0.,0.,1.));
#4700=DIRECTION('ref_axis',(1.,0.,0.));
#4701=DIRECTION('center_axis',(0.,0.,1.));
#4702=DIRECTION('ref_axis',(1.,0.,0.));
#4703=DIRECTION('',(0.,1.,0.));
#4704=DIRECTION('',(-1.,0.,0.));
#4705=DIRECTION('',(0.,-1.,0.));
#4706=DIRECTION('',(1.,0.,0.));
#4707=DIRECTION('center_axis',(0.,0.,1.));
#4708=DIRECTION('ref_axis',(1.,0.,0.));
#4709=DIRECTION('',(0.,-1.,0.));
#4710=DIRECTION('',(-1.,0.,0.));
#4711=DIRECTION('',(0.,1.,0.));
#4712=DIRECTION('',(1.,0.,0.));
#4713=DIRECTION('center_axis',(0.,1.,0.));
#4714=DIRECTION('ref_axis',(0.,0.,1.));
#4715=DIRECTION('',(0.,0.,-1.));
#4716=DIRECTION('',(0.,0.,-1.));
#4717=DIRECTION('center_axis',(1.,0.,0.));
#4718=DIRECTION('ref_axis',(0.,0.,-1.));
#4719=DIRECTION('',(0.,0.,-1.));
#4720=DIRECTION('center_axis',(0.,-1.,0.));
#4721=DIRECTION('ref_axis',(0.,0.,-1.));
#4722=DIRECTION('',(0.,0.,-1.));
#4723=DIRECTION('center_axis',(-1.,0.,0.));
#4724=DIRECTION('ref_axis',(0.,0.,1.));
#4725=DIRECTION('center_axis',(0.,0.,1.));
#4726=DIRECTION('ref_axis',(1.,0.,0.));
#4727=DIRECTION('',(0.,1.,0.));
#4728=DIRECTION('',(-1.,0.,0.));
#4729=DIRECTION('',(0.,-1.,0.));
#4730=DIRECTION('',(1.,0.,0.));
#4731=DIRECTION('center_axis',(0.,0.,1.));
#4732=DIRECTION('ref_axis',(1.,0.,0.));
#4733=DIRECTION('',(0.,-1.,0.));
#4734=DIRECTION('',(-1.,0.,0.));
#4735=DIRECTION('',(0.,1.,0.));
#4736=DIRECTION('',(1.,0.,0.));
#4737=DIRECTION('center_axis',(0.,1.,0.));
#4738=DIRECTION('ref_axis',(0.,0.,1.));
#4739=DIRECTION('',(0.,0.,-1.));
#4740=DIRECTION('',(0.,0.,-1.));
#4741=DIRECTION('center_axis',(1.,0.,0.));
#4742=DIRECTION('ref_axis',(0.,0.,-1.));
#4743=DIRECTION('',(0.,0.,-1.));
#4744=DIRECTION('center_axis',(0.,-1.,0.));
#4745=DIRECTION('ref_axis',(0.,0.,-1.));
#4746=DIRECTION('',(0.,0.,-1.));
#4747=DIRECTION('center_axis',(-1.,0.,0.));
#4748=DIRECTION('ref_axis',(0.,0.,1.));
#4749=DIRECTION('center_axis',(0.,0.,1.));
#4750=DIRECTION('ref_axis',(1.,0.,0.));
#4751=DIRECTION('',(0.,1.,0.));
#4752=DIRECTION('',(-1.,0.,0.));
#4753=DIRECTION('',(0.,-1.,0.));
#4754=DIRECTION('',(1.,0.,0.));
#4755=DIRECTION('center_axis',(0.,0.,1.));
#4756=DIRECTION('ref_axis',(1.,0.,0.));
#4757=DIRECTION('',(0.,-1.,0.));
#4758=DIRECTION('',(-1.,0.,0.));
#4759=DIRECTION('',(0.,1.,0.));
#4760=DIRECTION('',(1.,0.,0.));
#4761=DIRECTION('center_axis',(0.,1.,0.));
#4762=DIRECTION('ref_axis',(0.,0.,1.));
#4763=DIRECTION('',(0.,0.,-1.));
#4764=DIRECTION('',(0.,0.,-1.));
#4765=DIRECTION('center_axis',(1.,0.,0.));
#4766=DIRECTION('ref_axis',(0.,0.,-1.));
#4767=DIRECTION('',(0.,0.,-1.));
#4768=DIRECTION('center_axis',(0.,-1.,0.));
#4769=DIRECTION('ref_axis',(0.,0.,-1.));
#4770=DIRECTION('',(0.,0.,-1.));
#4771=DIRECTION('center_axis',(-1.,0.,0.));
#4772=DIRECTION('ref_axis',(0.,0.,1.));
#4773=DIRECTION('center_axis',(0.,0.,1.));
#4774=DIRECTION('ref_axis',(1.,0.,0.));
#4775=DIRECTION('',(0.,1.,0.));
#4776=DIRECTION('',(-1.,0.,0.));
#4777=DIRECTION('',(0.,-1.,0.));
#4778=DIRECTION('',(1.,0.,0.));
#4779=DIRECTION('center_axis',(0.,0.,1.));
#4780=DIRECTION('ref_axis',(1.,0.,0.));
#4781=DIRECTION('',(0.,-1.,0.));
#4782=DIRECTION('',(-1.,0.,0.));
#4783=DIRECTION('',(0.,1.,0.));
#4784=DIRECTION('',(1.,0.,0.));
#4785=DIRECTION('center_axis',(0.,1.,0.));
#4786=DIRECTION('ref_axis',(0.,0.,1.));
#4787=DIRECTION('',(0.,0.,-1.));
#4788=DIRECTION('',(0.,0.,-1.));
#4789=DIRECTION('center_axis',(1.,0.,0.));
#4790=DIRECTION('ref_axis',(0.,0.,-1.));
#4791=DIRECTION('',(0.,0.,-1.));
#4792=DIRECTION('center_axis',(0.,-1.,0.));
#4793=DIRECTION('ref_axis',(0.,0.,-1.));
#4794=DIRECTION('',(0.,0.,-1.));
#4795=DIRECTION('center_axis',(-1.,0.,0.));
#4796=DIRECTION('ref_axis',(0.,0.,1.));
#4797=DIRECTION('center_axis',(0.,0.,1.));
#4798=DIRECTION('ref_axis',(1.,0.,0.));
#4799=DIRECTION('',(0.,1.,0.));
#4800=DIRECTION('',(-1.,0.,0.));
#4801=DIRECTION('',(0.,-1.,0.));
#4802=DIRECTION('',(1.,0.,0.));
#4803=DIRECTION('center_axis',(0.,0.,1.));
#4804=DIRECTION('ref_axis',(1.,0.,0.));
#4805=DIRECTION('',(0.,-1.,0.));
#4806=DIRECTION('',(-1.,0.,0.));
#4807=DIRECTION('',(0.,1.,0.));
#4808=DIRECTION('',(1.,0.,0.));
#4809=DIRECTION('center_axis',(0.,1.,0.));
#4810=DIRECTION('ref_axis',(0.,0.,1.));
#4811=DIRECTION('',(0.,0.,-1.));
#4812=DIRECTION('',(0.,0.,-1.));
#4813=DIRECTION('center_axis',(1.,0.,0.));
#4814=DIRECTION('ref_axis',(0.,0.,-1.));
#4815=DIRECTION('',(0.,0.,-1.));
#4816=DIRECTION('center_axis',(0.,-1.,0.));
#4817=DIRECTION('ref_axis',(0.,0.,-1.));
#4818=DIRECTION('',(0.,0.,-1.));
#4819=DIRECTION('center_axis',(-1.,0.,0.));
#4820=DIRECTION('ref_axis',(0.,0.,1.));
#4821=DIRECTION('center_axis',(0.,0.,1.));
#4822=DIRECTION('ref_axis',(1.,0.,0.));
#4823=DIRECTION('',(0.,1.,0.));
#4824=DIRECTION('',(-1.,0.,0.));
#4825=DIRECTION('',(0.,-1.,0.));
#4826=DIRECTION('',(1.,0.,0.));
#4827=DIRECTION('center_axis',(0.,0.,1.));
#4828=DIRECTION('ref_axis',(1.,0.,0.));
#4829=DIRECTION('',(0.,-1.,0.));
#4830=DIRECTION('',(-1.,0.,0.));
#4831=DIRECTION('',(0.,1.,0.));
#4832=DIRECTION('',(1.,0.,0.));
#4833=DIRECTION('center_axis',(0.,1.,0.));
#4834=DIRECTION('ref_axis',(0.,0.,1.));
#4835=DIRECTION('',(0.,0.,-1.));
#4836=DIRECTION('',(0.,0.,-1.));
#4837=DIRECTION('center_axis',(1.,0.,0.));
#4838=DIRECTION('ref_axis',(0.,0.,-1.));
#4839=DIRECTION('',(0.,0.,-1.));
#4840=DIRECTION('center_axis',(0.,-1.,0.));
#4841=DIRECTION('ref_axis',(0.,0.,-1.));
#4842=DIRECTION('',(0.,0.,-1.));
#4843=DIRECTION('center_axis',(-1.,0.,0.));
#4844=DIRECTION('ref_axis',(0.,0.,1.));
#4845=DIRECTION('center_axis',(0.,0.,1.));
#4846=DIRECTION('ref_axis',(1.,0.,0.));
#4847=DIRECTION('',(0.,1.,0.));
#4848=DIRECTION('',(-1.,0.,0.));
#4849=DIRECTION('',(0.,-1.,0.));
#4850=DIRECTION('',(1.,0.,0.));
#4851=DIRECTION('center_axis',(0.,0.,1.));
#4852=DIRECTION('ref_axis',(1.,0.,0.));
#4853=DIRECTION('',(0.,-1.,0.));
#4854=DIRECTION('',(-1.,0.,0.));
#4855=DIRECTION('',(0.,1.,0.));
#4856=DIRECTION('',(1.,0.,0.));
#4857=DIRECTION('center_axis',(0.,1.,0.));
#4858=DIRECTION('ref_axis',(0.,0.,1.));
#4859=DIRECTION('',(0.,0.,-1.));
#4860=DIRECTION('',(0.,0.,-1.));
#4861=DIRECTION('center_axis',(1.,0.,0.));
#4862=DIRECTION('ref_axis',(0.,0.,-1.));
#4863=DIRECTION('',(0.,0.,-1.));
#4864=DIRECTION('center_axis',(0.,-1.,0.));
#4865=DIRECTION('ref_axis',(0.,0.,-1.));
#4866=DIRECTION('',(0.,0.,-1.));
#4867=DIRECTION('center_axis',(-1.,0.,0.));
#4868=DIRECTION('ref_axis',(0.,0.,1.));
#4869=DIRECTION('center_axis',(0.,0.,1.));
#4870=DIRECTION('ref_axis',(1.,0.,0.));
#4871=DIRECTION('',(0.,1.,0.));
#4872=DIRECTION('',(-1.,0.,0.));
#4873=DIRECTION('',(0.,-1.,0.));
#4874=DIRECTION('',(1.,0.,0.));
#4875=DIRECTION('center_axis',(0.,0.,1.));
#4876=DIRECTION('ref_axis',(1.,0.,0.));
#4877=DIRECTION('',(0.,-1.,0.));
#4878=DIRECTION('',(-1.,0.,0.));
#4879=DIRECTION('',(0.,1.,0.));
#4880=DIRECTION('',(1.,0.,0.));
#4881=DIRECTION('center_axis',(0.,1.,0.));
#4882=DIRECTION('ref_axis',(0.,0.,1.));
#4883=DIRECTION('',(0.,0.,-1.));
#4884=DIRECTION('',(0.,0.,-1.));
#4885=DIRECTION('center_axis',(1.,0.,0.));
#4886=DIRECTION('ref_axis',(0.,0.,-1.));
#4887=DIRECTION('',(0.,0.,-1.));
#4888=DIRECTION('center_axis',(0.,-1.,0.));
#4889=DIRECTION('ref_axis',(0.,0.,-1.));
#4890=DIRECTION('',(0.,0.,-1.));
#4891=DIRECTION('center_axis',(-1.,0.,0.));
#4892=DIRECTION('ref_axis',(0.,0.,1.));
#4893=DIRECTION('center_axis',(0.,0.,1.));
#4894=DIRECTION('ref_axis',(1.,0.,0.));
#4895=DIRECTION('',(0.,1.,0.));
#4896=DIRECTION('',(-1.,0.,0.));
#4897=DIRECTION('',(0.,-1.,0.));
#4898=DIRECTION('',(1.,0.,0.));
#4899=DIRECTION('center_axis',(0.,0.,1.));
#4900=DIRECTION('ref_axis',(1.,0.,0.));
#4901=DIRECTION('',(0.,-1.,0.));
#4902=DIRECTION('',(-1.,0.,0.));
#4903=DIRECTION('',(0.,1.,0.));
#4904=DIRECTION('',(1.,0.,0.));
#4905=DIRECTION('center_axis',(0.,1.,0.));
#4906=DIRECTION('ref_axis',(0.,0.,1.));
#4907=DIRECTION('',(0.,0.,-1.));
#4908=DIRECTION('',(0.,0.,-1.));
#4909=DIRECTION('center_axis',(1.,0.,0.));
#4910=DIRECTION('ref_axis',(0.,0.,-1.));
#4911=DIRECTION('',(0.,0.,-1.));
#4912=DIRECTION('center_axis',(0.,-1.,0.));
#4913=DIRECTION('ref_axis',(0.,0.,-1.));
#4914=DIRECTION('',(0.,0.,-1.));
#4915=DIRECTION('center_axis',(-1.,0.,0.));
#4916=DIRECTION('ref_axis',(0.,0.,1.));
#4917=DIRECTION('center_axis',(0.,0.,1.));
#4918=DIRECTION('ref_axis',(1.,0.,0.));
#4919=DIRECTION('',(0.,1.,0.));
#4920=DIRECTION('',(-1.,0.,0.));
#4921=DIRECTION('',(0.,-1.,0.));
#4922=DIRECTION('',(1.,0.,0.));
#4923=DIRECTION('center_axis',(0.,0.,1.));
#4924=DIRECTION('ref_axis',(1.,0.,0.));
#4925=DIRECTION('',(0.,-1.,0.));
#4926=DIRECTION('',(-1.,0.,0.));
#4927=DIRECTION('',(0.,1.,0.));
#4928=DIRECTION('',(1.,0.,0.));
#4929=DIRECTION('center_axis',(0.,1.,0.));
#4930=DIRECTION('ref_axis',(0.,0.,1.));
#4931=DIRECTION('',(0.,0.,-1.));
#4932=DIRECTION('',(0.,0.,-1.));
#4933=DIRECTION('center_axis',(1.,0.,0.));
#4934=DIRECTION('ref_axis',(0.,0.,-1.));
#4935=DIRECTION('',(0.,0.,-1.));
#4936=DIRECTION('center_axis',(0.,-1.,0.));
#4937=DIRECTION('ref_axis',(0.,0.,-1.));
#4938=DIRECTION('',(0.,0.,-1.));
#4939=DIRECTION('center_axis',(-1.,0.,0.));
#4940=DIRECTION('ref_axis',(0.,0.,1.));
#4941=DIRECTION('center_axis',(0.,0.,1.));
#4942=DIRECTION('ref_axis',(1.,0.,0.));
#4943=DIRECTION('',(0.,1.,0.));
#4944=DIRECTION('',(-1.,0.,0.));
#4945=DIRECTION('',(0.,-1.,0.));
#4946=DIRECTION('',(1.,0.,0.));
#4947=DIRECTION('center_axis',(0.,0.,1.));
#4948=DIRECTION('ref_axis',(1.,0.,0.));
#4949=DIRECTION('',(0.,-1.,0.));
#4950=DIRECTION('',(-1.,0.,0.));
#4951=DIRECTION('',(0.,1.,0.));
#4952=DIRECTION('',(1.,0.,0.));
#4953=DIRECTION('center_axis',(0.,1.,0.));
#4954=DIRECTION('ref_axis',(0.,0.,1.));
#4955=DIRECTION('',(0.,0.,-1.));
#4956=DIRECTION('',(0.,0.,-1.));
#4957=DIRECTION('center_axis',(1.,0.,0.));
#4958=DIRECTION('ref_axis',(0.,0.,-1.));
#4959=DIRECTION('',(0.,0.,-1.));
#4960=DIRECTION('center_axis',(0.,-1.,0.));
#4961=DIRECTION('ref_axis',(0.,0.,-1.));
#4962=DIRECTION('',(0.,0.,-1.));
#4963=DIRECTION('center_axis',(-1.,0.,0.));
#4964=DIRECTION('ref_axis',(0.,0.,1.));
#4965=DIRECTION('center_axis',(1.,0.,0.));
#4966=DIRECTION('ref_axis',(0.,0.,-1.));
#4967=DIRECTION('center_axis',(1.,0.,0.));
#4968=DIRECTION('ref_axis',(0.,0.,-1.));
#4969=DIRECTION('',(1.,0.,0.));
#4970=DIRECTION('center_axis',(-1.,0.,0.));
#4971=DIRECTION('ref_axis',(0.,0.,-1.));
#4972=DIRECTION('center_axis',(1.,0.,0.));
#4973=DIRECTION('ref_axis',(0.,0.,-1.));
#4974=DIRECTION('center_axis',(1.,0.,0.));
#4975=DIRECTION('ref_axis',(0.,0.,-1.));
#4976=DIRECTION('',(-1.,0.,0.));
#4977=DIRECTION('center_axis',(-1.,0.,0.));
#4978=DIRECTION('ref_axis',(0.,0.,-1.));
#4979=DIRECTION('center_axis',(-1.,0.,0.));
#4980=DIRECTION('ref_axis',(0.,0.,1.));
#4981=DIRECTION('center_axis',(1.,0.,0.));
#4982=DIRECTION('ref_axis',(0.,0.,-1.));
#4983=DIRECTION('center_axis',(1.,0.,0.));
#4984=DIRECTION('ref_axis',(0.,0.,-1.));
#4985=DIRECTION('center_axis',(1.,0.,0.));
#4986=DIRECTION('ref_axis',(0.,0.,-1.));
#4987=DIRECTION('',(-1.,0.,0.));
#4988=DIRECTION('center_axis',(-1.,0.,0.));
#4989=DIRECTION('ref_axis',(0.,0.,-1.));
#4990=DIRECTION('center_axis',(-1.,0.,0.));
#4991=DIRECTION('ref_axis',(0.,0.,1.));
#4992=DIRECTION('center_axis',(1.,0.,0.));
#4993=DIRECTION('ref_axis',(0.,0.,-1.));
#4994=DIRECTION('center_axis',(1.,0.,0.));
#4995=DIRECTION('ref_axis',(0.,0.,-1.));
#4996=DIRECTION('center_axis',(1.,0.,0.));
#4997=DIRECTION('ref_axis',(0.,0.,-1.));
#4998=DIRECTION('',(-1.,0.,0.));
#4999=DIRECTION('center_axis',(-1.,0.,0.));
#5000=DIRECTION('ref_axis',(0.,0.,-1.));
#5001=DIRECTION('center_axis',(-1.,0.,0.));
#5002=DIRECTION('ref_axis',(0.,0.,1.));
#5003=DIRECTION('center_axis',(1.,0.,0.));
#5004=DIRECTION('ref_axis',(0.,0.,-1.));
#5005=DIRECTION('center_axis',(0.,0.,1.));
#5006=DIRECTION('ref_axis',(1.,0.,0.));
#5007=DIRECTION('',(0.,1.,0.));
#5008=DIRECTION('',(-1.,0.,0.));
#5009=DIRECTION('',(0.,-1.,0.));
#5010=DIRECTION('',(1.,0.,0.));
#5011=DIRECTION('center_axis',(0.,0.,1.));
#5012=DIRECTION('ref_axis',(1.,0.,0.));
#5013=DIRECTION('',(0.,-1.,0.));
#5014=DIRECTION('',(-1.,0.,0.));
#5015=DIRECTION('',(0.,1.,0.));
#5016=DIRECTION('',(1.,0.,0.));
#5017=DIRECTION('center_axis',(0.,1.,0.));
#5018=DIRECTION('ref_axis',(0.,0.,1.));
#5019=DIRECTION('',(0.,0.,-1.));
#5020=DIRECTION('',(0.,0.,-1.));
#5021=DIRECTION('center_axis',(1.,0.,0.));
#5022=DIRECTION('ref_axis',(0.,0.,-1.));
#5023=DIRECTION('',(0.,0.,-1.));
#5024=DIRECTION('center_axis',(0.,-1.,0.));
#5025=DIRECTION('ref_axis',(0.,0.,-1.));
#5026=DIRECTION('',(0.,0.,-1.));
#5027=DIRECTION('center_axis',(-1.,0.,0.));
#5028=DIRECTION('ref_axis',(0.,0.,1.));
#5029=DIRECTION('center_axis',(0.,0.,1.));
#5030=DIRECTION('ref_axis',(1.,0.,0.));
#5031=DIRECTION('',(0.,1.,0.));
#5032=DIRECTION('',(-1.,0.,0.));
#5033=DIRECTION('',(0.,-1.,0.));
#5034=DIRECTION('',(1.,0.,0.));
#5035=DIRECTION('center_axis',(0.,0.,1.));
#5036=DIRECTION('ref_axis',(1.,0.,0.));
#5037=DIRECTION('',(0.,-1.,0.));
#5038=DIRECTION('',(-1.,0.,0.));
#5039=DIRECTION('',(0.,1.,0.));
#5040=DIRECTION('',(1.,0.,0.));
#5041=DIRECTION('center_axis',(0.,1.,0.));
#5042=DIRECTION('ref_axis',(0.,0.,1.));
#5043=DIRECTION('',(0.,0.,-1.));
#5044=DIRECTION('',(0.,0.,-1.));
#5045=DIRECTION('center_axis',(1.,0.,0.));
#5046=DIRECTION('ref_axis',(0.,0.,-1.));
#5047=DIRECTION('',(0.,0.,-1.));
#5048=DIRECTION('center_axis',(0.,-1.,0.));
#5049=DIRECTION('ref_axis',(0.,0.,-1.));
#5050=DIRECTION('',(0.,0.,-1.));
#5051=DIRECTION('center_axis',(-1.,0.,0.));
#5052=DIRECTION('ref_axis',(0.,0.,1.));
#5053=DIRECTION('center_axis',(0.,0.,1.));
#5054=DIRECTION('ref_axis',(1.,0.,0.));
#5055=DIRECTION('',(0.,1.,0.));
#5056=DIRECTION('',(-1.,0.,0.));
#5057=DIRECTION('',(0.,-1.,0.));
#5058=DIRECTION('',(1.,0.,0.));
#5059=DIRECTION('center_axis',(0.,0.,1.));
#5060=DIRECTION('ref_axis',(1.,0.,0.));
#5061=DIRECTION('',(0.,-1.,0.));
#5062=DIRECTION('',(-1.,0.,0.));
#5063=DIRECTION('',(0.,1.,0.));
#5064=DIRECTION('',(1.,0.,0.));
#5065=DIRECTION('center_axis',(0.,1.,0.));
#5066=DIRECTION('ref_axis',(0.,0.,1.));
#5067=DIRECTION('',(0.,0.,-1.));
#5068=DIRECTION('',(0.,0.,-1.));
#5069=DIRECTION('center_axis',(1.,0.,0.));
#5070=DIRECTION('ref_axis',(0.,0.,-1.));
#5071=DIRECTION('',(0.,0.,-1.));
#5072=DIRECTION('center_axis',(0.,-1.,0.));
#5073=DIRECTION('ref_axis',(0.,0.,-1.));
#5074=DIRECTION('',(0.,0.,-1.));
#5075=DIRECTION('center_axis',(-1.,0.,0.));
#5076=DIRECTION('ref_axis',(0.,0.,1.));
#5077=DIRECTION('center_axis',(0.,0.,1.));
#5078=DIRECTION('ref_axis',(1.,0.,0.));
#5079=DIRECTION('',(0.,1.,0.));
#5080=DIRECTION('',(-1.,0.,0.));
#5081=DIRECTION('',(0.,-1.,0.));
#5082=DIRECTION('',(1.,0.,0.));
#5083=DIRECTION('center_axis',(0.,0.,1.));
#5084=DIRECTION('ref_axis',(1.,0.,0.));
#5085=DIRECTION('',(0.,-1.,0.));
#5086=DIRECTION('',(-1.,0.,0.));
#5087=DIRECTION('',(0.,1.,0.));
#5088=DIRECTION('',(1.,0.,0.));
#5089=DIRECTION('center_axis',(0.,1.,0.));
#5090=DIRECTION('ref_axis',(0.,0.,1.));
#5091=DIRECTION('',(0.,0.,-1.));
#5092=DIRECTION('',(0.,0.,-1.));
#5093=DIRECTION('center_axis',(1.,0.,0.));
#5094=DIRECTION('ref_axis',(0.,0.,-1.));
#5095=DIRECTION('',(0.,0.,-1.));
#5096=DIRECTION('center_axis',(0.,-1.,0.));
#5097=DIRECTION('ref_axis',(0.,0.,-1.));
#5098=DIRECTION('',(0.,0.,-1.));
#5099=DIRECTION('center_axis',(-1.,0.,0.));
#5100=DIRECTION('ref_axis',(0.,0.,1.));
#5101=DIRECTION('center_axis',(0.,0.,1.));
#5102=DIRECTION('ref_axis',(1.,0.,0.));
#5103=DIRECTION('',(0.,1.,0.));
#5104=DIRECTION('',(-1.,0.,0.));
#5105=DIRECTION('',(0.,-1.,0.));
#5106=DIRECTION('',(1.,0.,0.));
#5107=DIRECTION('center_axis',(0.,0.,1.));
#5108=DIRECTION('ref_axis',(1.,0.,0.));
#5109=DIRECTION('',(0.,-1.,0.));
#5110=DIRECTION('',(-1.,0.,0.));
#5111=DIRECTION('',(0.,1.,0.));
#5112=DIRECTION('',(1.,0.,0.));
#5113=DIRECTION('center_axis',(0.,1.,0.));
#5114=DIRECTION('ref_axis',(0.,0.,1.));
#5115=DIRECTION('',(0.,0.,-1.));
#5116=DIRECTION('',(0.,0.,-1.));
#5117=DIRECTION('center_axis',(1.,0.,0.));
#5118=DIRECTION('ref_axis',(0.,0.,-1.));
#5119=DIRECTION('',(0.,0.,-1.));
#5120=DIRECTION('center_axis',(0.,-1.,0.));
#5121=DIRECTION('ref_axis',(0.,0.,-1.));
#5122=DIRECTION('',(0.,0.,-1.));
#5123=DIRECTION('center_axis',(-1.,0.,0.));
#5124=DIRECTION('ref_axis',(0.,0.,1.));
#5125=DIRECTION('center_axis',(0.,0.,1.));
#5126=DIRECTION('ref_axis',(1.,0.,0.));
#5127=DIRECTION('',(0.,1.,0.));
#5128=DIRECTION('',(-1.,0.,0.));
#5129=DIRECTION('',(0.,-1.,0.));
#5130=DIRECTION('',(1.,0.,0.));
#5131=DIRECTION('center_axis',(0.,0.,1.));
#5132=DIRECTION('ref_axis',(1.,0.,0.));
#5133=DIRECTION('',(0.,-1.,0.));
#5134=DIRECTION('',(-1.,0.,0.));
#5135=DIRECTION('',(0.,1.,0.));
#5136=DIRECTION('',(1.,0.,0.));
#5137=DIRECTION('center_axis',(0.,1.,0.));
#5138=DIRECTION('ref_axis',(0.,0.,1.));
#5139=DIRECTION('',(0.,0.,-1.));
#5140=DIRECTION('',(0.,0.,-1.));
#5141=DIRECTION('center_axis',(1.,0.,0.));
#5142=DIRECTION('ref_axis',(0.,0.,-1.));
#5143=DIRECTION('',(0.,0.,-1.));
#5144=DIRECTION('center_axis',(0.,-1.,0.));
#5145=DIRECTION('ref_axis',(0.,0.,-1.));
#5146=DIRECTION('',(0.,0.,-1.));
#5147=DIRECTION('center_axis',(-1.,0.,0.));
#5148=DIRECTION('ref_axis',(0.,0.,1.));
#5149=DIRECTION('center_axis',(0.,0.,1.));
#5150=DIRECTION('ref_axis',(1.,0.,0.));
#5151=DIRECTION('center_axis',(0.,0.,1.));
#5152=DIRECTION('ref_axis',(1.,0.,0.));
#5153=DIRECTION('',(0.,0.,-1.));
#5154=DIRECTION('center_axis',(0.,0.,-1.));
#5155=DIRECTION('ref_axis',(1.,0.,0.));
#5156=DIRECTION('center_axis',(0.,0.,-1.));
#5157=DIRECTION('ref_axis',(-1.,0.,0.));
#5158=DIRECTION('center_axis',(0.,0.,1.));
#5159=DIRECTION('ref_axis',(1.,0.,0.));
#5160=DIRECTION('center_axis',(0.,0.,1.));
#5161=DIRECTION('ref_axis',(1.,0.,0.));
#5162=DIRECTION('center_axis',(0.,0.,1.));
#5163=DIRECTION('ref_axis',(1.,0.,0.));
#5164=DIRECTION('',(0.,0.,-1.));
#5165=DIRECTION('center_axis',(0.,0.,-1.));
#5166=DIRECTION('ref_axis',(1.,0.,0.));
#5167=DIRECTION('center_axis',(0.,0.,-1.));
#5168=DIRECTION('ref_axis',(-1.,0.,0.));
#5169=DIRECTION('center_axis',(0.,0.,1.));
#5170=DIRECTION('ref_axis',(1.,0.,0.));
#5171=DIRECTION('center_axis',(0.,0.,1.));
#5172=DIRECTION('ref_axis',(1.,0.,0.));
#5173=DIRECTION('',(0.,1.,0.));
#5174=DIRECTION('',(-1.,0.,0.));
#5175=DIRECTION('',(0.,-1.,0.));
#5176=DIRECTION('',(1.,0.,0.));
#5177=DIRECTION('center_axis',(0.,0.,1.));
#5178=DIRECTION('ref_axis',(1.,0.,0.));
#5179=DIRECTION('',(0.,-1.,0.));
#5180=DIRECTION('',(-1.,0.,0.));
#5181=DIRECTION('',(0.,1.,0.));
#5182=DIRECTION('',(1.,0.,0.));
#5183=DIRECTION('center_axis',(0.,1.,0.));
#5184=DIRECTION('ref_axis',(0.,0.,1.));
#5185=DIRECTION('',(0.,0.,-1.));
#5186=DIRECTION('',(0.,0.,-1.));
#5187=DIRECTION('center_axis',(1.,0.,0.));
#5188=DIRECTION('ref_axis',(0.,0.,-1.));
#5189=DIRECTION('',(0.,0.,-1.));
#5190=DIRECTION('center_axis',(0.,-1.,0.));
#5191=DIRECTION('ref_axis',(0.,0.,-1.));
#5192=DIRECTION('',(0.,0.,-1.));
#5193=DIRECTION('center_axis',(-1.,0.,0.));
#5194=DIRECTION('ref_axis',(0.,0.,1.));
#5195=DIRECTION('center_axis',(0.,0.,1.));
#5196=DIRECTION('ref_axis',(1.,0.,0.));
#5197=DIRECTION('',(0.,1.,0.));
#5198=DIRECTION('',(-1.,0.,0.));
#5199=DIRECTION('',(0.,-1.,0.));
#5200=DIRECTION('',(1.,0.,0.));
#5201=DIRECTION('center_axis',(0.,0.,1.));
#5202=DIRECTION('ref_axis',(1.,0.,0.));
#5203=DIRECTION('',(0.,-1.,0.));
#5204=DIRECTION('',(-1.,0.,0.));
#5205=DIRECTION('',(0.,1.,0.));
#5206=DIRECTION('',(1.,0.,0.));
#5207=DIRECTION('center_axis',(0.,1.,0.));
#5208=DIRECTION('ref_axis',(0.,0.,1.));
#5209=DIRECTION('',(0.,0.,-1.));
#5210=DIRECTION('',(0.,0.,-1.));
#5211=DIRECTION('center_axis',(1.,0.,0.));
#5212=DIRECTION('ref_axis',(0.,0.,-1.));
#5213=DIRECTION('',(0.,0.,-1.));
#5214=DIRECTION('center_axis',(0.,-1.,0.));
#5215=DIRECTION('ref_axis',(0.,0.,-1.));
#5216=DIRECTION('',(0.,0.,-1.));
#5217=DIRECTION('center_axis',(-1.,0.,0.));
#5218=DIRECTION('ref_axis',(0.,0.,1.));
#5219=DIRECTION('center_axis',(0.,0.,1.));
#5220=DIRECTION('ref_axis',(1.,0.,0.));
#5221=DIRECTION('',(0.,1.,0.));
#5222=DIRECTION('',(-1.,0.,0.));
#5223=DIRECTION('',(0.,-1.,0.));
#5224=DIRECTION('',(1.,0.,0.));
#5225=DIRECTION('center_axis',(0.,0.,1.));
#5226=DIRECTION('ref_axis',(1.,0.,0.));
#5227=DIRECTION('',(0.,-1.,0.));
#5228=DIRECTION('',(-1.,0.,0.));
#5229=DIRECTION('',(0.,1.,0.));
#5230=DIRECTION('',(1.,0.,0.));
#5231=DIRECTION('center_axis',(0.,1.,0.));
#5232=DIRECTION('ref_axis',(0.,0.,1.));
#5233=DIRECTION('',(0.,0.,-1.));
#5234=DIRECTION('',(0.,0.,-1.));
#5235=DIRECTION('center_axis',(1.,0.,0.));
#5236=DIRECTION('ref_axis',(0.,0.,-1.));
#5237=DIRECTION('',(0.,0.,-1.));
#5238=DIRECTION('center_axis',(0.,-1.,0.));
#5239=DIRECTION('ref_axis',(0.,0.,-1.));
#5240=DIRECTION('',(0.,0.,-1.));
#5241=DIRECTION('center_axis',(-1.,0.,0.));
#5242=DIRECTION('ref_axis',(0.,0.,1.));
#5243=DIRECTION('center_axis',(0.,0.,1.));
#5244=DIRECTION('ref_axis',(1.,0.,0.));
#5245=DIRECTION('',(0.,1.,0.));
#5246=DIRECTION('',(-1.,0.,0.));
#5247=DIRECTION('',(0.,-1.,0.));
#5248=DIRECTION('',(1.,0.,0.));
#5249=DIRECTION('center_axis',(0.,0.,1.));
#5250=DIRECTION('ref_axis',(1.,0.,0.));
#5251=DIRECTION('',(0.,-1.,0.));
#5252=DIRECTION('',(-1.,0.,0.));
#5253=DIRECTION('',(0.,1.,0.));
#5254=DIRECTION('',(1.,0.,0.));
#5255=DIRECTION('center_axis',(0.,1.,0.));
#5256=DIRECTION('ref_axis',(0.,0.,1.));
#5257=DIRECTION('',(0.,0.,-1.));
#5258=DIRECTION('',(0.,0.,-1.));
#5259=DIRECTION('center_axis',(1.,0.,0.));
#5260=DIRECTION('ref_axis',(0.,0.,-1.));
#5261=DIRECTION('',(0.,0.,-1.));
#5262=DIRECTION('center_axis',(0.,-1.,0.));
#5263=DIRECTION('ref_axis',(0.,0.,-1.));
#5264=DIRECTION('',(0.,0.,-1.));
#5265=DIRECTION('center_axis',(-1.,0.,0.));
#5266=DIRECTION('ref_axis',(0.,0.,1.));
#5267=DIRECTION('center_axis',(0.,0.,1.));
#5268=DIRECTION('ref_axis',(1.,0.,0.));
#5269=DIRECTION('',(0.,1.,0.));
#5270=DIRECTION('',(-1.,0.,0.));
#5271=DIRECTION('',(0.,-1.,0.));
#5272=DIRECTION('',(1.,0.,0.));
#5273=DIRECTION('center_axis',(0.,0.,1.));
#5274=DIRECTION('ref_axis',(1.,0.,0.));
#5275=DIRECTION('',(0.,-1.,0.));
#5276=DIRECTION('',(-1.,0.,0.));
#5277=DIRECTION('',(0.,1.,0.));
#5278=DIRECTION('',(1.,0.,0.));
#5279=DIRECTION('center_axis',(0.,1.,0.));
#5280=DIRECTION('ref_axis',(0.,0.,1.));
#5281=DIRECTION('',(0.,0.,-1.));
#5282=DIRECTION('',(0.,0.,-1.));
#5283=DIRECTION('center_axis',(1.,0.,0.));
#5284=DIRECTION('ref_axis',(0.,0.,-1.));
#5285=DIRECTION('',(0.,0.,-1.));
#5286=DIRECTION('center_axis',(0.,-1.,0.));
#5287=DIRECTION('ref_axis',(0.,0.,-1.));
#5288=DIRECTION('',(0.,0.,-1.));
#5289=DIRECTION('center_axis',(-1.,0.,0.));
#5290=DIRECTION('ref_axis',(0.,0.,1.));
#5291=DIRECTION('center_axis',(0.,0.,1.));
#5292=DIRECTION('ref_axis',(1.,0.,0.));
#5293=DIRECTION('',(0.,1.,0.));
#5294=DIRECTION('',(-1.,0.,0.));
#5295=DIRECTION('',(0.,-1.,0.));
#5296=DIRECTION('',(1.,0.,0.));
#5297=DIRECTION('center_axis',(0.,0.,1.));
#5298=DIRECTION('ref_axis',(1.,0.,0.));
#5299=DIRECTION('',(0.,-1.,0.));
#5300=DIRECTION('',(-1.,0.,0.));
#5301=DIRECTION('',(0.,1.,0.));
#5302=DIRECTION('',(1.,0.,0.));
#5303=DIRECTION('center_axis',(0.,1.,0.));
#5304=DIRECTION('ref_axis',(0.,0.,1.));
#5305=DIRECTION('',(0.,0.,-1.));
#5306=DIRECTION('',(0.,0.,-1.));
#5307=DIRECTION('center_axis',(1.,0.,0.));
#5308=DIRECTION('ref_axis',(0.,0.,-1.));
#5309=DIRECTION('',(0.,0.,-1.));
#5310=DIRECTION('center_axis',(0.,-1.,0.));
#5311=DIRECTION('ref_axis',(0.,0.,-1.));
#5312=DIRECTION('',(0.,0.,-1.));
#5313=DIRECTION('center_axis',(-1.,0.,0.));
#5314=DIRECTION('ref_axis',(0.,0.,1.));
#5315=DIRECTION('center_axis',(0.,0.,1.));
#5316=DIRECTION('ref_axis',(1.,0.,0.));
#5317=DIRECTION('',(0.,1.,0.));
#5318=DIRECTION('',(-1.,0.,0.));
#5319=DIRECTION('',(0.,-1.,0.));
#5320=DIRECTION('',(1.,0.,0.));
#5321=DIRECTION('center_axis',(0.,0.,1.));
#5322=DIRECTION('ref_axis',(1.,0.,0.));
#5323=DIRECTION('',(0.,-1.,0.));
#5324=DIRECTION('',(-1.,0.,0.));
#5325=DIRECTION('',(0.,1.,0.));
#5326=DIRECTION('',(1.,0.,0.));
#5327=DIRECTION('center_axis',(0.,1.,0.));
#5328=DIRECTION('ref_axis',(0.,0.,1.));
#5329=DIRECTION('',(0.,0.,-1.));
#5330=DIRECTION('',(0.,0.,-1.));
#5331=DIRECTION('center_axis',(1.,0.,0.));
#5332=DIRECTION('ref_axis',(0.,0.,-1.));
#5333=DIRECTION('',(0.,0.,-1.));
#5334=DIRECTION('center_axis',(0.,-1.,0.));
#5335=DIRECTION('ref_axis',(0.,0.,-1.));
#5336=DIRECTION('',(0.,0.,-1.));
#5337=DIRECTION('center_axis',(-1.,0.,0.));
#5338=DIRECTION('ref_axis',(0.,0.,1.));
#5339=DIRECTION('center_axis',(0.,0.,1.));
#5340=DIRECTION('ref_axis',(1.,0.,0.));
#5341=DIRECTION('',(0.,1.,0.));
#5342=DIRECTION('',(-1.,0.,0.));
#5343=DIRECTION('',(0.,-1.,0.));
#5344=DIRECTION('',(1.,0.,0.));
#5345=DIRECTION('center_axis',(0.,0.,1.));
#5346=DIRECTION('ref_axis',(1.,0.,0.));
#5347=DIRECTION('',(0.,-1.,0.));
#5348=DIRECTION('',(-1.,0.,0.));
#5349=DIRECTION('',(0.,1.,0.));
#5350=DIRECTION('',(1.,0.,0.));
#5351=DIRECTION('center_axis',(0.,1.,0.));
#5352=DIRECTION('ref_axis',(0.,0.,1.));
#5353=DIRECTION('',(0.,0.,-1.));
#5354=DIRECTION('',(0.,0.,-1.));
#5355=DIRECTION('center_axis',(1.,0.,0.));
#5356=DIRECTION('ref_axis',(0.,0.,-1.));
#5357=DIRECTION('',(0.,0.,-1.));
#5358=DIRECTION('center_axis',(0.,-1.,0.));
#5359=DIRECTION('ref_axis',(0.,0.,-1.));
#5360=DIRECTION('',(0.,0.,-1.));
#5361=DIRECTION('center_axis',(-1.,0.,0.));
#5362=DIRECTION('ref_axis',(0.,0.,1.));
#5363=DIRECTION('center_axis',(0.,0.,1.));
#5364=DIRECTION('ref_axis',(1.,0.,0.));
#5365=DIRECTION('',(0.,1.,0.));
#5366=DIRECTION('',(-1.,0.,0.));
#5367=DIRECTION('',(0.,-1.,0.));
#5368=DIRECTION('',(1.,0.,0.));
#5369=DIRECTION('center_axis',(0.,0.,1.));
#5370=DIRECTION('ref_axis',(1.,0.,0.));
#5371=DIRECTION('',(0.,-1.,0.));
#5372=DIRECTION('',(-1.,0.,0.));
#5373=DIRECTION('',(0.,1.,0.));
#5374=DIRECTION('',(1.,0.,0.));
#5375=DIRECTION('center_axis',(0.,1.,0.));
#5376=DIRECTION('ref_axis',(0.,0.,1.));
#5377=DIRECTION('',(0.,0.,-1.));
#5378=DIRECTION('',(0.,0.,-1.));
#5379=DIRECTION('center_axis',(1.,0.,0.));
#5380=DIRECTION('ref_axis',(0.,0.,-1.));
#5381=DIRECTION('',(0.,0.,-1.));
#5382=DIRECTION('center_axis',(0.,-1.,0.));
#5383=DIRECTION('ref_axis',(0.,0.,-1.));
#5384=DIRECTION('',(0.,0.,-1.));
#5385=DIRECTION('center_axis',(-1.,0.,0.));
#5386=DIRECTION('ref_axis',(0.,0.,1.));
#5387=DIRECTION('center_axis',(0.,0.,1.));
#5388=DIRECTION('ref_axis',(1.,0.,0.));
#5389=DIRECTION('',(0.,1.,0.));
#5390=DIRECTION('',(-1.,0.,0.));
#5391=DIRECTION('',(0.,-1.,0.));
#5392=DIRECTION('',(1.,0.,0.));
#5393=DIRECTION('center_axis',(0.,0.,1.));
#5394=DIRECTION('ref_axis',(1.,0.,0.));
#5395=DIRECTION('',(0.,-1.,0.));
#5396=DIRECTION('',(-1.,0.,0.));
#5397=DIRECTION('',(0.,1.,0.));
#5398=DIRECTION('',(1.,0.,0.));
#5399=DIRECTION('center_axis',(0.,1.,0.));
#5400=DIRECTION('ref_axis',(0.,0.,1.));
#5401=DIRECTION('',(0.,0.,-1.));
#5402=DIRECTION('',(0.,0.,-1.));
#5403=DIRECTION('center_axis',(1.,0.,0.));
#5404=DIRECTION('ref_axis',(0.,0.,-1.));
#5405=DIRECTION('',(0.,0.,-1.));
#5406=DIRECTION('center_axis',(0.,-1.,0.));
#5407=DIRECTION('ref_axis',(0.,0.,-1.));
#5408=DIRECTION('',(0.,0.,-1.));
#5409=DIRECTION('center_axis',(-1.,0.,0.));
#5410=DIRECTION('ref_axis',(0.,0.,1.));
#5411=DIRECTION('center_axis',(0.,0.,1.));
#5412=DIRECTION('ref_axis',(1.,0.,0.));
#5413=DIRECTION('',(0.,1.,0.));
#5414=DIRECTION('',(-1.,0.,0.));
#5415=DIRECTION('',(0.,-1.,0.));
#5416=DIRECTION('',(1.,0.,0.));
#5417=DIRECTION('center_axis',(0.,0.,1.));
#5418=DIRECTION('ref_axis',(1.,0.,0.));
#5419=DIRECTION('',(0.,-1.,0.));
#5420=DIRECTION('',(-1.,0.,0.));
#5421=DIRECTION('',(0.,1.,0.));
#5422=DIRECTION('',(1.,0.,0.));
#5423=DIRECTION('center_axis',(0.,1.,0.));
#5424=DIRECTION('ref_axis',(0.,0.,1.));
#5425=DIRECTION('',(0.,0.,-1.));
#5426=DIRECTION('',(0.,0.,-1.));
#5427=DIRECTION('center_axis',(1.,0.,0.));
#5428=DIRECTION('ref_axis',(0.,0.,-1.));
#5429=DIRECTION('',(0.,0.,-1.));
#5430=DIRECTION('center_axis',(0.,-1.,0.));
#5431=DIRECTION('ref_axis',(0.,0.,-1.));
#5432=DIRECTION('',(0.,0.,-1.));
#5433=DIRECTION('center_axis',(-1.,0.,0.));
#5434=DIRECTION('ref_axis',(0.,0.,1.));
#5435=DIRECTION('center_axis',(0.,0.,1.));
#5436=DIRECTION('ref_axis',(1.,0.,0.));
#5437=DIRECTION('',(0.,1.,0.));
#5438=DIRECTION('',(-1.,0.,0.));
#5439=DIRECTION('',(0.,-1.,0.));
#5440=DIRECTION('',(1.,0.,0.));
#5441=DIRECTION('center_axis',(0.,0.,1.));
#5442=DIRECTION('ref_axis',(1.,0.,0.));
#5443=DIRECTION('',(0.,-1.,0.));
#5444=DIRECTION('',(-1.,0.,0.));
#5445=DIRECTION('',(0.,1.,0.));
#5446=DIRECTION('',(1.,0.,0.));
#5447=DIRECTION('center_axis',(0.,1.,0.));
#5448=DIRECTION('ref_axis',(0.,0.,1.));
#5449=DIRECTION('',(0.,0.,-1.));
#5450=DIRECTION('',(0.,0.,-1.));
#5451=DIRECTION('center_axis',(1.,0.,0.));
#5452=DIRECTION('ref_axis',(0.,0.,-1.));
#5453=DIRECTION('',(0.,0.,-1.));
#5454=DIRECTION('center_axis',(0.,-1.,0.));
#5455=DIRECTION('ref_axis',(0.,0.,-1.));
#5456=DIRECTION('',(0.,0.,-1.));
#5457=DIRECTION('center_axis',(-1.,0.,0.));
#5458=DIRECTION('ref_axis',(0.,0.,1.));
#5459=DIRECTION('center_axis',(0.,0.,1.));
#5460=DIRECTION('ref_axis',(1.,0.,0.));
#5461=DIRECTION('',(0.,1.,0.));
#5462=DIRECTION('',(-1.,0.,0.));
#5463=DIRECTION('',(0.,-1.,0.));
#5464=DIRECTION('',(1.,0.,0.));
#5465=DIRECTION('center_axis',(0.,0.,1.));
#5466=DIRECTION('ref_axis',(1.,0.,0.));
#5467=DIRECTION('',(0.,-1.,0.));
#5468=DIRECTION('',(-1.,0.,0.));
#5469=DIRECTION('',(0.,1.,0.));
#5470=DIRECTION('',(1.,0.,0.));
#5471=DIRECTION('center_axis',(0.,1.,0.));
#5472=DIRECTION('ref_axis',(0.,0.,1.));
#5473=DIRECTION('',(0.,0.,-1.));
#5474=DIRECTION('',(0.,0.,-1.));
#5475=DIRECTION('center_axis',(1.,0.,0.));
#5476=DIRECTION('ref_axis',(0.,0.,-1.));
#5477=DIRECTION('',(0.,0.,-1.));
#5478=DIRECTION('center_axis',(0.,-1.,0.));
#5479=DIRECTION('ref_axis',(0.,0.,-1.));
#5480=DIRECTION('',(0.,0.,-1.));
#5481=DIRECTION('center_axis',(-1.,0.,0.));
#5482=DIRECTION('ref_axis',(0.,0.,1.));
#5483=DIRECTION('center_axis',(0.,0.,1.));
#5484=DIRECTION('ref_axis',(1.,0.,0.));
#5485=DIRECTION('',(0.,1.,0.));
#5486=DIRECTION('',(-1.,0.,0.));
#5487=DIRECTION('',(0.,-1.,0.));
#5488=DIRECTION('',(1.,0.,0.));
#5489=DIRECTION('center_axis',(0.,0.,1.));
#5490=DIRECTION('ref_axis',(1.,0.,0.));
#5491=DIRECTION('',(0.,-1.,0.));
#5492=DIRECTION('',(-1.,0.,0.));
#5493=DIRECTION('',(0.,1.,0.));
#5494=DIRECTION('',(1.,0.,0.));
#5495=DIRECTION('center_axis',(0.,1.,0.));
#5496=DIRECTION('ref_axis',(0.,0.,1.));
#5497=DIRECTION('',(0.,0.,-1.));
#5498=DIRECTION('',(0.,0.,-1.));
#5499=DIRECTION('center_axis',(1.,0.,0.));
#5500=DIRECTION('ref_axis',(0.,0.,-1.));
#5501=DIRECTION('',(0.,0.,-1.));
#5502=DIRECTION('center_axis',(0.,-1.,0.));
#5503=DIRECTION('ref_axis',(0.,0.,-1.));
#5504=DIRECTION('',(0.,0.,-1.));
#5505=DIRECTION('center_axis',(-1.,0.,0.));
#5506=DIRECTION('ref_axis',(0.,0.,1.));
#5507=DIRECTION('center_axis',(0.,0.,1.));
#5508=DIRECTION('ref_axis',(1.,0.,0.));
#5509=DIRECTION('',(0.,1.,0.));
#5510=DIRECTION('',(-1.,0.,0.));
#5511=DIRECTION('',(0.,-1.,0.));
#5512=DIRECTION('',(1.,0.,0.));
#5513=DIRECTION('center_axis',(0.,0.,1.));
#5514=DIRECTION('ref_axis',(1.,0.,0.));
#5515=DIRECTION('',(0.,-1.,0.));
#5516=DIRECTION('',(-1.,0.,0.));
#5517=DIRECTION('',(0.,1.,0.));
#5518=DIRECTION('',(1.,0.,0.));
#5519=DIRECTION('center_axis',(0.,1.,0.));
#5520=DIRECTION('ref_axis',(0.,0.,1.));
#5521=DIRECTION('',(0.,0.,-1.));
#5522=DIRECTION('',(0.,0.,-1.));
#5523=DIRECTION('center_axis',(1.,0.,0.));
#5524=DIRECTION('ref_axis',(0.,0.,-1.));
#5525=DIRECTION('',(0.,0.,-1.));
#5526=DIRECTION('center_axis',(0.,-1.,0.));
#5527=DIRECTION('ref_axis',(0.,0.,-1.));
#5528=DIRECTION('',(0.,0.,-1.));
#5529=DIRECTION('center_axis',(-1.,0.,0.));
#5530=DIRECTION('ref_axis',(0.,0.,1.));
#5531=DIRECTION('center_axis',(0.,0.,1.));
#5532=DIRECTION('ref_axis',(1.,0.,0.));
#5533=DIRECTION('',(0.,1.,0.));
#5534=DIRECTION('',(-1.,0.,0.));
#5535=DIRECTION('',(0.,-1.,0.));
#5536=DIRECTION('',(1.,0.,0.));
#5537=DIRECTION('center_axis',(0.,0.,1.));
#5538=DIRECTION('ref_axis',(1.,0.,0.));
#5539=DIRECTION('',(0.,-1.,0.));
#5540=DIRECTION('',(-1.,0.,0.));
#5541=DIRECTION('',(0.,1.,0.));
#5542=DIRECTION('',(1.,0.,0.));
#5543=DIRECTION('center_axis',(0.,1.,0.));
#5544=DIRECTION('ref_axis',(0.,0.,1.));
#5545=DIRECTION('',(0.,0.,-1.));
#5546=DIRECTION('',(0.,0.,-1.));
#5547=DIRECTION('center_axis',(1.,0.,0.));
#5548=DIRECTION('ref_axis',(0.,0.,-1.));
#5549=DIRECTION('',(0.,0.,-1.));
#5550=DIRECTION('center_axis',(0.,-1.,0.));
#5551=DIRECTION('ref_axis',(0.,0.,-1.));
#5552=DIRECTION('',(0.,0.,-1.));
#5553=DIRECTION('center_axis',(-1.,0.,0.));
#5554=DIRECTION('ref_axis',(0.,0.,1.));
#5555=CARTESIAN_POINT('',(0.,0.,0.));
#5556=CARTESIAN_POINT('Origin',(16.45,15.,2.2));
#5557=CARTESIAN_POINT('',(15.35,15.,0.));
#5558=CARTESIAN_POINT('Origin',(16.45,15.,0.));
#5559=CARTESIAN_POINT('',(15.35,15.,2.2));
#5560=CARTESIAN_POINT('',(15.35,15.,2.2));
#5561=CARTESIAN_POINT('Origin',(16.45,15.,2.2));
#5562=CARTESIAN_POINT('Origin',(16.45,-15.,2.2));
#5563=CARTESIAN_POINT('',(15.35,-15.,0.));
#5564=CARTESIAN_POINT('Origin',(16.45,-15.,0.));
#5565=CARTESIAN_POINT('',(15.35,-15.,2.2));
#5566=CARTESIAN_POINT('',(15.35,-15.,2.2));
#5567=CARTESIAN_POINT('Origin',(16.45,-15.,2.2));
#5568=CARTESIAN_POINT('Origin',(-16.45,15.,2.2));
#5569=CARTESIAN_POINT('',(-17.55,15.,0.));
#5570=CARTESIAN_POINT('Origin',(-16.45,15.,0.));
#5571=CARTESIAN_POINT('',(-17.55,15.,2.2));
#5572=CARTESIAN_POINT('',(-17.55,15.,2.2));
#5573=CARTESIAN_POINT('Origin',(-16.45,15.,2.2));
#5574=CARTESIAN_POINT('Origin',(-16.45,-15.,2.2));
#5575=CARTESIAN_POINT('',(-17.55,-15.,0.));
#5576=CARTESIAN_POINT('Origin',(-16.45,-15.,0.));
#5577=CARTESIAN_POINT('',(-17.55,-15.,2.2));
#5578=CARTESIAN_POINT('',(-17.55,-15.,2.2));
#5579=CARTESIAN_POINT('Origin',(-16.45,-15.,2.2));
#5580=CARTESIAN_POINT('Origin',(0.,0.,2.2));
#5581=CARTESIAN_POINT('',(19.5,-17.5,2.2));
#5582=CARTESIAN_POINT('',(19.5,17.5,2.2));
#5583=CARTESIAN_POINT('',(19.5,0.,2.2));
#5584=CARTESIAN_POINT('',(-19.5,17.5,2.2));
#5585=CARTESIAN_POINT('',(0.,17.5,2.2));
#5586=CARTESIAN_POINT('',(-19.5,-17.5,2.2));
#5587=CARTESIAN_POINT('',(-19.5,0.,2.2));
#5588=CARTESIAN_POINT('',(0.,-17.5,2.2));
#5589=CARTESIAN_POINT('Origin',(0.,0.,0.));
#5590=CARTESIAN_POINT('',(19.5,17.5,0.));
#5591=CARTESIAN_POINT('',(19.5,-17.5,0.));
#5592=CARTESIAN_POINT('',(19.5,0.,0.));
#5593=CARTESIAN_POINT('',(-19.5,-17.5,0.));
#5594=CARTESIAN_POINT('',(0.,-17.5,0.));
#5595=CARTESIAN_POINT('',(-19.5,17.5,0.));
#5596=CARTESIAN_POINT('',(-19.5,0.,0.));
#5597=CARTESIAN_POINT('',(0.,17.5,0.));
#5598=CARTESIAN_POINT('Origin',(0.,-17.5,1.1));
#5599=CARTESIAN_POINT('',(-19.5,-17.5,1.1));
#5600=CARTESIAN_POINT('',(19.5,-17.5,1.1));
#5601=CARTESIAN_POINT('Origin',(-19.5,0.,1.1));
#5602=CARTESIAN_POINT('',(-19.5,17.5,1.1));
#5603=CARTESIAN_POINT('Origin',(0.,17.5,1.1));
#5604=CARTESIAN_POINT('',(19.5,17.5,1.1));
#5605=CARTESIAN_POINT('Origin',(19.5,0.,1.1));
#5606=CARTESIAN_POINT('Origin',(20.95,0.,2.2));
#5607=CARTESIAN_POINT('',(22.4,-6.,2.2));
#5608=CARTESIAN_POINT('',(22.4,6.,2.2));
#5609=CARTESIAN_POINT('',(22.4,0.,2.2));
#5610=CARTESIAN_POINT('',(19.5,6.,2.2));
#5611=CARTESIAN_POINT('',(20.95,6.,2.2));
#5612=CARTESIAN_POINT('',(19.5,-6.,2.2));
#5613=CARTESIAN_POINT('',(19.5,0.,2.2));
#5614=CARTESIAN_POINT('',(20.95,-6.,2.2));
#5615=CARTESIAN_POINT('Origin',(20.95,0.,0.));
#5616=CARTESIAN_POINT('',(22.4,6.,0.));
#5617=CARTESIAN_POINT('',(22.4,-6.,0.));
#5618=CARTESIAN_POINT('',(22.4,0.,0.));
#5619=CARTESIAN_POINT('',(19.5,-6.,0.));
#5620=CARTESIAN_POINT('',(20.95,-6.,0.));
#5621=CARTESIAN_POINT('',(19.5,6.,0.));
#5622=CARTESIAN_POINT('',(19.5,0.,0.));
#5623=CARTESIAN_POINT('',(20.95,6.,0.));
#5624=CARTESIAN_POINT('Origin',(20.95,-6.,1.1));
#5625=CARTESIAN_POINT('',(19.5,-6.,1.1));
#5626=CARTESIAN_POINT('',(22.4,-6.,1.1));
#5627=CARTESIAN_POINT('Origin',(19.5,0.,1.1));
#5628=CARTESIAN_POINT('',(19.5,6.,1.1));
#5629=CARTESIAN_POINT('Origin',(20.95,6.,1.1));
#5630=CARTESIAN_POINT('',(22.4,6.,1.1));
#5631=CARTESIAN_POINT('Origin',(22.4,0.,1.1));
#5632=CARTESIAN_POINT('Origin',(-20.1,-1.,2.2));
#5633=CARTESIAN_POINT('',(-19.5,-5.,2.2));
#5634=CARTESIAN_POINT('',(-19.5,3.,2.2));
#5635=CARTESIAN_POINT('',(-19.5,-1.,2.2));
#5636=CARTESIAN_POINT('',(-20.7,3.,2.2));
#5637=CARTESIAN_POINT('',(-20.1,3.,2.2));
#5638=CARTESIAN_POINT('',(-20.7,-5.,2.2));
#5639=CARTESIAN_POINT('',(-20.7,-1.,2.2));
#5640=CARTESIAN_POINT('',(-20.1,-5.,2.2));
#5641=CARTESIAN_POINT('Origin',(-20.1,-1.,0.));
#5642=CARTESIAN_POINT('',(-19.5,3.,0.));
#5643=CARTESIAN_POINT('',(-19.5,-5.,0.));
#5644=CARTESIAN_POINT('',(-19.5,-1.,0.));
#5645=CARTESIAN_POINT('',(-20.7,-5.,0.));
#5646=CARTESIAN_POINT('',(-20.1,-5.,0.));
#5647=CARTESIAN_POINT('',(-20.7,3.,0.));
#5648=CARTESIAN_POINT('',(-20.7,-1.,0.));
#5649=CARTESIAN_POINT('',(-20.1,3.,0.));
#5650=CARTESIAN_POINT('Origin',(-20.1,-5.,1.1));
#5651=CARTESIAN_POINT('',(-20.7,-5.,1.1));
#5652=CARTESIAN_POINT('',(-19.5,-5.,1.1));
#5653=CARTESIAN_POINT('Origin',(-20.7,-1.,1.1));
#5654=CARTESIAN_POINT('',(-20.7,3.,1.1));
#5655=CARTESIAN_POINT('Origin',(-20.1,3.,1.1));
#5656=CARTESIAN_POINT('',(-19.5,3.,1.1));
#5657=CARTESIAN_POINT('Origin',(-19.5,-1.,1.1));
#5658=CARTESIAN_POINT('Origin',(-16.45,-15.,2.75));
#5659=CARTESIAN_POINT('',(-17.55,-15.,2.2));
#5660=CARTESIAN_POINT('Origin',(-16.45,-15.,2.2));
#5661=CARTESIAN_POINT('',(-17.55,-15.,3.3));
#5662=CARTESIAN_POINT('',(-17.55,-15.,2.75));
#5663=CARTESIAN_POINT('Origin',(-16.45,-15.,3.3));
#5664=CARTESIAN_POINT('Origin',(-16.45,-15.,2.75));
#5665=CARTESIAN_POINT('',(-19.5,-15.,3.3));
#5666=CARTESIAN_POINT('Origin',(-16.45,-15.,3.3));
#5667=CARTESIAN_POINT('',(-19.5,-15.,2.2));
#5668=CARTESIAN_POINT('',(-19.5,-15.,2.75));
#5669=CARTESIAN_POINT('Origin',(-16.45,-15.,2.2));
#5670=CARTESIAN_POINT('Origin',(-16.45,-15.,2.2));
#5671=CARTESIAN_POINT('Origin',(-16.45,-15.,3.3));
#5672=CARTESIAN_POINT('Origin',(-16.45,15.,2.75));
#5673=CARTESIAN_POINT('',(-17.55,15.,2.2));
#5674=CARTESIAN_POINT('Origin',(-16.45,15.,2.2));
#5675=CARTESIAN_POINT('',(-17.55,15.,3.3));
#5676=CARTESIAN_POINT('',(-17.55,15.,2.75));
#5677=CARTESIAN_POINT('Origin',(-16.45,15.,3.3));
#5678=CARTESIAN_POINT('Origin',(-16.45,15.,2.75));
#5679=CARTESIAN_POINT('',(-19.5,15.,3.3));
#5680=CARTESIAN_POINT('Origin',(-16.45,15.,3.3));
#5681=CARTESIAN_POINT('',(-19.5,15.,2.2));
#5682=CARTESIAN_POINT('',(-19.5,15.,2.75));
#5683=CARTESIAN_POINT('Origin',(-16.45,15.,2.2));
#5684=CARTESIAN_POINT('Origin',(-16.45,15.,2.2));
#5685=CARTESIAN_POINT('Origin',(-16.45,15.,3.3));
#5686=CARTESIAN_POINT('Origin',(16.45,-15.,2.75));
#5687=CARTESIAN_POINT('',(15.35,-15.,2.2));
#5688=CARTESIAN_POINT('Origin',(16.45,-15.,2.2));
#5689=CARTESIAN_POINT('',(15.35,-15.,3.3));
#5690=CARTESIAN_POINT('',(15.35,-15.,2.75));
#5691=CARTESIAN_POINT('Origin',(16.45,-15.,3.3));
#5692=CARTESIAN_POINT('Origin',(16.45,-15.,2.75));
#5693=CARTESIAN_POINT('',(13.4,-15.,3.3));
#5694=CARTESIAN_POINT('Origin',(16.45,-15.,3.3));
#5695=CARTESIAN_POINT('',(13.4,-15.,2.2));
#5696=CARTESIAN_POINT('',(13.4,-15.,2.75));
#5697=CARTESIAN_POINT('Origin',(16.45,-15.,2.2));
#5698=CARTESIAN_POINT('Origin',(16.45,-15.,2.2));
#5699=CARTESIAN_POINT('Origin',(16.45,-15.,3.3));
#5700=CARTESIAN_POINT('Origin',(16.45,15.,2.75));
#5701=CARTESIAN_POINT('',(15.35,15.,2.2));
#5702=CARTESIAN_POINT('Origin',(16.45,15.,2.2));
#5703=CARTESIAN_POINT('',(15.35,15.,3.3));
#5704=CARTESIAN_POINT('',(15.35,15.,2.75));
#5705=CARTESIAN_POINT('Origin',(16.45,15.,3.3));
#5706=CARTESIAN_POINT('Origin',(16.45,15.,2.75));
#5707=CARTESIAN_POINT('',(13.4,15.,3.3));
#5708=CARTESIAN_POINT('Origin',(16.45,15.,3.3));
#5709=CARTESIAN_POINT('',(13.4,15.,2.2));
#5710=CARTESIAN_POINT('',(13.4,15.,2.75));
#5711=CARTESIAN_POINT('Origin',(16.45,15.,2.2));
#5712=CARTESIAN_POINT('Origin',(16.45,15.,2.2));
#5713=CARTESIAN_POINT('Origin',(16.45,15.,3.3));
#5714=CARTESIAN_POINT('Origin',(0.,5.25,4.2));
#5715=CARTESIAN_POINT('',(12.,5.25,2.2));
#5716=CARTESIAN_POINT('',(-12.,5.25,2.2));
#5717=CARTESIAN_POINT('',(0.,5.25,2.2));
#5718=CARTESIAN_POINT('',(12.,5.25,6.2));
#5719=CARTESIAN_POINT('',(12.,5.25,4.2));
#5720=CARTESIAN_POINT('',(-12.,5.25,6.2));
#5721=CARTESIAN_POINT('',(0.,5.25,6.2));
#5722=CARTESIAN_POINT('',(-12.,5.25,4.2));
#5723=CARTESIAN_POINT('Origin',(-12.,0.,4.2));
#5724=CARTESIAN_POINT('',(-12.,-5.25,2.2));
#5725=CARTESIAN_POINT('',(-12.,0.,2.2));
#5726=CARTESIAN_POINT('',(-12.,-5.25,6.2));
#5727=CARTESIAN_POINT('',(-12.,0.,6.2));
#5728=CARTESIAN_POINT('',(-12.,-5.25,4.2));
#5729=CARTESIAN_POINT('Origin',(0.,-5.25,4.2));
#5730=CARTESIAN_POINT('',(12.,-5.25,2.2));
#5731=CARTESIAN_POINT('',(0.,-5.25,2.2));
#5732=CARTESIAN_POINT('',(12.,-5.25,6.2));
#5733=CARTESIAN_POINT('',(0.,-5.25,6.2));
#5734=CARTESIAN_POINT('',(12.,-5.25,4.2));
#5735=CARTESIAN_POINT('Origin',(12.,0.,4.2));
#5736=CARTESIAN_POINT('',(12.,0.,2.2));
#5737=CARTESIAN_POINT('',(12.,0.,6.2));
#5738=CARTESIAN_POINT('Origin',(0.,0.,4.2));
#5739=CARTESIAN_POINT('',(-18.5,-2.2655965784226E-15,6.2));
#5740=CARTESIAN_POINT('Origin',(0.,0.,6.2));
#5741=CARTESIAN_POINT('',(-18.5,-2.2655965784226E-15,2.2));
#5742=CARTESIAN_POINT('',(-18.5,-2.2655965784226E-15,4.2));
#5743=CARTESIAN_POINT('Origin',(0.,0.,2.2));
#5744=CARTESIAN_POINT('Origin',(0.,0.,2.2));
#5745=CARTESIAN_POINT('Origin',(0.,0.,6.2));
#5746=CARTESIAN_POINT('Origin',(0.,5.25,4.2));
#5747=CARTESIAN_POINT('',(12.,5.25,6.2));
#5748=CARTESIAN_POINT('',(-12.,5.25,6.2));
#5749=CARTESIAN_POINT('',(0.,5.25,6.2));
#5750=CARTESIAN_POINT('',(12.,5.25,7.2));
#5751=CARTESIAN_POINT('',(12.,5.25,4.2));
#5752=CARTESIAN_POINT('',(-12.,5.25,7.2));
#5753=CARTESIAN_POINT('',(0.,5.25,7.2));
#5754=CARTESIAN_POINT('',(-12.,5.25,4.2));
#5755=CARTESIAN_POINT('Origin',(-12.,0.,4.2));
#5756=CARTESIAN_POINT('',(-12.,-5.25,6.2));
#5757=CARTESIAN_POINT('',(-12.,0.,6.2));
#5758=CARTESIAN_POINT('',(-12.,-5.25,7.2));
#5759=CARTESIAN_POINT('',(-12.,0.,7.2));
#5760=CARTESIAN_POINT('',(-12.,-5.25,4.2));
#5761=CARTESIAN_POINT('Origin',(0.,-5.25,4.2));
#5762=CARTESIAN_POINT('',(12.,-5.25,6.2));
#5763=CARTESIAN_POINT('',(0.,-5.25,6.2));
#5764=CARTESIAN_POINT('',(12.,-5.25,7.2));
#5765=CARTESIAN_POINT('',(0.,-5.25,7.2));
#5766=CARTESIAN_POINT('',(12.,-5.25,4.2));
#5767=CARTESIAN_POINT('Origin',(12.,0.,4.2));
#5768=CARTESIAN_POINT('',(12.,0.,6.2));
#5769=CARTESIAN_POINT('',(12.,0.,7.2));
#5770=CARTESIAN_POINT('Origin',(0.,0.,6.7));
#5771=CARTESIAN_POINT('',(-17.1,-2.09414602654197E-15,7.2));
#5772=CARTESIAN_POINT('Origin',(0.,0.,7.2));
#5773=CARTESIAN_POINT('',(-17.1,-2.09414602654197E-15,6.2));
#5774=CARTESIAN_POINT('',(-17.1,-2.09414602654197E-15,6.7));
#5775=CARTESIAN_POINT('Origin',(0.,0.,6.2));
#5776=CARTESIAN_POINT('Origin',(0.,0.,6.2));
#5777=CARTESIAN_POINT('Origin',(0.,0.,7.2));
#5778=CARTESIAN_POINT('Origin',(0.,4.8,-1.));
#5779=CARTESIAN_POINT('',(13.5,-1.7,-1.));
#5780=CARTESIAN_POINT('',(13.5,11.3,-1.));
#5781=CARTESIAN_POINT('',(13.5,4.8,-1.));
#5782=CARTESIAN_POINT('',(-13.5,11.3,-1.));
#5783=CARTESIAN_POINT('',(0.,11.3,-1.));
#5784=CARTESIAN_POINT('',(-13.5,-1.7,-1.));
#5785=CARTESIAN_POINT('',(-13.5,4.8,-1.));
#5786=CARTESIAN_POINT('',(0.,-1.7,-1.));
#5787=CARTESIAN_POINT('Origin',(0.,4.8,-13.));
#5788=CARTESIAN_POINT('',(13.5,11.3,-13.));
#5789=CARTESIAN_POINT('',(13.5,-1.7,-13.));
#5790=CARTESIAN_POINT('',(13.5,4.8,-13.));
#5791=CARTESIAN_POINT('',(-13.5,-1.7,-13.));
#5792=CARTESIAN_POINT('',(0.,-1.7,-13.));
#5793=CARTESIAN_POINT('',(-13.5,11.3,-13.));
#5794=CARTESIAN_POINT('',(-13.5,4.8,-13.));
#5795=CARTESIAN_POINT('',(0.,11.3,-13.));
#5796=CARTESIAN_POINT('Origin',(0.,-1.7,-7.));
#5797=CARTESIAN_POINT('',(-13.5,-1.7,-7.));
#5798=CARTESIAN_POINT('',(13.5,-1.7,-7.));
#5799=CARTESIAN_POINT('Origin',(-13.5,4.8,-7.));
#5800=CARTESIAN_POINT('',(-13.5,11.3,-7.));
#5801=CARTESIAN_POINT('Origin',(0.,11.3,-7.));
#5802=CARTESIAN_POINT('',(13.5,11.3,-7.));
#5803=CARTESIAN_POINT('Origin',(13.5,4.8,-7.));
#5804=CARTESIAN_POINT('Origin',(0.,-6.8,-1.75));
#5805=CARTESIAN_POINT('',(13.,-11.,-1.75));
#5806=CARTESIAN_POINT('',(13.,-2.6,-1.75));
#5807=CARTESIAN_POINT('',(13.,-6.8,-1.75));
#5808=CARTESIAN_POINT('',(-13.,-2.6,-1.75));
#5809=CARTESIAN_POINT('',(0.,-2.6,-1.75));
#5810=CARTESIAN_POINT('',(-13.,-11.,-1.75));
#5811=CARTESIAN_POINT('',(-13.,-6.8,-1.75));
#5812=CARTESIAN_POINT('',(0.,-11.,-1.75));
#5813=CARTESIAN_POINT('Origin',(0.,-6.8,-11.25));
#5814=CARTESIAN_POINT('',(13.,-2.6,-11.25));
#5815=CARTESIAN_POINT('',(13.,-11.,-11.25));
#5816=CARTESIAN_POINT('',(13.,-6.8,-11.25));
#5817=CARTESIAN_POINT('',(-13.,-11.,-11.25));
#5818=CARTESIAN_POINT('',(0.,-11.,-11.25));
#5819=CARTESIAN_POINT('',(-13.,-2.6,-11.25));
#5820=CARTESIAN_POINT('',(-13.,-6.8,-11.25));
#5821=CARTESIAN_POINT('',(0.,-2.6,-11.25));
#5822=CARTESIAN_POINT('Origin',(0.,-11.,-6.5));
#5823=CARTESIAN_POINT('',(-13.,-11.,-6.5));
#5824=CARTESIAN_POINT('',(13.,-11.,-6.5));
#5825=CARTESIAN_POINT('Origin',(-13.,-6.8,-6.5));
#5826=CARTESIAN_POINT('',(-13.,-2.6,-6.5));
#5827=CARTESIAN_POINT('Origin',(0.,-2.6,-6.5));
#5828=CARTESIAN_POINT('',(13.,-2.6,-6.5));
#5829=CARTESIAN_POINT('Origin',(13.,-6.8,-6.5));
#5830=CARTESIAN_POINT('Origin',(0.,0.8,-18.6));
#5831=CARTESIAN_POINT('',(13.5,-11.45,-18.6));
#5832=CARTESIAN_POINT('',(13.5,13.05,-18.6));
#5833=CARTESIAN_POINT('',(13.5,0.8,-18.6));
#5834=CARTESIAN_POINT('',(-13.5,13.05,-18.6));
#5835=CARTESIAN_POINT('',(0.,13.05,-18.6));
#5836=CARTESIAN_POINT('',(-13.5,-11.45,-18.6));
#5837=CARTESIAN_POINT('',(-13.5,0.8,-18.6));
#5838=CARTESIAN_POINT('',(0.,-11.45,-18.6));
#5839=CARTESIAN_POINT('Origin',(0.,0.8,-21.));
#5840=CARTESIAN_POINT('',(13.5,13.05,-21.));
#5841=CARTESIAN_POINT('',(13.5,-11.45,-21.));
#5842=CARTESIAN_POINT('',(13.5,0.8,-21.));
#5843=CARTESIAN_POINT('',(-13.5,-11.45,-21.));
#5844=CARTESIAN_POINT('',(0.,-11.45,-21.));
#5845=CARTESIAN_POINT('',(-13.5,13.05,-21.));
#5846=CARTESIAN_POINT('',(-13.5,0.8,-21.));
#5847=CARTESIAN_POINT('',(0.,13.05,-21.));
#5848=CARTESIAN_POINT('Origin',(0.,-11.45,-19.8));
#5849=CARTESIAN_POINT('',(-13.5,-11.45,-19.8));
#5850=CARTESIAN_POINT('',(13.5,-11.45,-19.8));
#5851=CARTESIAN_POINT('Origin',(-13.5,0.8,-19.8));
#5852=CARTESIAN_POINT('',(-13.5,13.05,-19.8));
#5853=CARTESIAN_POINT('Origin',(0.,13.05,-19.8));
#5854=CARTESIAN_POINT('',(13.5,13.05,-19.8));
#5855=CARTESIAN_POINT('Origin',(13.5,0.8,-19.8));
#5856=CARTESIAN_POINT('Origin',(-17.7,-0.5,-2.9));
#5857=CARTESIAN_POINT('',(-15.5,-14.5,-2.9));
#5858=CARTESIAN_POINT('',(-15.5,13.5,-2.9));
#5859=CARTESIAN_POINT('',(-15.5,-0.5,-2.9));
#5860=CARTESIAN_POINT('',(-19.9,13.5,-2.9));
#5861=CARTESIAN_POINT('',(-17.7,13.5,-2.9));
#5862=CARTESIAN_POINT('',(-19.9,-14.5,-2.9));
#5863=CARTESIAN_POINT('',(-19.9,-0.5,-2.9));
#5864=CARTESIAN_POINT('',(-17.7,-14.5,-2.9));
#5865=CARTESIAN_POINT('Origin',(-17.7,-0.5,-19.9));
#5866=CARTESIAN_POINT('',(-15.5,13.5,-19.9));
#5867=CARTESIAN_POINT('',(-15.5,-14.5,-19.9));
#5868=CARTESIAN_POINT('',(-15.5,-0.5,-19.9));
#5869=CARTESIAN_POINT('',(-19.9,-14.5,-19.9));
#5870=CARTESIAN_POINT('',(-17.7,-14.5,-19.9));
#5871=CARTESIAN_POINT('',(-19.9,13.5,-19.9));
#5872=CARTESIAN_POINT('',(-19.9,-0.5,-19.9));
#5873=CARTESIAN_POINT('',(-17.7,13.5,-19.9));
#5874=CARTESIAN_POINT('Origin',(-17.7,-14.5,-11.4));
#5875=CARTESIAN_POINT('',(-19.9,-14.5,-11.4));
#5876=CARTESIAN_POINT('',(-15.5,-14.5,-11.4));
#5877=CARTESIAN_POINT('Origin',(-19.9,-0.5,-11.4));
#5878=CARTESIAN_POINT('',(-19.9,13.5,-11.4));
#5879=CARTESIAN_POINT('Origin',(-17.7,13.5,-11.4));
#5880=CARTESIAN_POINT('',(-15.5,13.5,-11.4));
#5881=CARTESIAN_POINT('Origin',(-15.5,-0.5,-11.4));
#5882=CARTESIAN_POINT('Origin',(17.7,-0.5,-2.9));
#5883=CARTESIAN_POINT('',(19.9,-14.5,-2.9));
#5884=CARTESIAN_POINT('',(19.9,13.5,-2.9));
#5885=CARTESIAN_POINT('',(19.9,-0.5,-2.9));
#5886=CARTESIAN_POINT('',(15.5,13.5,-2.9));
#5887=CARTESIAN_POINT('',(17.7,13.5,-2.9));
#5888=CARTESIAN_POINT('',(15.5,-14.5,-2.9));
#5889=CARTESIAN_POINT('',(15.5,-0.5,-2.9));
#5890=CARTESIAN_POINT('',(17.7,-14.5,-2.9));
#5891=CARTESIAN_POINT('Origin',(17.7,-0.5,-19.9));
#5892=CARTESIAN_POINT('',(19.9,13.5,-19.9));
#5893=CARTESIAN_POINT('',(19.9,-14.5,-19.9));
#5894=CARTESIAN_POINT('',(19.9,-0.5,-19.9));
#5895=CARTESIAN_POINT('',(15.5,-14.5,-19.9));
#5896=CARTESIAN_POINT('',(17.7,-14.5,-19.9));
#5897=CARTESIAN_POINT('',(15.5,13.5,-19.9));
#5898=CARTESIAN_POINT('',(15.5,-0.5,-19.9));
#5899=CARTESIAN_POINT('',(17.7,13.5,-19.9));
#5900=CARTESIAN_POINT('Origin',(17.7,-14.5,-11.4));
#5901=CARTESIAN_POINT('',(15.5,-14.5,-11.4));
#5902=CARTESIAN_POINT('',(19.9,-14.5,-11.4));
#5903=CARTESIAN_POINT('Origin',(15.5,-0.5,-11.4));
#5904=CARTESIAN_POINT('',(15.5,13.5,-11.4));
#5905=CARTESIAN_POINT('Origin',(17.7,13.5,-11.4));
#5906=CARTESIAN_POINT('',(19.9,13.5,-11.4));
#5907=CARTESIAN_POINT('Origin',(19.9,-0.5,-11.4));
#5908=CARTESIAN_POINT('Origin',(-22.,4.2,-9.7));
#5909=CARTESIAN_POINT('',(-19.8,1.1,-9.7));
#5910=CARTESIAN_POINT('',(-19.8,7.3,-9.7));
#5911=CARTESIAN_POINT('',(-19.8,4.2,-9.7));
#5912=CARTESIAN_POINT('',(-24.2,7.3,-9.7));
#5913=CARTESIAN_POINT('',(-22.,7.3,-9.7));
#5914=CARTESIAN_POINT('',(-24.2,1.1,-9.7));
#5915=CARTESIAN_POINT('',(-24.2,4.2,-9.7));
#5916=CARTESIAN_POINT('',(-22.,1.1,-9.7));
#5917=CARTESIAN_POINT('Origin',(-22.,4.2,-15.3));
#5918=CARTESIAN_POINT('',(-19.8,7.3,-15.3));
#5919=CARTESIAN_POINT('',(-19.8,1.1,-15.3));
#5920=CARTESIAN_POINT('',(-19.8,4.2,-15.3));
#5921=CARTESIAN_POINT('',(-24.2,1.1,-15.3));
#5922=CARTESIAN_POINT('',(-22.,1.1,-15.3));
#5923=CARTESIAN_POINT('',(-24.2,7.3,-15.3));
#5924=CARTESIAN_POINT('',(-24.2,4.2,-15.3));
#5925=CARTESIAN_POINT('',(-22.,7.3,-15.3));
#5926=CARTESIAN_POINT('Origin',(-22.,1.1,-12.5));
#5927=CARTESIAN_POINT('',(-24.2,1.1,-12.5));
#5928=CARTESIAN_POINT('',(-19.8,1.1,-12.5));
#5929=CARTESIAN_POINT('Origin',(-24.2,4.2,-12.5));
#5930=CARTESIAN_POINT('',(-24.2,7.3,-12.5));
#5931=CARTESIAN_POINT('Origin',(-22.,7.3,-12.5));
#5932=CARTESIAN_POINT('',(-19.8,7.3,-12.5));
#5933=CARTESIAN_POINT('Origin',(-19.8,4.2,-12.5));
#5934=CARTESIAN_POINT('Origin',(-24.4,4.2,-11.25));
#5935=CARTESIAN_POINT('',(-23.95,2.35,-11.25));
#5936=CARTESIAN_POINT('',(-23.95,6.05,-11.25));
#5937=CARTESIAN_POINT('',(-23.95,4.2,-11.25));
#5938=CARTESIAN_POINT('',(-24.85,6.05,-11.25));
#5939=CARTESIAN_POINT('',(-24.4,6.05,-11.25));
#5940=CARTESIAN_POINT('',(-24.85,2.35,-11.25));
#5941=CARTESIAN_POINT('',(-24.85,4.2,-11.25));
#5942=CARTESIAN_POINT('',(-24.4,2.35,-11.25));
#5943=CARTESIAN_POINT('Origin',(-24.4,4.2,-13.75));
#5944=CARTESIAN_POINT('',(-23.95,6.05,-13.75));
#5945=CARTESIAN_POINT('',(-23.95,2.35,-13.75));
#5946=CARTESIAN_POINT('',(-23.95,4.2,-13.75));
#5947=CARTESIAN_POINT('',(-24.85,2.35,-13.75));
#5948=CARTESIAN_POINT('',(-24.4,2.35,-13.75));
#5949=CARTESIAN_POINT('',(-24.85,6.05,-13.75));
#5950=CARTESIAN_POINT('',(-24.85,4.2,-13.75));
#5951=CARTESIAN_POINT('',(-24.4,6.05,-13.75));
#5952=CARTESIAN_POINT('Origin',(-24.4,2.35,-12.5));
#5953=CARTESIAN_POINT('',(-24.85,2.35,-12.5));
#5954=CARTESIAN_POINT('',(-23.95,2.35,-12.5));
#5955=CARTESIAN_POINT('Origin',(-24.85,4.2,-12.5));
#5956=CARTESIAN_POINT('',(-24.85,6.05,-12.5));
#5957=CARTESIAN_POINT('Origin',(-24.4,6.05,-12.5));
#5958=CARTESIAN_POINT('',(-23.95,6.05,-12.5));
#5959=CARTESIAN_POINT('Origin',(-23.95,4.2,-12.5));
#5960=CARTESIAN_POINT('Origin',(-22.,-5.2,-11.5));
#5961=CARTESIAN_POINT('',(-20.,-7.8,-11.5));
#5962=CARTESIAN_POINT('',(-20.,-2.6,-11.5));
#5963=CARTESIAN_POINT('',(-20.,-5.2,-11.5));
#5964=CARTESIAN_POINT('',(-24.,-2.6,-11.5));
#5965=CARTESIAN_POINT('',(-22.,-2.6,-11.5));
#5966=CARTESIAN_POINT('',(-24.,-7.8,-11.5));
#5967=CARTESIAN_POINT('',(-24.,-5.2,-11.5));
#5968=CARTESIAN_POINT('',(-22.,-7.8,-11.5));
#5969=CARTESIAN_POINT('Origin',(-22.,-5.2,-15.5));
#5970=CARTESIAN_POINT('',(-20.,-2.6,-15.5));
#5971=CARTESIAN_POINT('',(-20.,-7.8,-15.5));
#5972=CARTESIAN_POINT('',(-20.,-5.2,-15.5));
#5973=CARTESIAN_POINT('',(-24.,-7.8,-15.5));
#5974=CARTESIAN_POINT('',(-22.,-7.8,-15.5));
#5975=CARTESIAN_POINT('',(-24.,-2.6,-15.5));
#5976=CARTESIAN_POINT('',(-24.,-5.2,-15.5));
#5977=CARTESIAN_POINT('',(-22.,-2.6,-15.5));
#5978=CARTESIAN_POINT('Origin',(-22.,-7.8,-13.5));
#5979=CARTESIAN_POINT('',(-24.,-7.8,-13.5));
#5980=CARTESIAN_POINT('',(-20.,-7.8,-13.5));
#5981=CARTESIAN_POINT('Origin',(-24.,-5.2,-13.5));
#5982=CARTESIAN_POINT('',(-24.,-2.6,-13.5));
#5983=CARTESIAN_POINT('Origin',(-22.,-2.6,-13.5));
#5984=CARTESIAN_POINT('',(-20.,-2.6,-13.5));
#5985=CARTESIAN_POINT('Origin',(-20.,-5.2,-13.5));
#5986=CARTESIAN_POINT('Origin',(-20.2,0.2,-13.2));
#5987=CARTESIAN_POINT('',(-19.55,-10.8,-13.2));
#5988=CARTESIAN_POINT('',(-19.55,11.2,-13.2));
#5989=CARTESIAN_POINT('',(-19.55,0.2,-13.2));
#5990=CARTESIAN_POINT('',(-20.85,11.2,-13.2));
#5991=CARTESIAN_POINT('',(-20.2,11.2,-13.2));
#5992=CARTESIAN_POINT('',(-20.85,-10.8,-13.2));
#5993=CARTESIAN_POINT('',(-20.85,0.2,-13.2));
#5994=CARTESIAN_POINT('',(-20.2,-10.8,-13.2));
#5995=CARTESIAN_POINT('Origin',(-20.2,0.2,-21.2));
#5996=CARTESIAN_POINT('',(-19.55,11.2,-21.2));
#5997=CARTESIAN_POINT('',(-19.55,-10.8,-21.2));
#5998=CARTESIAN_POINT('',(-19.55,0.2,-21.2));
#5999=CARTESIAN_POINT('',(-20.85,-10.8,-21.2));
#6000=CARTESIAN_POINT('',(-20.2,-10.8,-21.2));
#6001=CARTESIAN_POINT('',(-20.85,11.2,-21.2));
#6002=CARTESIAN_POINT('',(-20.85,0.2,-21.2));
#6003=CARTESIAN_POINT('',(-20.2,11.2,-21.2));
#6004=CARTESIAN_POINT('Origin',(-20.2,-10.8,-17.2));
#6005=CARTESIAN_POINT('',(-20.85,-10.8,-17.2));
#6006=CARTESIAN_POINT('',(-19.55,-10.8,-17.2));
#6007=CARTESIAN_POINT('Origin',(-20.85,0.2,-17.2));
#6008=CARTESIAN_POINT('',(-20.85,11.2,-17.2));
#6009=CARTESIAN_POINT('Origin',(-20.2,11.2,-17.2));
#6010=CARTESIAN_POINT('',(-19.55,11.2,-17.2));
#6011=CARTESIAN_POINT('Origin',(-19.55,0.2,-17.2));
#6012=CARTESIAN_POINT('Origin',(0.,4.,-15.3));
#6013=CARTESIAN_POINT('',(7.,0.5,-15.3));
#6014=CARTESIAN_POINT('',(7.,7.5,-15.3));
#6015=CARTESIAN_POINT('',(7.,4.,-15.3));
#6016=CARTESIAN_POINT('',(-7.,7.5,-15.3));
#6017=CARTESIAN_POINT('',(0.,7.5,-15.3));
#6018=CARTESIAN_POINT('',(-7.,0.5,-15.3));
#6019=CARTESIAN_POINT('',(-7.,4.,-15.3));
#6020=CARTESIAN_POINT('',(0.,0.5,-15.3));
#6021=CARTESIAN_POINT('Origin',(0.,4.,-16.7));
#6022=CARTESIAN_POINT('',(7.,7.5,-16.7));
#6023=CARTESIAN_POINT('',(7.,0.5,-16.7));
#6024=CARTESIAN_POINT('',(7.,4.,-16.7));
#6025=CARTESIAN_POINT('',(-7.,0.5,-16.7));
#6026=CARTESIAN_POINT('',(0.,0.5,-16.7));
#6027=CARTESIAN_POINT('',(-7.,7.5,-16.7));
#6028=CARTESIAN_POINT('',(-7.,4.,-16.7));
#6029=CARTESIAN_POINT('',(0.,7.5,-16.7));
#6030=CARTESIAN_POINT('Origin',(0.,0.5,-16.));
#6031=CARTESIAN_POINT('',(-7.,0.5,-16.));
#6032=CARTESIAN_POINT('',(7.,0.5,-16.));
#6033=CARTESIAN_POINT('Origin',(-7.,4.,-16.));
#6034=CARTESIAN_POINT('',(-7.,7.5,-16.));
#6035=CARTESIAN_POINT('Origin',(0.,7.5,-16.));
#6036=CARTESIAN_POINT('',(7.,7.5,-16.));
#6037=CARTESIAN_POINT('Origin',(7.,4.,-16.));
#6038=CARTESIAN_POINT('Origin',(18.8,1.5,-9.5));
#6039=CARTESIAN_POINT('',(19.5,-5.,-9.5));
#6040=CARTESIAN_POINT('',(19.5,8.,-9.5));
#6041=CARTESIAN_POINT('',(19.5,1.5,-9.5));
#6042=CARTESIAN_POINT('',(18.1,8.,-9.5));
#6043=CARTESIAN_POINT('',(18.8,8.,-9.5));
#6044=CARTESIAN_POINT('',(18.1,-5.,-9.5));
#6045=CARTESIAN_POINT('',(18.1,1.5,-9.5));
#6046=CARTESIAN_POINT('',(18.8,-5.,-9.5));
#6047=CARTESIAN_POINT('Origin',(18.8,1.5,-17.5));
#6048=CARTESIAN_POINT('',(19.5,8.,-17.5));
#6049=CARTESIAN_POINT('',(19.5,-5.,-17.5));
#6050=CARTESIAN_POINT('',(19.5,1.5,-17.5));
#6051=CARTESIAN_POINT('',(18.1,-5.,-17.5));
#6052=CARTESIAN_POINT('',(18.8,-5.,-17.5));
#6053=CARTESIAN_POINT('',(18.1,8.,-17.5));
#6054=CARTESIAN_POINT('',(18.1,1.5,-17.5));
#6055=CARTESIAN_POINT('',(18.8,8.,-17.5));
#6056=CARTESIAN_POINT('Origin',(18.8,-5.,-13.5));
#6057=CARTESIAN_POINT('',(18.1,-5.,-13.5));
#6058=CARTESIAN_POINT('',(19.5,-5.,-13.5));
#6059=CARTESIAN_POINT('Origin',(18.1,1.5,-13.5));
#6060=CARTESIAN_POINT('',(18.1,8.,-13.5));
#6061=CARTESIAN_POINT('Origin',(18.8,8.,-13.5));
#6062=CARTESIAN_POINT('',(19.5,8.,-13.5));
#6063=CARTESIAN_POINT('Origin',(19.5,1.5,-13.5));
#6064=CARTESIAN_POINT('Origin',(-22.,-6.,-11.5));
#6065=CARTESIAN_POINT('',(-24.,-6.,-9.9));
#6066=CARTESIAN_POINT('Origin',(-24.,-6.,-11.5));
#6067=CARTESIAN_POINT('',(-20.,-6.,-9.9));
#6068=CARTESIAN_POINT('',(-22.,-6.,-9.9));
#6069=CARTESIAN_POINT('Origin',(-20.,-6.,-11.5));
#6070=CARTESIAN_POINT('Origin',(-22.,-6.,-11.5));
#6071=CARTESIAN_POINT('',(-20.,-6.,-8.8));
#6072=CARTESIAN_POINT('Origin',(-20.,-6.,-11.5));
#6073=CARTESIAN_POINT('',(-24.,-6.,-8.8));
#6074=CARTESIAN_POINT('',(-22.,-6.,-8.8));
#6075=CARTESIAN_POINT('Origin',(-24.,-6.,-11.5));
#6076=CARTESIAN_POINT('Origin',(-24.,-6.,-11.5));
#6077=CARTESIAN_POINT('Origin',(-20.,-6.,-11.5));
#6078=CARTESIAN_POINT('Origin',(-20.6,-12.2,-13.2));
#6079=CARTESIAN_POINT('',(-18.,-12.2,-11.6));
#6080=CARTESIAN_POINT('Origin',(-18.,-12.2,-13.2));
#6081=CARTESIAN_POINT('',(-23.2,-12.2,-11.6));
#6082=CARTESIAN_POINT('',(-20.6,-12.2,-11.6));
#6083=CARTESIAN_POINT('Origin',(-23.2,-12.2,-13.2));
#6084=CARTESIAN_POINT('Origin',(-23.2,-12.2,-13.2));
#6085=CARTESIAN_POINT('Origin',(-18.,-12.2,-13.2));
#6086=CARTESIAN_POINT('Origin',(-20.6,-15.8,-14.8));
#6087=CARTESIAN_POINT('',(-18.,-15.8,-13.2));
#6088=CARTESIAN_POINT('Origin',(-18.,-15.8,-14.8));
#6089=CARTESIAN_POINT('',(-23.2,-15.8,-13.2));
#6090=CARTESIAN_POINT('',(-20.6,-15.8,-13.2));
#6091=CARTESIAN_POINT('Origin',(-23.2,-15.8,-14.8));
#6092=CARTESIAN_POINT('Origin',(-23.2,-15.8,-14.8));
#6093=CARTESIAN_POINT('Origin',(-18.,-15.8,-14.8));
#6094=CARTESIAN_POINT('Origin',(14.,0.,-9.65));
#6095=CARTESIAN_POINT('',(15.4,-14.,-9.65));
#6096=CARTESIAN_POINT('',(15.4,14.,-9.65));
#6097=CARTESIAN_POINT('',(15.4,0.,-9.65));
#6098=CARTESIAN_POINT('',(12.6,14.,-9.65));
#6099=CARTESIAN_POINT('',(14.,14.,-9.65));
#6100=CARTESIAN_POINT('',(12.6,-14.,-9.65));
#6101=CARTESIAN_POINT('',(12.6,0.,-9.65));
#6102=CARTESIAN_POINT('',(14.,-14.,-9.65));
#6103=CARTESIAN_POINT('Origin',(14.,0.,-10.75));
#6104=CARTESIAN_POINT('',(15.4,14.,-10.75));
#6105=CARTESIAN_POINT('',(15.4,-14.,-10.75));
#6106=CARTESIAN_POINT('',(15.4,0.,-10.75));
#6107=CARTESIAN_POINT('',(12.6,-14.,-10.75));
#6108=CARTESIAN_POINT('',(14.,-14.,-10.75));
#6109=CARTESIAN_POINT('',(12.6,14.,-10.75));
#6110=CARTESIAN_POINT('',(12.6,0.,-10.75));
#6111=CARTESIAN_POINT('',(14.,14.,-10.75));
#6112=CARTESIAN_POINT('Origin',(14.,-14.,-10.2));
#6113=CARTESIAN_POINT('',(12.6,-14.,-10.2));
#6114=CARTESIAN_POINT('',(15.4,-14.,-10.2));
#6115=CARTESIAN_POINT('Origin',(12.6,0.,-10.2));
#6116=CARTESIAN_POINT('',(12.6,14.,-10.2));
#6117=CARTESIAN_POINT('Origin',(14.,14.,-10.2));
#6118=CARTESIAN_POINT('',(15.4,14.,-10.2));
#6119=CARTESIAN_POINT('Origin',(15.4,0.,-10.2));
#6120=CARTESIAN_POINT('Origin',(-7.,5.2,-17.8));
#6121=CARTESIAN_POINT('',(6.,4.8,-17.8));
#6122=CARTESIAN_POINT('',(6.,5.6,-17.8));
#6123=CARTESIAN_POINT('',(6.,5.2,-17.8));
#6124=CARTESIAN_POINT('',(-20.,5.6,-17.8));
#6125=CARTESIAN_POINT('',(-7.,5.6,-17.8));
#6126=CARTESIAN_POINT('',(-20.,4.8,-17.8));
#6127=CARTESIAN_POINT('',(-20.,5.2,-17.8));
#6128=CARTESIAN_POINT('',(-7.,4.8,-17.8));
#6129=CARTESIAN_POINT('Origin',(-7.,5.2,-18.6));
#6130=CARTESIAN_POINT('',(6.,5.6,-18.6));
#6131=CARTESIAN_POINT('',(6.,4.8,-18.6));
#6132=CARTESIAN_POINT('',(6.,5.2,-18.6));
#6133=CARTESIAN_POINT('',(-20.,4.8,-18.6));
#6134=CARTESIAN_POINT('',(-7.,4.8,-18.6));
#6135=CARTESIAN_POINT('',(-20.,5.6,-18.6));
#6136=CARTESIAN_POINT('',(-20.,5.2,-18.6));
#6137=CARTESIAN_POINT('',(-7.,5.6,-18.6));
#6138=CARTESIAN_POINT('Origin',(-7.,4.8,-18.2));
#6139=CARTESIAN_POINT('',(-20.,4.8,-18.2));
#6140=CARTESIAN_POINT('',(6.,4.8,-18.2));
#6141=CARTESIAN_POINT('Origin',(-20.,5.2,-18.2));
#6142=CARTESIAN_POINT('',(-20.,5.6,-18.2));
#6143=CARTESIAN_POINT('Origin',(-7.,5.6,-18.2));
#6144=CARTESIAN_POINT('',(6.,5.6,-18.2));
#6145=CARTESIAN_POINT('Origin',(6.,5.2,-18.2));
#6146=CARTESIAN_POINT('Origin',(-7.,7.,-17.8));
#6147=CARTESIAN_POINT('',(6.,6.6,-17.8));
#6148=CARTESIAN_POINT('',(6.,7.4,-17.8));
#6149=CARTESIAN_POINT('',(6.,7.,-17.8));
#6150=CARTESIAN_POINT('',(-20.,7.4,-17.8));
#6151=CARTESIAN_POINT('',(-7.,7.4,-17.8));
#6152=CARTESIAN_POINT('',(-20.,6.6,-17.8));
#6153=CARTESIAN_POINT('',(-20.,7.,-17.8));
#6154=CARTESIAN_POINT('',(-7.,6.6,-17.8));
#6155=CARTESIAN_POINT('Origin',(-7.,7.,-18.6));
#6156=CARTESIAN_POINT('',(6.,7.4,-18.6));
#6157=CARTESIAN_POINT('',(6.,6.6,-18.6));
#6158=CARTESIAN_POINT('',(6.,7.,-18.6));
#6159=CARTESIAN_POINT('',(-20.,6.6,-18.6));
#6160=CARTESIAN_POINT('',(-7.,6.6,-18.6));
#6161=CARTESIAN_POINT('',(-20.,7.4,-18.6));
#6162=CARTESIAN_POINT('',(-20.,7.,-18.6));
#6163=CARTESIAN_POINT('',(-7.,7.4,-18.6));
#6164=CARTESIAN_POINT('Origin',(-7.,6.6,-18.2));
#6165=CARTESIAN_POINT('',(-20.,6.6,-18.2));
#6166=CARTESIAN_POINT('',(6.,6.6,-18.2));
#6167=CARTESIAN_POINT('Origin',(-20.,7.,-18.2));
#6168=CARTESIAN_POINT('',(-20.,7.4,-18.2));
#6169=CARTESIAN_POINT('Origin',(-7.,7.4,-18.2));
#6170=CARTESIAN_POINT('',(6.,7.4,-18.2));
#6171=CARTESIAN_POINT('Origin',(6.,7.,-18.2));
#6172=CARTESIAN_POINT('Origin',(-7.,8.8,-17.8));
#6173=CARTESIAN_POINT('',(6.,8.4,-17.8));
#6174=CARTESIAN_POINT('',(6.,9.2,-17.8));
#6175=CARTESIAN_POINT('',(6.,8.8,-17.8));
#6176=CARTESIAN_POINT('',(-20.,9.2,-17.8));
#6177=CARTESIAN_POINT('',(-7.,9.2,-17.8));
#6178=CARTESIAN_POINT('',(-20.,8.4,-17.8));
#6179=CARTESIAN_POINT('',(-20.,8.8,-17.8));
#6180=CARTESIAN_POINT('',(-7.,8.4,-17.8));
#6181=CARTESIAN_POINT('Origin',(-7.,8.8,-18.6));
#6182=CARTESIAN_POINT('',(6.,9.2,-18.6));
#6183=CARTESIAN_POINT('',(6.,8.4,-18.6));
#6184=CARTESIAN_POINT('',(6.,8.8,-18.6));
#6185=CARTESIAN_POINT('',(-20.,8.4,-18.6));
#6186=CARTESIAN_POINT('',(-7.,8.4,-18.6));
#6187=CARTESIAN_POINT('',(-20.,9.2,-18.6));
#6188=CARTESIAN_POINT('',(-20.,8.8,-18.6));
#6189=CARTESIAN_POINT('',(-7.,9.2,-18.6));
#6190=CARTESIAN_POINT('Origin',(-7.,8.4,-18.2));
#6191=CARTESIAN_POINT('',(-20.,8.4,-18.2));
#6192=CARTESIAN_POINT('',(6.,8.4,-18.2));
#6193=CARTESIAN_POINT('Origin',(-20.,8.8,-18.2));
#6194=CARTESIAN_POINT('',(-20.,9.2,-18.2));
#6195=CARTESIAN_POINT('Origin',(-7.,9.2,-18.2));
#6196=CARTESIAN_POINT('',(6.,9.2,-18.2));
#6197=CARTESIAN_POINT('Origin',(6.,8.8,-18.2));
#6198=CARTESIAN_POINT('Origin',(0.,0.,8.2));
#6199=CARTESIAN_POINT('',(11.75,-3.7,8.2));
#6200=CARTESIAN_POINT('',(11.75,3.7,8.2));
#6201=CARTESIAN_POINT('',(11.75,0.,8.2));
#6202=CARTESIAN_POINT('',(-11.75,3.7,8.2));
#6203=CARTESIAN_POINT('',(0.,3.7,8.2));
#6204=CARTESIAN_POINT('',(-11.75,-3.7,8.2));
#6205=CARTESIAN_POINT('',(-11.75,0.,8.2));
#6206=CARTESIAN_POINT('',(0.,-3.7,8.2));
#6207=CARTESIAN_POINT('Origin',(0.,0.,3.8));
#6208=CARTESIAN_POINT('',(11.75,3.7,3.8));
#6209=CARTESIAN_POINT('',(11.75,-3.7,3.8));
#6210=CARTESIAN_POINT('',(11.75,0.,3.8));
#6211=CARTESIAN_POINT('',(-11.75,-3.7,3.8));
#6212=CARTESIAN_POINT('',(0.,-3.7,3.8));
#6213=CARTESIAN_POINT('',(-11.75,3.7,3.8));
#6214=CARTESIAN_POINT('',(-11.75,0.,3.8));
#6215=CARTESIAN_POINT('',(0.,3.7,3.8));
#6216=CARTESIAN_POINT('Origin',(0.,-3.7,6.));
#6217=CARTESIAN_POINT('',(-11.75,-3.7,6.));
#6218=CARTESIAN_POINT('',(11.75,-3.7,6.));
#6219=CARTESIAN_POINT('Origin',(-11.75,0.,6.));
#6220=CARTESIAN_POINT('',(-11.75,3.7,6.));
#6221=CARTESIAN_POINT('Origin',(0.,3.7,6.));
#6222=CARTESIAN_POINT('',(11.75,3.7,6.));
#6223=CARTESIAN_POINT('Origin',(11.75,0.,6.));
#6224=CARTESIAN_POINT('Origin',(0.,-4.5,6.4));
#6225=CARTESIAN_POINT('',(13.,-5.9,6.4));
#6226=CARTESIAN_POINT('',(13.,-3.1,6.4));
#6227=CARTESIAN_POINT('',(13.,-4.5,6.4));
#6228=CARTESIAN_POINT('',(-13.,-3.1,6.4));
#6229=CARTESIAN_POINT('',(0.,-3.1,6.4));
#6230=CARTESIAN_POINT('',(-13.,-5.9,6.4));
#6231=CARTESIAN_POINT('',(-13.,-4.5,6.4));
#6232=CARTESIAN_POINT('',(0.,-5.9,6.4));
#6233=CARTESIAN_POINT('Origin',(0.,-4.5,4.4));
#6234=CARTESIAN_POINT('',(13.,-3.1,4.4));
#6235=CARTESIAN_POINT('',(13.,-5.9,4.4));
#6236=CARTESIAN_POINT('',(13.,-4.5,4.4));
#6237=CARTESIAN_POINT('',(-13.,-5.9,4.4));
#6238=CARTESIAN_POINT('',(0.,-5.9,4.4));
#6239=CARTESIAN_POINT('',(-13.,-3.1,4.4));
#6240=CARTESIAN_POINT('',(-13.,-4.5,4.4));
#6241=CARTESIAN_POINT('',(0.,-3.1,4.4));
#6242=CARTESIAN_POINT('Origin',(0.,-5.9,5.4));
#6243=CARTESIAN_POINT('',(-13.,-5.9,5.4));
#6244=CARTESIAN_POINT('',(13.,-5.9,5.4));
#6245=CARTESIAN_POINT('Origin',(-13.,-4.5,5.4));
#6246=CARTESIAN_POINT('',(-13.,-3.1,5.4));
#6247=CARTESIAN_POINT('Origin',(0.,-3.1,5.4));
#6248=CARTESIAN_POINT('',(13.,-3.1,5.4));
#6249=CARTESIAN_POINT('Origin',(13.,-4.5,5.4));
#6250=CARTESIAN_POINT('Origin',(0.,0.,11.));
#6251=CARTESIAN_POINT('',(-2.1,-2.57175827820944E-16,14.8));
#6252=CARTESIAN_POINT('Origin',(0.,0.,14.8));
#6253=CARTESIAN_POINT('',(-2.1,-2.57175827820944E-16,7.2));
#6254=CARTESIAN_POINT('',(-2.1,-2.57175827820944E-16,11.));
#6255=CARTESIAN_POINT('Origin',(0.,0.,7.2));
#6256=CARTESIAN_POINT('Origin',(0.,0.,7.2));
#6257=CARTESIAN_POINT('Origin',(0.,0.,14.8));
#6258=CARTESIAN_POINT('Origin',(0.,0.,17.55));
#6259=CARTESIAN_POINT('',(-4.3,-5.26598123633362E-16,20.3));
#6260=CARTESIAN_POINT('Origin',(0.,0.,20.3));
#6261=CARTESIAN_POINT('',(-4.3,-5.26598123633362E-16,14.8));
#6262=CARTESIAN_POINT('',(-4.3,-5.26598123633362E-16,17.55));
#6263=CARTESIAN_POINT('Origin',(0.,0.,14.8));
#6264=CARTESIAN_POINT('Origin',(0.,0.,14.8));
#6265=CARTESIAN_POINT('Origin',(0.,0.,20.3));
#6266=CARTESIAN_POINT('Origin',(4.65,0.,19.805));
#6267=CARTESIAN_POINT('',(5.05,-0.6,19.805));
#6268=CARTESIAN_POINT('',(5.05,0.6,19.805));
#6269=CARTESIAN_POINT('',(5.05,0.,19.805));
#6270=CARTESIAN_POINT('',(4.25,0.6,19.805));
#6271=CARTESIAN_POINT('',(4.65,0.6,19.805));
#6272=CARTESIAN_POINT('',(4.25,-0.6,19.805));
#6273=CARTESIAN_POINT('',(4.25,0.,19.805));
#6274=CARTESIAN_POINT('',(4.65,-0.6,19.805));
#6275=CARTESIAN_POINT('Origin',(4.65,0.,15.295));
#6276=CARTESIAN_POINT('',(5.05,0.6,15.295));
#6277=CARTESIAN_POINT('',(5.05,-0.6,15.295));
#6278=CARTESIAN_POINT('',(5.05,0.,15.295));
#6279=CARTESIAN_POINT('',(4.25,-0.6,15.295));
#6280=CARTESIAN_POINT('',(4.65,-0.6,15.295));
#6281=CARTESIAN_POINT('',(4.25,0.6,15.295));
#6282=CARTESIAN_POINT('',(4.25,0.,15.295));
#6283=CARTESIAN_POINT('',(4.65,0.6,15.295));
#6284=CARTESIAN_POINT('Origin',(4.65,-0.6,17.55));
#6285=CARTESIAN_POINT('',(4.25,-0.6,17.55));
#6286=CARTESIAN_POINT('',(5.05,-0.6,17.55));
#6287=CARTESIAN_POINT('Origin',(4.25,0.,17.55));
#6288=CARTESIAN_POINT('',(4.25,0.6,17.55));
#6289=CARTESIAN_POINT('Origin',(4.65,0.6,17.55));
#6290=CARTESIAN_POINT('',(5.05,0.6,17.55));
#6291=CARTESIAN_POINT('Origin',(5.05,0.,17.55));
#6292=CARTESIAN_POINT('Origin',(4.29603982617748,1.77947796049767,19.805));
#6293=CARTESIAN_POINT('',(4.69603982617748,1.17947796049767,19.805));
#6294=CARTESIAN_POINT('',(4.69603982617748,2.37947796049767,19.805));
#6295=CARTESIAN_POINT('',(4.69603982617748,1.77947796049767,19.805));
#6296=CARTESIAN_POINT('',(3.89603982617748,2.37947796049767,19.805));
#6297=CARTESIAN_POINT('',(4.29603982617748,2.37947796049767,19.805));
#6298=CARTESIAN_POINT('',(3.89603982617748,1.17947796049767,19.805));
#6299=CARTESIAN_POINT('',(3.89603982617748,1.77947796049767,19.805));
#6300=CARTESIAN_POINT('',(4.29603982617748,1.17947796049767,19.805));
#6301=CARTESIAN_POINT('Origin',(4.29603982617748,1.77947796049767,15.295));
#6302=CARTESIAN_POINT('',(4.69603982617748,2.37947796049767,15.295));
#6303=CARTESIAN_POINT('',(4.69603982617748,1.17947796049767,15.295));
#6304=CARTESIAN_POINT('',(4.69603982617748,1.77947796049767,15.295));
#6305=CARTESIAN_POINT('',(3.89603982617748,1.17947796049767,15.295));
#6306=CARTESIAN_POINT('',(4.29603982617748,1.17947796049767,15.295));
#6307=CARTESIAN_POINT('',(3.89603982617748,2.37947796049767,15.295));
#6308=CARTESIAN_POINT('',(3.89603982617748,1.77947796049767,15.295));
#6309=CARTESIAN_POINT('',(4.29603982617748,2.37947796049767,15.295));
#6310=CARTESIAN_POINT('Origin',(4.29603982617748,1.17947796049767,17.55));
#6311=CARTESIAN_POINT('',(3.89603982617748,1.17947796049767,17.55));
#6312=CARTESIAN_POINT('',(4.69603982617748,1.17947796049767,17.55));
#6313=CARTESIAN_POINT('Origin',(3.89603982617748,1.77947796049767,17.55));
#6314=CARTESIAN_POINT('',(3.89603982617748,2.37947796049767,17.55));
#6315=CARTESIAN_POINT('Origin',(4.29603982617748,2.37947796049767,17.55));
#6316=CARTESIAN_POINT('',(4.69603982617748,2.37947796049767,17.55));
#6317=CARTESIAN_POINT('Origin',(4.69603982617748,1.77947796049767,17.55));
#6318=CARTESIAN_POINT('Origin',(3.28804653251745,3.28804653251745,19.805));
#6319=CARTESIAN_POINT('',(3.68804653251745,2.68804653251745,19.805));
#6320=CARTESIAN_POINT('',(3.68804653251745,3.88804653251745,19.805));
#6321=CARTESIAN_POINT('',(3.68804653251745,3.28804653251745,19.805));
#6322=CARTESIAN_POINT('',(2.88804653251745,3.88804653251745,19.805));
#6323=CARTESIAN_POINT('',(3.28804653251745,3.88804653251745,19.805));
#6324=CARTESIAN_POINT('',(2.88804653251745,2.68804653251745,19.805));
#6325=CARTESIAN_POINT('',(2.88804653251745,3.28804653251745,19.805));
#6326=CARTESIAN_POINT('',(3.28804653251745,2.68804653251745,19.805));
#6327=CARTESIAN_POINT('Origin',(3.28804653251745,3.28804653251745,15.295));
#6328=CARTESIAN_POINT('',(3.68804653251745,3.88804653251745,15.295));
#6329=CARTESIAN_POINT('',(3.68804653251745,2.68804653251745,15.295));
#6330=CARTESIAN_POINT('',(3.68804653251745,3.28804653251745,15.295));
#6331=CARTESIAN_POINT('',(2.88804653251745,2.68804653251745,15.295));
#6332=CARTESIAN_POINT('',(3.28804653251745,2.68804653251745,15.295));
#6333=CARTESIAN_POINT('',(2.88804653251745,3.88804653251745,15.295));
#6334=CARTESIAN_POINT('',(2.88804653251745,3.28804653251745,15.295));
#6335=CARTESIAN_POINT('',(3.28804653251745,3.88804653251745,15.295));
#6336=CARTESIAN_POINT('Origin',(3.28804653251745,2.68804653251745,17.55));
#6337=CARTESIAN_POINT('',(2.88804653251745,2.68804653251745,17.55));
#6338=CARTESIAN_POINT('',(3.68804653251745,2.68804653251745,17.55));
#6339=CARTESIAN_POINT('Origin',(2.88804653251745,3.28804653251745,17.55));
#6340=CARTESIAN_POINT('',(2.88804653251745,3.88804653251745,17.55));
#6341=CARTESIAN_POINT('Origin',(3.28804653251745,3.88804653251745,17.55));
#6342=CARTESIAN_POINT('',(3.68804653251745,3.88804653251745,17.55));
#6343=CARTESIAN_POINT('Origin',(3.68804653251745,3.28804653251745,17.55));
#6344=CARTESIAN_POINT('Origin',(1.77947796049767,4.29603982617748,19.805));
#6345=CARTESIAN_POINT('',(2.17947796049767,3.69603982617748,19.805));
#6346=CARTESIAN_POINT('',(2.17947796049767,4.89603982617748,19.805));
#6347=CARTESIAN_POINT('',(2.17947796049767,4.29603982617748,19.805));
#6348=CARTESIAN_POINT('',(1.37947796049767,4.89603982617748,19.805));
#6349=CARTESIAN_POINT('',(1.77947796049767,4.89603982617748,19.805));
#6350=CARTESIAN_POINT('',(1.37947796049767,3.69603982617748,19.805));
#6351=CARTESIAN_POINT('',(1.37947796049767,4.29603982617748,19.805));
#6352=CARTESIAN_POINT('',(1.77947796049767,3.69603982617748,19.805));
#6353=CARTESIAN_POINT('Origin',(1.77947796049767,4.29603982617748,15.295));
#6354=CARTESIAN_POINT('',(2.17947796049767,4.89603982617748,15.295));
#6355=CARTESIAN_POINT('',(2.17947796049767,3.69603982617748,15.295));
#6356=CARTESIAN_POINT('',(2.17947796049767,4.29603982617748,15.295));
#6357=CARTESIAN_POINT('',(1.37947796049767,3.69603982617748,15.295));
#6358=CARTESIAN_POINT('',(1.77947796049767,3.69603982617748,15.295));
#6359=CARTESIAN_POINT('',(1.37947796049767,4.89603982617748,15.295));
#6360=CARTESIAN_POINT('',(1.37947796049767,4.29603982617748,15.295));
#6361=CARTESIAN_POINT('',(1.77947796049767,4.89603982617748,15.295));
#6362=CARTESIAN_POINT('Origin',(1.77947796049767,3.69603982617748,17.55));
#6363=CARTESIAN_POINT('',(1.37947796049767,3.69603982617748,17.55));
#6364=CARTESIAN_POINT('',(2.17947796049767,3.69603982617748,17.55));
#6365=CARTESIAN_POINT('Origin',(1.37947796049767,4.29603982617748,17.55));
#6366=CARTESIAN_POINT('',(1.37947796049767,4.89603982617748,17.55));
#6367=CARTESIAN_POINT('Origin',(1.77947796049767,4.89603982617748,17.55));
#6368=CARTESIAN_POINT('',(2.17947796049767,4.89603982617748,17.55));
#6369=CARTESIAN_POINT('Origin',(2.17947796049767,4.29603982617748,17.55));
#6370=CARTESIAN_POINT('Origin',(2.8473038080176E-16,4.65,19.805));
#6371=CARTESIAN_POINT('',(0.4,4.05,19.805));
#6372=CARTESIAN_POINT('',(0.4,5.25,19.805));
#6373=CARTESIAN_POINT('',(0.4,4.65,19.805));
#6374=CARTESIAN_POINT('',(-0.4,5.25,19.805));
#6375=CARTESIAN_POINT('',(2.8473038080176E-16,5.25,19.805));
#6376=CARTESIAN_POINT('',(-0.4,4.05,19.805));
#6377=CARTESIAN_POINT('',(-0.4,4.65,19.805));
#6378=CARTESIAN_POINT('',(2.8473038080176E-16,4.05,19.805));
#6379=CARTESIAN_POINT('Origin',(2.8473038080176E-16,4.65,15.295));
#6380=CARTESIAN_POINT('',(0.4,5.25,15.295));
#6381=CARTESIAN_POINT('',(0.4,4.05,15.295));
#6382=CARTESIAN_POINT('',(0.4,4.65,15.295));
#6383=CARTESIAN_POINT('',(-0.4,4.05,15.295));
#6384=CARTESIAN_POINT('',(2.8473038080176E-16,4.05,15.295));
#6385=CARTESIAN_POINT('',(-0.4,5.25,15.295));
#6386=CARTESIAN_POINT('',(-0.4,4.65,15.295));
#6387=CARTESIAN_POINT('',(2.8473038080176E-16,5.25,15.295));
#6388=CARTESIAN_POINT('Origin',(2.8473038080176E-16,4.05,17.55));
#6389=CARTESIAN_POINT('',(-0.4,4.05,17.55));
#6390=CARTESIAN_POINT('',(0.4,4.05,17.55));
#6391=CARTESIAN_POINT('Origin',(-0.4,4.65,17.55));
#6392=CARTESIAN_POINT('',(-0.4,5.25,17.55));
#6393=CARTESIAN_POINT('Origin',(2.8473038080176E-16,5.25,17.55));
#6394=CARTESIAN_POINT('',(0.4,5.25,17.55));
#6395=CARTESIAN_POINT('Origin',(0.4,4.65,17.55));
#6396=CARTESIAN_POINT('Origin',(-1.77947796049767,4.29603982617748,19.805));
#6397=CARTESIAN_POINT('',(-1.37947796049767,3.69603982617748,19.805));
#6398=CARTESIAN_POINT('',(-1.37947796049767,4.89603982617748,19.805));
#6399=CARTESIAN_POINT('',(-1.37947796049767,4.29603982617748,19.805));
#6400=CARTESIAN_POINT('',(-2.17947796049767,4.89603982617748,19.805));
#6401=CARTESIAN_POINT('',(-1.77947796049767,4.89603982617748,19.805));
#6402=CARTESIAN_POINT('',(-2.17947796049767,3.69603982617748,19.805));
#6403=CARTESIAN_POINT('',(-2.17947796049767,4.29603982617748,19.805));
#6404=CARTESIAN_POINT('',(-1.77947796049767,3.69603982617748,19.805));
#6405=CARTESIAN_POINT('Origin',(-1.77947796049767,4.29603982617748,15.295));
#6406=CARTESIAN_POINT('',(-1.37947796049767,4.89603982617748,15.295));
#6407=CARTESIAN_POINT('',(-1.37947796049767,3.69603982617748,15.295));
#6408=CARTESIAN_POINT('',(-1.37947796049767,4.29603982617748,15.295));
#6409=CARTESIAN_POINT('',(-2.17947796049767,3.69603982617748,15.295));
#6410=CARTESIAN_POINT('',(-1.77947796049767,3.69603982617748,15.295));
#6411=CARTESIAN_POINT('',(-2.17947796049767,4.89603982617748,15.295));
#6412=CARTESIAN_POINT('',(-2.17947796049767,4.29603982617748,15.295));
#6413=CARTESIAN_POINT('',(-1.77947796049767,4.89603982617748,15.295));
#6414=CARTESIAN_POINT('Origin',(-1.77947796049767,3.69603982617748,17.55));
#6415=CARTESIAN_POINT('',(-2.17947796049767,3.69603982617748,17.55));
#6416=CARTESIAN_POINT('',(-1.37947796049767,3.69603982617748,17.55));
#6417=CARTESIAN_POINT('Origin',(-2.17947796049767,4.29603982617748,17.55));
#6418=CARTESIAN_POINT('',(-2.17947796049767,4.89603982617748,17.55));
#6419=CARTESIAN_POINT('Origin',(-1.77947796049767,4.89603982617748,17.55));
#6420=CARTESIAN_POINT('',(-1.37947796049767,4.89603982617748,17.55));
#6421=CARTESIAN_POINT('Origin',(-1.37947796049767,4.29603982617748,17.55));
#6422=CARTESIAN_POINT('Origin',(-3.28804653251745,3.28804653251745,19.805));
#6423=CARTESIAN_POINT('',(-2.88804653251745,2.68804653251745,19.805));
#6424=CARTESIAN_POINT('',(-2.88804653251745,3.88804653251745,19.805));
#6425=CARTESIAN_POINT('',(-2.88804653251745,3.28804653251745,19.805));
#6426=CARTESIAN_POINT('',(-3.68804653251745,3.88804653251745,19.805));
#6427=CARTESIAN_POINT('',(-3.28804653251745,3.88804653251745,19.805));
#6428=CARTESIAN_POINT('',(-3.68804653251745,2.68804653251745,19.805));
#6429=CARTESIAN_POINT('',(-3.68804653251745,3.28804653251745,19.805));
#6430=CARTESIAN_POINT('',(-3.28804653251745,2.68804653251745,19.805));
#6431=CARTESIAN_POINT('Origin',(-3.28804653251745,3.28804653251745,15.295));
#6432=CARTESIAN_POINT('',(-2.88804653251745,3.88804653251745,15.295));
#6433=CARTESIAN_POINT('',(-2.88804653251745,2.68804653251745,15.295));
#6434=CARTESIAN_POINT('',(-2.88804653251745,3.28804653251745,15.295));
#6435=CARTESIAN_POINT('',(-3.68804653251745,2.68804653251745,15.295));
#6436=CARTESIAN_POINT('',(-3.28804653251745,2.68804653251745,15.295));
#6437=CARTESIAN_POINT('',(-3.68804653251745,3.88804653251745,15.295));
#6438=CARTESIAN_POINT('',(-3.68804653251745,3.28804653251745,15.295));
#6439=CARTESIAN_POINT('',(-3.28804653251745,3.88804653251745,15.295));
#6440=CARTESIAN_POINT('Origin',(-3.28804653251745,2.68804653251745,17.55));
#6441=CARTESIAN_POINT('',(-3.68804653251745,2.68804653251745,17.55));
#6442=CARTESIAN_POINT('',(-2.88804653251745,2.68804653251745,17.55));
#6443=CARTESIAN_POINT('Origin',(-3.68804653251745,3.28804653251745,17.55));
#6444=CARTESIAN_POINT('',(-3.68804653251745,3.88804653251745,17.55));
#6445=CARTESIAN_POINT('Origin',(-3.28804653251745,3.88804653251745,17.55));
#6446=CARTESIAN_POINT('',(-2.88804653251745,3.88804653251745,17.55));
#6447=CARTESIAN_POINT('Origin',(-2.88804653251745,3.28804653251745,17.55));
#6448=CARTESIAN_POINT('Origin',(-4.29603982617748,1.77947796049767,19.805));
#6449=CARTESIAN_POINT('',(-3.89603982617748,1.17947796049767,19.805));
#6450=CARTESIAN_POINT('',(-3.89603982617748,2.37947796049767,19.805));
#6451=CARTESIAN_POINT('',(-3.89603982617748,1.77947796049767,19.805));
#6452=CARTESIAN_POINT('',(-4.69603982617748,2.37947796049767,19.805));
#6453=CARTESIAN_POINT('',(-4.29603982617748,2.37947796049767,19.805));
#6454=CARTESIAN_POINT('',(-4.69603982617748,1.17947796049767,19.805));
#6455=CARTESIAN_POINT('',(-4.69603982617748,1.77947796049767,19.805));
#6456=CARTESIAN_POINT('',(-4.29603982617748,1.17947796049767,19.805));
#6457=CARTESIAN_POINT('Origin',(-4.29603982617748,1.77947796049767,15.295));
#6458=CARTESIAN_POINT('',(-3.89603982617748,2.37947796049767,15.295));
#6459=CARTESIAN_POINT('',(-3.89603982617748,1.17947796049767,15.295));
#6460=CARTESIAN_POINT('',(-3.89603982617748,1.77947796049767,15.295));
#6461=CARTESIAN_POINT('',(-4.69603982617748,1.17947796049767,15.295));
#6462=CARTESIAN_POINT('',(-4.29603982617748,1.17947796049767,15.295));
#6463=CARTESIAN_POINT('',(-4.69603982617748,2.37947796049767,15.295));
#6464=CARTESIAN_POINT('',(-4.69603982617748,1.77947796049767,15.295));
#6465=CARTESIAN_POINT('',(-4.29603982617748,2.37947796049767,15.295));
#6466=CARTESIAN_POINT('Origin',(-4.29603982617748,1.17947796049767,17.55));
#6467=CARTESIAN_POINT('',(-4.69603982617748,1.17947796049767,17.55));
#6468=CARTESIAN_POINT('',(-3.89603982617748,1.17947796049767,17.55));
#6469=CARTESIAN_POINT('Origin',(-4.69603982617748,1.77947796049767,17.55));
#6470=CARTESIAN_POINT('',(-4.69603982617748,2.37947796049767,17.55));
#6471=CARTESIAN_POINT('Origin',(-4.29603982617748,2.37947796049767,17.55));
#6472=CARTESIAN_POINT('',(-3.89603982617748,2.37947796049767,17.55));
#6473=CARTESIAN_POINT('Origin',(-3.89603982617748,1.77947796049767,17.55));
#6474=CARTESIAN_POINT('Origin',(-4.65,5.69460761603519E-16,19.805));
#6475=CARTESIAN_POINT('',(-4.25,-0.599999999999999,19.805));
#6476=CARTESIAN_POINT('',(-4.25,0.600000000000001,19.805));
#6477=CARTESIAN_POINT('',(-4.25,5.69460761603519E-16,19.805));
#6478=CARTESIAN_POINT('',(-5.05,0.600000000000001,19.805));
#6479=CARTESIAN_POINT('',(-4.65,0.600000000000001,19.805));
#6480=CARTESIAN_POINT('',(-5.05,-0.599999999999999,19.805));
#6481=CARTESIAN_POINT('',(-5.05,5.69460761603519E-16,19.805));
#6482=CARTESIAN_POINT('',(-4.65,-0.599999999999999,19.805));
#6483=CARTESIAN_POINT('Origin',(-4.65,5.69460761603519E-16,15.295));
#6484=CARTESIAN_POINT('',(-4.25,0.600000000000001,15.295));
#6485=CARTESIAN_POINT('',(-4.25,-0.599999999999999,15.295));
#6486=CARTESIAN_POINT('',(-4.25,5.69460761603519E-16,15.295));
#6487=CARTESIAN_POINT('',(-5.05,-0.599999999999999,15.295));
#6488=CARTESIAN_POINT('',(-4.65,-0.599999999999999,15.295));
#6489=CARTESIAN_POINT('',(-5.05,0.600000000000001,15.295));
#6490=CARTESIAN_POINT('',(-5.05,5.69460761603519E-16,15.295));
#6491=CARTESIAN_POINT('',(-4.65,0.600000000000001,15.295));
#6492=CARTESIAN_POINT('Origin',(-4.65,-0.599999999999999,17.55));
#6493=CARTESIAN_POINT('',(-5.05,-0.599999999999999,17.55));
#6494=CARTESIAN_POINT('',(-4.25,-0.599999999999999,17.55));
#6495=CARTESIAN_POINT('Origin',(-5.05,5.69460761603519E-16,17.55));
#6496=CARTESIAN_POINT('',(-5.05,0.600000000000001,17.55));
#6497=CARTESIAN_POINT('Origin',(-4.65,0.600000000000001,17.55));
#6498=CARTESIAN_POINT('',(-4.25,0.600000000000001,17.55));
#6499=CARTESIAN_POINT('Origin',(-4.25,5.69460761603519E-16,17.55));
#6500=CARTESIAN_POINT('Origin',(-4.29603982617748,-1.77947796049767,19.805));
#6501=CARTESIAN_POINT('',(-3.89603982617748,-2.37947796049767,19.805));
#6502=CARTESIAN_POINT('',(-3.89603982617748,-1.17947796049767,19.805));
#6503=CARTESIAN_POINT('',(-3.89603982617748,-1.77947796049767,19.805));
#6504=CARTESIAN_POINT('',(-4.69603982617748,-1.17947796049767,19.805));
#6505=CARTESIAN_POINT('',(-4.29603982617748,-1.17947796049767,19.805));
#6506=CARTESIAN_POINT('',(-4.69603982617748,-2.37947796049767,19.805));
#6507=CARTESIAN_POINT('',(-4.69603982617748,-1.77947796049767,19.805));
#6508=CARTESIAN_POINT('',(-4.29603982617748,-2.37947796049767,19.805));
#6509=CARTESIAN_POINT('Origin',(-4.29603982617748,-1.77947796049767,15.295));
#6510=CARTESIAN_POINT('',(-3.89603982617748,-1.17947796049767,15.295));
#6511=CARTESIAN_POINT('',(-3.89603982617748,-2.37947796049767,15.295));
#6512=CARTESIAN_POINT('',(-3.89603982617748,-1.77947796049767,15.295));
#6513=CARTESIAN_POINT('',(-4.69603982617748,-2.37947796049767,15.295));
#6514=CARTESIAN_POINT('',(-4.29603982617748,-2.37947796049767,15.295));
#6515=CARTESIAN_POINT('',(-4.69603982617748,-1.17947796049767,15.295));
#6516=CARTESIAN_POINT('',(-4.69603982617748,-1.77947796049767,15.295));
#6517=CARTESIAN_POINT('',(-4.29603982617748,-1.17947796049767,15.295));
#6518=CARTESIAN_POINT('Origin',(-4.29603982617748,-2.37947796049767,17.55));
#6519=CARTESIAN_POINT('',(-4.69603982617748,-2.37947796049767,17.55));
#6520=CARTESIAN_POINT('',(-3.89603982617748,-2.37947796049767,17.55));
#6521=CARTESIAN_POINT('Origin',(-4.69603982617748,-1.77947796049767,17.55));
#6522=CARTESIAN_POINT('',(-4.69603982617748,-1.17947796049767,17.55));
#6523=CARTESIAN_POINT('Origin',(-4.29603982617748,-1.17947796049767,17.55));
#6524=CARTESIAN_POINT('',(-3.89603982617748,-1.17947796049767,17.55));
#6525=CARTESIAN_POINT('Origin',(-3.89603982617748,-1.77947796049767,17.55));
#6526=CARTESIAN_POINT('Origin',(-3.28804653251745,-3.28804653251745,19.805));
#6527=CARTESIAN_POINT('',(-2.88804653251745,-3.88804653251745,19.805));
#6528=CARTESIAN_POINT('',(-2.88804653251745,-2.68804653251745,19.805));
#6529=CARTESIAN_POINT('',(-2.88804653251745,-3.28804653251745,19.805));
#6530=CARTESIAN_POINT('',(-3.68804653251745,-2.68804653251745,19.805));
#6531=CARTESIAN_POINT('',(-3.28804653251745,-2.68804653251745,19.805));
#6532=CARTESIAN_POINT('',(-3.68804653251745,-3.88804653251745,19.805));
#6533=CARTESIAN_POINT('',(-3.68804653251745,-3.28804653251745,19.805));
#6534=CARTESIAN_POINT('',(-3.28804653251745,-3.88804653251745,19.805));
#6535=CARTESIAN_POINT('Origin',(-3.28804653251745,-3.28804653251745,15.295));
#6536=CARTESIAN_POINT('',(-2.88804653251745,-2.68804653251745,15.295));
#6537=CARTESIAN_POINT('',(-2.88804653251745,-3.88804653251745,15.295));
#6538=CARTESIAN_POINT('',(-2.88804653251745,-3.28804653251745,15.295));
#6539=CARTESIAN_POINT('',(-3.68804653251745,-3.88804653251745,15.295));
#6540=CARTESIAN_POINT('',(-3.28804653251745,-3.88804653251745,15.295));
#6541=CARTESIAN_POINT('',(-3.68804653251745,-2.68804653251745,15.295));
#6542=CARTESIAN_POINT('',(-3.68804653251745,-3.28804653251745,15.295));
#6543=CARTESIAN_POINT('',(-3.28804653251745,-2.68804653251745,15.295));
#6544=CARTESIAN_POINT('Origin',(-3.28804653251745,-3.88804653251745,17.55));
#6545=CARTESIAN_POINT('',(-3.68804653251745,-3.88804653251745,17.55));
#6546=CARTESIAN_POINT('',(-2.88804653251745,-3.88804653251745,17.55));
#6547=CARTESIAN_POINT('Origin',(-3.68804653251745,-3.28804653251745,17.55));
#6548=CARTESIAN_POINT('',(-3.68804653251745,-2.68804653251745,17.55));
#6549=CARTESIAN_POINT('Origin',(-3.28804653251745,-2.68804653251745,17.55));
#6550=CARTESIAN_POINT('',(-2.88804653251745,-2.68804653251745,17.55));
#6551=CARTESIAN_POINT('Origin',(-2.88804653251745,-3.28804653251745,17.55));
#6552=CARTESIAN_POINT('Origin',(-1.77947796049767,-4.29603982617748,19.805));
#6553=CARTESIAN_POINT('',(-1.37947796049767,-4.89603982617748,19.805));
#6554=CARTESIAN_POINT('',(-1.37947796049767,-3.69603982617748,19.805));
#6555=CARTESIAN_POINT('',(-1.37947796049767,-4.29603982617748,19.805));
#6556=CARTESIAN_POINT('',(-2.17947796049767,-3.69603982617748,19.805));
#6557=CARTESIAN_POINT('',(-1.77947796049767,-3.69603982617748,19.805));
#6558=CARTESIAN_POINT('',(-2.17947796049767,-4.89603982617748,19.805));
#6559=CARTESIAN_POINT('',(-2.17947796049767,-4.29603982617748,19.805));
#6560=CARTESIAN_POINT('',(-1.77947796049767,-4.89603982617748,19.805));
#6561=CARTESIAN_POINT('Origin',(-1.77947796049767,-4.29603982617748,15.295));
#6562=CARTESIAN_POINT('',(-1.37947796049767,-3.69603982617748,15.295));
#6563=CARTESIAN_POINT('',(-1.37947796049767,-4.89603982617748,15.295));
#6564=CARTESIAN_POINT('',(-1.37947796049767,-4.29603982617748,15.295));
#6565=CARTESIAN_POINT('',(-2.17947796049767,-4.89603982617748,15.295));
#6566=CARTESIAN_POINT('',(-1.77947796049767,-4.89603982617748,15.295));
#6567=CARTESIAN_POINT('',(-2.17947796049767,-3.69603982617748,15.295));
#6568=CARTESIAN_POINT('',(-2.17947796049767,-4.29603982617748,15.295));
#6569=CARTESIAN_POINT('',(-1.77947796049767,-3.69603982617748,15.295));
#6570=CARTESIAN_POINT('Origin',(-1.77947796049767,-4.89603982617748,17.55));
#6571=CARTESIAN_POINT('',(-2.17947796049767,-4.89603982617748,17.55));
#6572=CARTESIAN_POINT('',(-1.37947796049767,-4.89603982617748,17.55));
#6573=CARTESIAN_POINT('Origin',(-2.17947796049767,-4.29603982617748,17.55));
#6574=CARTESIAN_POINT('',(-2.17947796049767,-3.69603982617748,17.55));
#6575=CARTESIAN_POINT('Origin',(-1.77947796049767,-3.69603982617748,17.55));
#6576=CARTESIAN_POINT('',(-1.37947796049767,-3.69603982617748,17.55));
#6577=CARTESIAN_POINT('Origin',(-1.37947796049767,-4.29603982617748,17.55));
#6578=CARTESIAN_POINT('Origin',(-8.54191142405279E-16,-4.65,19.805));
#6579=CARTESIAN_POINT('',(0.399999999999999,-5.25,19.805));
#6580=CARTESIAN_POINT('',(0.399999999999999,-4.05,19.805));
#6581=CARTESIAN_POINT('',(0.399999999999999,-4.65,19.805));
#6582=CARTESIAN_POINT('',(-0.400000000000001,-4.05,19.805));
#6583=CARTESIAN_POINT('',(-8.54191142405279E-16,-4.05,19.805));
#6584=CARTESIAN_POINT('',(-0.400000000000001,-5.25,19.805));
#6585=CARTESIAN_POINT('',(-0.400000000000001,-4.65,19.805));
#6586=CARTESIAN_POINT('',(-8.54191142405279E-16,-5.25,19.805));
#6587=CARTESIAN_POINT('Origin',(-8.54191142405279E-16,-4.65,15.295));
#6588=CARTESIAN_POINT('',(0.399999999999999,-4.05,15.295));
#6589=CARTESIAN_POINT('',(0.399999999999999,-5.25,15.295));
#6590=CARTESIAN_POINT('',(0.399999999999999,-4.65,15.295));
#6591=CARTESIAN_POINT('',(-0.400000000000001,-5.25,15.295));
#6592=CARTESIAN_POINT('',(-8.54191142405279E-16,-5.25,15.295));
#6593=CARTESIAN_POINT('',(-0.400000000000001,-4.05,15.295));
#6594=CARTESIAN_POINT('',(-0.400000000000001,-4.65,15.295));
#6595=CARTESIAN_POINT('',(-8.54191142405279E-16,-4.05,15.295));
#6596=CARTESIAN_POINT('Origin',(-8.54191142405279E-16,-5.25,17.55));
#6597=CARTESIAN_POINT('',(-0.400000000000001,-5.25,17.55));
#6598=CARTESIAN_POINT('',(0.399999999999999,-5.25,17.55));
#6599=CARTESIAN_POINT('Origin',(-0.400000000000001,-4.65,17.55));
#6600=CARTESIAN_POINT('',(-0.400000000000001,-4.05,17.55));
#6601=CARTESIAN_POINT('Origin',(-8.54191142405279E-16,-4.05,17.55));
#6602=CARTESIAN_POINT('',(0.399999999999999,-4.05,17.55));
#6603=CARTESIAN_POINT('Origin',(0.399999999999999,-4.65,17.55));
#6604=CARTESIAN_POINT('Origin',(1.77947796049767,-4.29603982617748,19.805));
#6605=CARTESIAN_POINT('',(2.17947796049767,-4.89603982617748,19.805));
#6606=CARTESIAN_POINT('',(2.17947796049767,-3.69603982617748,19.805));
#6607=CARTESIAN_POINT('',(2.17947796049767,-4.29603982617748,19.805));
#6608=CARTESIAN_POINT('',(1.37947796049767,-3.69603982617748,19.805));
#6609=CARTESIAN_POINT('',(1.77947796049767,-3.69603982617748,19.805));
#6610=CARTESIAN_POINT('',(1.37947796049767,-4.89603982617748,19.805));
#6611=CARTESIAN_POINT('',(1.37947796049767,-4.29603982617748,19.805));
#6612=CARTESIAN_POINT('',(1.77947796049767,-4.89603982617748,19.805));
#6613=CARTESIAN_POINT('Origin',(1.77947796049767,-4.29603982617748,15.295));
#6614=CARTESIAN_POINT('',(2.17947796049767,-3.69603982617748,15.295));
#6615=CARTESIAN_POINT('',(2.17947796049767,-4.89603982617748,15.295));
#6616=CARTESIAN_POINT('',(2.17947796049767,-4.29603982617748,15.295));
#6617=CARTESIAN_POINT('',(1.37947796049767,-4.89603982617748,15.295));
#6618=CARTESIAN_POINT('',(1.77947796049767,-4.89603982617748,15.295));
#6619=CARTESIAN_POINT('',(1.37947796049767,-3.69603982617748,15.295));
#6620=CARTESIAN_POINT('',(1.37947796049767,-4.29603982617748,15.295));
#6621=CARTESIAN_POINT('',(1.77947796049767,-3.69603982617748,15.295));
#6622=CARTESIAN_POINT('Origin',(1.77947796049767,-4.89603982617748,17.55));
#6623=CARTESIAN_POINT('',(1.37947796049767,-4.89603982617748,17.55));
#6624=CARTESIAN_POINT('',(2.17947796049767,-4.89603982617748,17.55));
#6625=CARTESIAN_POINT('Origin',(1.37947796049767,-4.29603982617748,17.55));
#6626=CARTESIAN_POINT('',(1.37947796049767,-3.69603982617748,17.55));
#6627=CARTESIAN_POINT('Origin',(1.77947796049767,-3.69603982617748,17.55));
#6628=CARTESIAN_POINT('',(2.17947796049767,-3.69603982617748,17.55));
#6629=CARTESIAN_POINT('Origin',(2.17947796049767,-4.29603982617748,17.55));
#6630=CARTESIAN_POINT('Origin',(3.28804653251744,-3.28804653251745,19.805));
#6631=CARTESIAN_POINT('',(3.68804653251744,-3.88804653251745,19.805));
#6632=CARTESIAN_POINT('',(3.68804653251744,-2.68804653251745,19.805));
#6633=CARTESIAN_POINT('',(3.68804653251744,-3.28804653251745,19.805));
#6634=CARTESIAN_POINT('',(2.88804653251744,-2.68804653251745,19.805));
#6635=CARTESIAN_POINT('',(3.28804653251744,-2.68804653251745,19.805));
#6636=CARTESIAN_POINT('',(2.88804653251744,-3.88804653251745,19.805));
#6637=CARTESIAN_POINT('',(2.88804653251744,-3.28804653251745,19.805));
#6638=CARTESIAN_POINT('',(3.28804653251744,-3.88804653251745,19.805));
#6639=CARTESIAN_POINT('Origin',(3.28804653251744,-3.28804653251745,15.295));
#6640=CARTESIAN_POINT('',(3.68804653251744,-2.68804653251745,15.295));
#6641=CARTESIAN_POINT('',(3.68804653251744,-3.88804653251745,15.295));
#6642=CARTESIAN_POINT('',(3.68804653251744,-3.28804653251745,15.295));
#6643=CARTESIAN_POINT('',(2.88804653251744,-3.88804653251745,15.295));
#6644=CARTESIAN_POINT('',(3.28804653251744,-3.88804653251745,15.295));
#6645=CARTESIAN_POINT('',(2.88804653251744,-2.68804653251745,15.295));
#6646=CARTESIAN_POINT('',(2.88804653251744,-3.28804653251745,15.295));
#6647=CARTESIAN_POINT('',(3.28804653251744,-2.68804653251745,15.295));
#6648=CARTESIAN_POINT('Origin',(3.28804653251744,-3.88804653251745,17.55));
#6649=CARTESIAN_POINT('',(2.88804653251744,-3.88804653251745,17.55));
#6650=CARTESIAN_POINT('',(3.68804653251744,-3.88804653251745,17.55));
#6651=CARTESIAN_POINT('Origin',(2.88804653251744,-3.28804653251745,17.55));
#6652=CARTESIAN_POINT('',(2.88804653251744,-2.68804653251745,17.55));
#6653=CARTESIAN_POINT('Origin',(3.28804653251744,-2.68804653251745,17.55));
#6654=CARTESIAN_POINT('',(3.68804653251744,-2.68804653251745,17.55));
#6655=CARTESIAN_POINT('Origin',(3.68804653251744,-3.28804653251745,17.55));
#6656=CARTESIAN_POINT('Origin',(4.29603982617748,-1.77947796049767,19.805));
#6657=CARTESIAN_POINT('',(4.69603982617748,-2.37947796049767,19.805));
#6658=CARTESIAN_POINT('',(4.69603982617748,-1.17947796049767,19.805));
#6659=CARTESIAN_POINT('',(4.69603982617748,-1.77947796049767,19.805));
#6660=CARTESIAN_POINT('',(3.89603982617748,-1.17947796049767,19.805));
#6661=CARTESIAN_POINT('',(4.29603982617748,-1.17947796049767,19.805));
#6662=CARTESIAN_POINT('',(3.89603982617748,-2.37947796049767,19.805));
#6663=CARTESIAN_POINT('',(3.89603982617748,-1.77947796049767,19.805));
#6664=CARTESIAN_POINT('',(4.29603982617748,-2.37947796049767,19.805));
#6665=CARTESIAN_POINT('Origin',(4.29603982617748,-1.77947796049767,15.295));
#6666=CARTESIAN_POINT('',(4.69603982617748,-1.17947796049767,15.295));
#6667=CARTESIAN_POINT('',(4.69603982617748,-2.37947796049767,15.295));
#6668=CARTESIAN_POINT('',(4.69603982617748,-1.77947796049767,15.295));
#6669=CARTESIAN_POINT('',(3.89603982617748,-2.37947796049767,15.295));
#6670=CARTESIAN_POINT('',(4.29603982617748,-2.37947796049767,15.295));
#6671=CARTESIAN_POINT('',(3.89603982617748,-1.17947796049767,15.295));
#6672=CARTESIAN_POINT('',(3.89603982617748,-1.77947796049767,15.295));
#6673=CARTESIAN_POINT('',(4.29603982617748,-1.17947796049767,15.295));
#6674=CARTESIAN_POINT('Origin',(4.29603982617748,-2.37947796049767,17.55));
#6675=CARTESIAN_POINT('',(3.89603982617748,-2.37947796049767,17.55));
#6676=CARTESIAN_POINT('',(4.69603982617748,-2.37947796049767,17.55));
#6677=CARTESIAN_POINT('Origin',(3.89603982617748,-1.77947796049767,17.55));
#6678=CARTESIAN_POINT('',(3.89603982617748,-1.17947796049767,17.55));
#6679=CARTESIAN_POINT('Origin',(4.29603982617748,-1.17947796049767,17.55));
#6680=CARTESIAN_POINT('',(4.69603982617748,-1.17947796049767,17.55));
#6681=CARTESIAN_POINT('Origin',(4.69603982617748,-1.77947796049767,17.55));
#6682=UNCERTAINTY_MEASURE_WITH_UNIT(LENGTH_MEASURE(0.01),#6686,
'DISTANCE_ACCURACY_VALUE',
'Maximum model space distance between geometric entities at asserted c
onnectivities');
#6683=UNCERTAINTY_MEASURE_WITH_UNIT(LENGTH_MEASURE(0.01),#6686,
'DISTANCE_ACCURACY_VALUE',
'Maximum model space distance between geometric entities at asserted c
onnectivities');
#6684=(
GEOMETRIC_REPRESENTATION_CONTEXT(3)
GLOBAL_UNCERTAINTY_ASSIGNED_CONTEXT((#6682))
GLOBAL_UNIT_ASSIGNED_CONTEXT((#6686,#6688,#6689))
REPRESENTATION_CONTEXT('','3D')
);
#6685=(
GEOMETRIC_REPRESENTATION_CONTEXT(3)
GLOBAL_UNCERTAINTY_ASSIGNED_CONTEXT((#6683))
GLOBAL_UNIT_ASSIGNED_CONTEXT((#6686,#6688,#6689))
REPRESENTATION_CONTEXT('','3D')
);
#6686=(
LENGTH_UNIT()
NAMED_UNIT(*)
SI_UNIT(.MILLI.,.METRE.)
);
#6687=(
LENGTH_UNIT()
NAMED_UNIT(*)
SI_UNIT($,.METRE.)
);
#6688=(
NAMED_UNIT(*)
PLANE_ANGLE_UNIT()
SI_UNIT($,.RADIAN.)
);
#6689=(
NAMED_UNIT(*)
SI_UNIT($,.STERADIAN.)
SOLID_ANGLE_UNIT()
);
#6690=SHAPE_DEFINITION_REPRESENTATION(#6691,#6692);
#6691=PRODUCT_DEFINITION_SHAPE('',$,#6694);
#6692=SHAPE_REPRESENTATION('',(#4158),#6684);
#6693=PRODUCT_DEFINITION_CONTEXT('part definition',#6698,'design');
#6694=PRODUCT_DEFINITION('(Unsaved)','(Unsaved)',#6695,#6693);
#6695=PRODUCT_DEFINITION_FORMATION('',$,#6700);
#6696=PRODUCT_RELATED_PRODUCT_CATEGORY('(Unsaved)','(Unsaved)',(#6700));
#6697=APPLICATION_PROTOCOL_DEFINITION('international standard',
'automotive_design',2009,#6698);
#6698=APPLICATION_CONTEXT(
'Core Data for Automotive Mechanical Design Process');
#6699=PRODUCT_CONTEXT('part definition',#6698,'mechanical');
#6700=PRODUCT('(Unsaved)','(Unsaved)',$,(#6699));
#6701=PRESENTATION_STYLE_ASSIGNMENT((#6702));
#6702=SURFACE_STYLE_USAGE(.BOTH.,#6703);
#6703=SURFACE_SIDE_STYLE('',(#6704));
#6704=SURFACE_STYLE_FILL_AREA(#6705);
#6705=FILL_AREA_STYLE('Steel - Satin',(#6706));
#6706=FILL_AREA_STYLE_COLOUR('Steel - Satin',#6707);
#6707=COLOUR_RGB('Steel - Satin',0.627450980392157,0.627450980392157,0.627450980392157);
ENDSEC;
END-ISO-10303-21;
